===== [2026-08-11 16:58:29] query='changeToGhost and 114073' range=最近 15 分钟 page=1 =====

===== [2026-08-11 16:58:58] query='changeToGhost and 114073' range=2026-08-08 01:50:25 ~ 2026-08-08 01:55:25 page=1 =====
[]    DEBUG    cellapp09 1000 800028  [2026-08-08 01:50:56 423] - Avatar::changeToGhost(): 114073, realCell=800001, spaceID=1720, position=(572.896,128.893,164.792).
[]    DEBUG    cellapp02 1000 800001  [2026-08-08 01:51:12 254] - Avatar::changeToGhost(): 114073, realCell=800005, spaceID=1710, position=(296.832,0.419343,248.537).
[]    DEBUG    cellapp37 1000 800005  [2026-08-08 01:53:38 345] - Avatar::changeToGhost(): 114073, realCell=800017, spaceID=367, position=(469.527,166.11,285.034).

===== [2026-08-11 16:59:07] query='114073' range=2026-08-08 01:50:25 ~ 2026-08-08 01:55:25 page=1 =====
[]   S_INFO    baseapp26 1000 700018  [2026-08-08 01:50:27 372] - [Avatar(114073-2815091080442290724)]:in baseUseItems: 54 30010003 1 114073
[]   S_INFO    cellapp09 1000 800028  [2026-08-08 01:50:27 423] - [Avatar(114073-2815091080442290724)]:doAction 5368377651712622604 30010003 114073
[]   S_INFO    baseapp26 1000 700018  [2026-08-08 01:50:32 373] - [Avatar(114073-2815091080442290724)]:in baseUseItems: 54 30010003 1 114073
[]   S_INFO    cellapp09 1000 800028  [2026-08-08 01:50:32 417] - [Avatar(114073-2815091080442290724)]:doAction 5368377823511314436 30010003 114073
[]   S_INFO    baseapp26 1000 700018  [2026-08-08 01:50:37 372] - [Avatar(114073-2815091080442290724)]:in baseUseItems: 54 30010003 1 114073
[]   S_INFO    cellapp09 1000 800028  [2026-08-08 01:50:37 426] - [Avatar(114073-2815091080442290724)]:doAction 5368377995310006277 30010003 114073
[]  WARNING    cellapp09 1000 800028  [2026-08-08 01:50:38 607] - Witness::update(114073): sendToClient 1566 Bytes.
debug:
entId18796288:212
entId18964609:204
entId24332682:196
entId25538031:191
entId81742820:105
entId81822833:105
entId81874598:111
entId81874744:111
entId81875120:106

[]   S_INFO    baseapp26 1000 700018  [2026-08-08 01:50:42 372] - [Avatar(114073-2815091080442290724)]:in baseUseItems: 54 30010003 1 114073
[]   S_INFO    cellapp09 1000 800028  [2026-08-08 01:50:42 416] - [Avatar(114073-2815091080442290724)]:doAction 5368378167108698121 30010003 114073
[]   S_INFO    baseapp26 1000 700018  [2026-08-08 01:50:47 373] - [Avatar(114073-2815091080442290724)]:in baseUseItems: 54 30010003 1 114073
[]   S_INFO    cellapp09 1000 800028  [2026-08-08 01:50:47 414] - [Avatar(114073-2815091080442290724)]:doAction 5368378338907389957 30010003 114073
[]   S_INFO    cellapp09 1000 800028  [2026-08-08 01:50:52 424] - [Avatar(114073-2815091080442290724)]:doAction 5368378510706081799 30010003 114073
[]   S_INFO    baseapp26 1000 700018  [2026-08-08 01:50:52 373] - [Avatar(114073-2815091080442290724)]:in baseUseItems: 54 30010003 1 114073
[]   S_INFO    baseapp15 1000 700012  [2026-08-08 01:50:56 386] - [WorldLineStub(76009)]:enterLine 114073 2815091080442290724 -1 {'fromLineNo': 1, 'telToMainCityWhenFull': False, 'mpFailCb': 'switchMapModeTransmitFail', 'mpFailCbArgs': (0,), 'isBase': False, 'position': (295.8668, 0.5394398, 276.222)} 0
[]    DEBUG    baseapp26 1000 700018  [2026-08-08 01:50:56 423] - Avatar::onMigrationCellappStart: 114073, sourceCellAppID=800028, targetCellappID=800001
[]    DEBUG    baseapp26 1000 700018  [2026-08-08 01:50:56 430] - Avatar::onMigrationCellappEnd: 114073, sourceCellAppID=800028, targetCellappID=800001
[]   S_INFO    baseapp15 1000 700012  [2026-08-08 01:50:56 431] - [WorldLineStub(76009)]:enterLineSuccess 1 114073 {'teamUUID': 0} 2815091080442290724
[]   S_INFO    baseapp16 1000 700029  [2026-08-08 01:50:56 431] - [WorldLineStub(80008)]:leaveLine Base id:114073, utype:52, component=baseapp[700018], addr: 172.22.70.251:57513. 2815091080442290724 10110001 0
[]     INFO    cellapp02 1000 800001  [2026-08-08 01:50:56 427] - EntityApp::createEntity: new Avatar 114073
[]   S_INFO    cellapp02 1000 800001  [2026-08-08 01:50:56 431] - [Avatar(114073-2815091080442290724)]:resetStateTeleport 114073 34
[]   S_INFO    cellapp02 1000 800001  [2026-08-08 01:50:56 431] - [WorldLineSpaceMgr(20098)]:IShowMapEntityType::onPlayerEnter 114073
[]    DEBUG    cellapp09 1000 800028  [2026-08-08 01:50:56 423] - Avatar::changeToGhost(): 114073, realCell=800001, spaceID=1720, position=(572.896,128.893,164.792).
[]   S_INFO    cellapp09 1000 800028  [2026-08-08 01:50:56 431] - [WorldLineSpaceMgr(36113)]:IShowMapEntityType::onPlayerLeave 2815091080442290724 114073
[]     INFO    cellapp09 1000 800028  [2026-08-08 01:50:56 513] - Avatar::~Avatar(): 114073
[]   S_INFO    cellapp02 1000 800001  [2026-08-08 01:50:57 253] - [Avatar(114073-2815091080442290724)]:doAction 5368378682504773635 30010003 114073
[]   S_INFO    baseapp26 1000 700018  [2026-08-08 01:50:57 247] - [Avatar(114073-2815091080442290724)]:in baseUseItems: 54 30010003 1 114073
[]   S_INFO    cellapp02 1000 800001  [2026-08-08 01:51:02 252] - [Avatar(114073-2815091080442290724)]:doAction 5368378854303465474 30010003 114073
[]   S_INFO    baseapp26 1000 700018  [2026-08-08 01:51:02 247] - [Avatar(114073-2815091080442290724)]:in baseUseItems: 54 30010003 1 114073
[]   S_INFO    cellapp02 1000 800001  [2026-08-08 01:51:07 252] - [Avatar(114073-2815091080442290724)]:doAction 5368379026102157317 30010003 114073
[]   S_INFO    baseapp26 1000 700018  [2026-08-08 01:51:07 247] - [Avatar(114073-2815091080442290724)]:in baseUseItems: 54 30010003 1 114073
[]     INFO    baseapp26 1000 700018  [2026-08-08 01:51:11 922] - Baseapp::onCellWriteToDBCompleted: Avatar(114073).
[]    DEBUG    baseapp26 1000 700018  [2026-08-08 01:51:12 254] - Avatar::onMigrationCellappStart: 114073, sourceCellAppID=800001, targetCellappID=800005
[]    DEBUG    baseapp26 1000 700018  [2026-08-08 01:51:12 261] - Avatar::onMigrationCellappEnd: 114073, sourceCellAppID=800001, targetCellappID=800005
[]   S_INFO    baseapp15 1000 700012  [2026-08-08 01:51:12 253] - [WorldLineStub(76012)]:enterLine 114073 2815091080442290724 -1 {'fromLineNo': 1, 'telToMainCityWhenFull': False, 'mpFailCb': 'transmitWithMapPointEnterFail', 'mpFailCbArgs': (1,), 'position': (427.2167, 148.9391, 520.3405)} 0
[]   S_INFO    baseapp15 1000 700012  [2026-08-08 01:51:12 263] - [WorldLineStub(76012)]:enterLineSuccess 0 114073 {'teamUUID': 0} 2815091080442290724
[]   S_INFO    baseapp15 1000 700012  [2026-08-08 01:51:12 263] - [WorldLineStub(76009)]:leaveLine Base id:114073, utype:52, component=baseapp[700018], addr: 172.22.70.251:57513. 2815091080442290724 10010001 0
[]    DEBUG    cellapp02 1000 800001  [2026-08-08 01:51:12 254] - Avatar::changeToGhost(): 114073, realCell=800005, spaceID=1710, position=(296.832,0.419343,248.537).
[]     INFO    cellapp37 1000 800005  [2026-08-08 01:51:12 258] - EntityApp::createEntity: new Avatar 114073
[]   S_INFO    cellapp37 1000 800005  [2026-08-08 01:51:12 262] - [Avatar(114073-2815091080442290724)]:resetStateTeleport 114073 34
[]   S_INFO    cellapp37 1000 800005  [2026-08-08 01:51:12 262] - [WorldLineSpaceMgr(128001)]:IShowMapEntityType::onPlayerEnter 114073
[]   S_INFO    cellapp02 1000 800001  [2026-08-08 01:51:12 262] - [WorldLineSpaceMgr(20098)]:IShowMapEntityType::onPlayerLeave 2815091080442290724 114073
[]     INFO    cellapp02 1000 800001  [2026-08-08 01:51:12 352] - Avatar::~Avatar(): 114073
[]   S_INFO    cellapp37 1000 800005  [2026-08-08 01:52:22 018] - [Monster(81845394)]:_useSkillBySkillObj: skill:91000278, tgt:114073, arr:[-0.26500239968299866, 0.0, 0.9642477035522461], False
[]   S_INFO    cellapp37 1000 800005  [2026-08-08 01:52:22 538] - [Avatar(114073-2815091080442290724)]:doAction 5368381603082534918 30010003 114073
[]   S_INFO    baseapp26 1000 700018  [2026-08-08 01:52:22 534] - [Avatar(114073-2815091080442290724)]:in baseUseItems: 54 30010003 1 114073
[]   S_INFO    cellapp37 1000 800005  [2026-08-08 01:52:24 637] - [Monster(81845447)]:_useSkillBySkillObj: skill:91000278, tgt:114073, arr:[0.4380777180194855, 0.0, -0.8989370465278625], False
[]   S_INFO    cellapp37 1000 800005  [2026-08-08 01:52:24 830] - [Monster(81845446)]:_useSkillBySkillObj: skill:91000279, tgt:114073, arr:[0.041326578706502914, 0.0, -0.9991456270217896], False
[]   S_INFO    cellapp37 1000 800005  [2026-08-08 01:52:24 831] - [Monster(81845106)]:_useSkillBySkillObj: skill:91000269, tgt:114073, arr:[0.5200968384742737, 0.0, -0.8541072607040405], False
[]   S_INFO    cellapp37 1000 800005  [2026-08-08 01:52:25 241] - [Monster(81845448)]:_useSkillBySkillObj: skill:91000278, tgt:114073, arr:[0.9578008055686951, 0.0, -0.2874329686164856], False
[]   S_INFO    cellapp37 1000 800005  [2026-08-08 01:52:25 718] - [Monster(81845089)]:_useSkillBySkillObj: skill:91000268, tgt:114073, arr:[0.9959185123443604, 0.0, -0.09025749564170837], False

===== [2026-08-11 17:01:48] query='114073' range=2026-08-08 01:50:25 ~ 2026-08-08 01:55:25 page=1 =====
[]   S_INFO    baseapp26 1000 700018  [2026-08-08 01:50:27 372] - [Avatar(114073-2815091080442290724)]:in baseUseItems: 54 30010003 1 114073
[]   S_INFO    cellapp09 1000 800028  [2026-08-08 01:50:27 423] - [Avatar(114073-2815091080442290724)]:doAction 5368377651712622604 30010003 114073
[]   S_INFO    baseapp26 1000 700018  [2026-08-08 01:50:32 373] - [Avatar(114073-2815091080442290724)]:in baseUseItems: 54 30010003 1 114073
[]   S_INFO    cellapp09 1000 800028  [2026-08-08 01:50:32 417] - [Avatar(114073-2815091080442290724)]:doAction 5368377823511314436 30010003 114073
[]   S_INFO    baseapp26 1000 700018  [2026-08-08 01:50:37 372] - [Avatar(114073-2815091080442290724)]:in baseUseItems: 54 30010003 1 114073
[]   S_INFO    cellapp09 1000 800028  [2026-08-08 01:50:37 426] - [Avatar(114073-2815091080442290724)]:doAction 5368377995310006277 30010003 114073
[]  WARNING    cellapp09 1000 800028  [2026-08-08 01:50:38 607] - Witness::update(114073): sendToClient 1566 Bytes.
debug:
entId18796288:212
entId18964609:204
entId24332682:196
entId25538031:191
entId81742820:105
entId81822833:105
entId81874598:111
entId81874744:111
entId81875120:106

[]   S_INFO    baseapp26 1000 700018  [2026-08-08 01:50:42 372] - [Avatar(114073-2815091080442290724)]:in baseUseItems: 54 30010003 1 114073
[]   S_INFO    cellapp09 1000 800028  [2026-08-08 01:50:42 416] - [Avatar(114073-2815091080442290724)]:doAction 5368378167108698121 30010003 114073
[]   S_INFO    baseapp26 1000 700018  [2026-08-08 01:50:47 373] - [Avatar(114073-2815091080442290724)]:in baseUseItems: 54 30010003 1 114073
[]   S_INFO    cellapp09 1000 800028  [2026-08-08 01:50:47 414] - [Avatar(114073-2815091080442290724)]:doAction 5368378338907389957 30010003 114073
[]   S_INFO    cellapp09 1000 800028  [2026-08-08 01:50:52 424] - [Avatar(114073-2815091080442290724)]:doAction 5368378510706081799 30010003 114073
[]   S_INFO    baseapp26 1000 700018  [2026-08-08 01:50:52 373] - [Avatar(114073-2815091080442290724)]:in baseUseItems: 54 30010003 1 114073
[]   S_INFO    baseapp15 1000 700012  [2026-08-08 01:50:56 386] - [WorldLineStub(76009)]:enterLine 114073 2815091080442290724 -1 {'fromLineNo': 1, 'telToMainCityWhenFull': False, 'mpFailCb': 'switchMapModeTransmitFail', 'mpFailCbArgs': (0,), 'isBase': False, 'position': (295.8668, 0.5394398, 276.222)} 0
[]    DEBUG    baseapp26 1000 700018  [2026-08-08 01:50:56 423] - Avatar::onMigrationCellappStart: 114073, sourceCellAppID=800028, targetCellappID=800001
[]    DEBUG    baseapp26 1000 700018  [2026-08-08 01:50:56 430] - Avatar::onMigrationCellappEnd: 114073, sourceCellAppID=800028, targetCellappID=800001
[]   S_INFO    baseapp15 1000 700012  [2026-08-08 01:50:56 431] - [WorldLineStub(76009)]:enterLineSuccess 1 114073 {'teamUUID': 0} 2815091080442290724
[]   S_INFO    baseapp16 1000 700029  [2026-08-08 01:50:56 431] - [WorldLineStub(80008)]:leaveLine Base id:114073, utype:52, component=baseapp[700018], addr: 172.22.70.251:57513. 2815091080442290724 10110001 0
[]     INFO    cellapp02 1000 800001  [2026-08-08 01:50:56 427] - EntityApp::createEntity: new Avatar 114073
[]   S_INFO    cellapp02 1000 800001  [2026-08-08 01:50:56 431] - [Avatar(114073-2815091080442290724)]:resetStateTeleport 114073 34
[]   S_INFO    cellapp02 1000 800001  [2026-08-08 01:50:56 431] - [WorldLineSpaceMgr(20098)]:IShowMapEntityType::onPlayerEnter 114073
[]    DEBUG    cellapp09 1000 800028  [2026-08-08 01:50:56 423] - Avatar::changeToGhost(): 114073, realCell=800001, spaceID=1720, position=(572.896,128.893,164.792).
[]   S_INFO    cellapp09 1000 800028  [2026-08-08 01:50:56 431] - [WorldLineSpaceMgr(36113)]:IShowMapEntityType::onPlayerLeave 2815091080442290724 114073
[]     INFO    cellapp09 1000 800028  [2026-08-08 01:50:56 513] - Avatar::~Avatar(): 114073
[]   S_INFO    cellapp02 1000 800001  [2026-08-08 01:50:57 253] - [Avatar(114073-2815091080442290724)]:doAction 5368378682504773635 30010003 114073
[]   S_INFO    baseapp26 1000 700018  [2026-08-08 01:50:57 247] - [Avatar(114073-2815091080442290724)]:in baseUseItems: 54 30010003 1 114073
[]   S_INFO    cellapp02 1000 800001  [2026-08-08 01:51:02 252] - [Avatar(114073-2815091080442290724)]:doAction 5368378854303465474 30010003 114073
[]   S_INFO    baseapp26 1000 700018  [2026-08-08 01:51:02 247] - [Avatar(114073-2815091080442290724)]:in baseUseItems: 54 30010003 1 114073
[]   S_INFO    cellapp02 1000 800001  [2026-08-08 01:51:07 252] - [Avatar(114073-2815091080442290724)]:doAction 5368379026102157317 30010003 114073
[]   S_INFO    baseapp26 1000 700018  [2026-08-08 01:51:07 247] - [Avatar(114073-2815091080442290724)]:in baseUseItems: 54 30010003 1 114073
[]     INFO    baseapp26 1000 700018  [2026-08-08 01:51:11 922] - Baseapp::onCellWriteToDBCompleted: Avatar(114073).
[]    DEBUG    baseapp26 1000 700018  [2026-08-08 01:51:12 254] - Avatar::onMigrationCellappStart: 114073, sourceCellAppID=800001, targetCellappID=800005
[]    DEBUG    baseapp26 1000 700018  [2026-08-08 01:51:12 261] - Avatar::onMigrationCellappEnd: 114073, sourceCellAppID=800001, targetCellappID=800005
[]   S_INFO    baseapp15 1000 700012  [2026-08-08 01:51:12 253] - [WorldLineStub(76012)]:enterLine 114073 2815091080442290724 -1 {'fromLineNo': 1, 'telToMainCityWhenFull': False, 'mpFailCb': 'transmitWithMapPointEnterFail', 'mpFailCbArgs': (1,), 'position': (427.2167, 148.9391, 520.3405)} 0
[]   S_INFO    baseapp15 1000 700012  [2026-08-08 01:51:12 263] - [WorldLineStub(76012)]:enterLineSuccess 0 114073 {'teamUUID': 0} 2815091080442290724
[]   S_INFO    baseapp15 1000 700012  [2026-08-08 01:51:12 263] - [WorldLineStub(76009)]:leaveLine Base id:114073, utype:52, component=baseapp[700018], addr: 172.22.70.251:57513. 2815091080442290724 10010001 0
[]    DEBUG    cellapp02 1000 800001  [2026-08-08 01:51:12 254] - Avatar::changeToGhost(): 114073, realCell=800005, spaceID=1710, position=(296.832,0.419343,248.537).
[]     INFO    cellapp37 1000 800005  [2026-08-08 01:51:12 258] - EntityApp::createEntity: new Avatar 114073
[]   S_INFO    cellapp37 1000 800005  [2026-08-08 01:51:12 262] - [Avatar(114073-2815091080442290724)]:resetStateTeleport 114073 34
[]   S_INFO    cellapp37 1000 800005  [2026-08-08 01:51:12 262] - [WorldLineSpaceMgr(128001)]:IShowMapEntityType::onPlayerEnter 114073
[]   S_INFO    cellapp02 1000 800001  [2026-08-08 01:51:12 262] - [WorldLineSpaceMgr(20098)]:IShowMapEntityType::onPlayerLeave 2815091080442290724 114073
[]     INFO    cellapp02 1000 800001  [2026-08-08 01:51:12 352] - Avatar::~Avatar(): 114073
[]   S_INFO    cellapp37 1000 800005  [2026-08-08 01:52:22 018] - [Monster(81845394)]:_useSkillBySkillObj: skill:91000278, tgt:114073, arr:[-0.26500239968299866, 0.0, 0.9642477035522461], False
[]   S_INFO    cellapp37 1000 800005  [2026-08-08 01:52:22 538] - [Avatar(114073-2815091080442290724)]:doAction 5368381603082534918 30010003 114073
[]   S_INFO    baseapp26 1000 700018  [2026-08-08 01:52:22 534] - [Avatar(114073-2815091080442290724)]:in baseUseItems: 54 30010003 1 114073
[]   S_INFO    cellapp37 1000 800005  [2026-08-08 01:52:24 637] - [Monster(81845447)]:_useSkillBySkillObj: skill:91000278, tgt:114073, arr:[0.4380777180194855, 0.0, -0.8989370465278625], False
[]   S_INFO    cellapp37 1000 800005  [2026-08-08 01:52:24 830] - [Monster(81845446)]:_useSkillBySkillObj: skill:91000279, tgt:114073, arr:[0.041326578706502914, 0.0, -0.9991456270217896], False
[]   S_INFO    cellapp37 1000 800005  [2026-08-08 01:52:24 831] - [Monster(81845106)]:_useSkillBySkillObj: skill:91000269, tgt:114073, arr:[0.5200968384742737, 0.0, -0.8541072607040405], False
[]   S_INFO    cellapp37 1000 800005  [2026-08-08 01:52:25 241] - [Monster(81845448)]:_useSkillBySkillObj: skill:91000278, tgt:114073, arr:[0.9578008055686951, 0.0, -0.2874329686164856], False
[]   S_INFO    cellapp37 1000 800005  [2026-08-08 01:52:25 718] - [Monster(81845089)]:_useSkillBySkillObj: skill:91000268, tgt:114073, arr:[0.9959185123443604, 0.0, -0.09025749564170837], False
[]   S_INFO    cellapp37 1000 800005  [2026-08-08 01:52:26 719] - [Monster(81770617)]:_useSkillBySkillObj: skill:91000279, tgt:114073, arr:[-0.963232696056366, 0.0, 0.2686682939529419], False
[]   S_INFO    cellapp37 1000 800005  [2026-08-08 01:52:26 740] - [Monster(81770612)]:_useSkillBySkillObj: skill:91000268, tgt:114073, arr:[0.3655071556568146, 0.0, -0.9308085441589355], False
[]   S_INFO    cellapp37 1000 800005  [2026-08-08 01:52:26 836] - [Monster(81770591)]:_useSkillBySkillObj: skill:91000279, tgt:114073, arr:[0.6598537564277649, 0.0, -0.7513940334320068], False
[]   S_INFO    cellapp37 1000 800005  [2026-08-08 01:52:26 837] - [Monster(81845398)]:_useSkillBySkillObj: skill:91000278, tgt:114073, arr:[0.9999646544456482, 0.0, 0.008410580456256866], False
[]   S_INFO    cellapp37 1000 800005  [2026-08-08 01:52:26 838] - [Monster(81845400)]:_useSkillBySkillObj: skill:91000269, tgt:114073, arr:[0.9101004004478455, 0.0, -0.41438785195350647], False
[]   S_INFO    cellapp37 1000 800005  [2026-08-08 01:52:26 237] - [Monster(81770731)]:_useSkillBySkillObj: skill:91000279, tgt:114073, arr:[-0.9879501461982727, 0.0, 0.15477225184440613], False
[]   S_INFO    cellapp37 1000 800005  [2026-08-08 01:52:27 039] - [Monster(81845397)]:_useSkillBySkillObj: skill:91000278, tgt:114073, arr:[0.8650426268577576, 0.0, -0.5016984343528748], False
[]   S_INFO    cellapp37 1000 800005  [2026-08-08 01:52:27 243] - [Monster(81770647)]:_useSkillBySkillObj: skill:91000268, tgt:114073, arr:[0.6691312193870544, 0.0, 0.7431442737579346], False
[]   S_INFO    cellapp37 1000 800005  [2026-08-08 01:52:27 244] - [Monster(81845410)]:_useSkillBySkillObj: skill:91000268, tgt:114073, arr:[0.1049552783370018, 0.0, 0.9944769144058228], False
[]   S_INFO    cellapp37 1000 800005  [2026-08-08 01:52:27 535] - [Monster(81845448)]:_useSkillBySkillObj: skill:91000279, tgt:114073, arr:[0.9396535158157349, 0.0, 0.34212762117385864], False
[]   S_INFO    cellapp37 1000 800005  [2026-08-08 01:52:27 536] - [Monster(81845394)]:_useSkillBySkillObj: skill:91000279, tgt:114073, arr:[0.9678001403808594, 0.0, -0.2517199218273163], False
[]   S_INFO    cellapp37 1000 800005  [2026-08-08 01:52:27 745] - [Avatar(114073-2815091080442290724)]:doAction 5368381774881226757 30010003 114073
[]   S_INFO    cellapp37 1000 800005  [2026-08-08 01:52:27 837] - [Avatar(114073-2815091080442290724)]:doAction 5368381774881226758 30010004 114073
[]   S_INFO    baseapp26 1000 700018  [2026-08-08 01:52:27 740] - [Avatar(114073-2815091080442290724)]:in baseUseItems: 54 30010003 1 114073
[]   S_INFO    baseapp26 1000 700018  [2026-08-08 01:52:27 833] - [Avatar(114073-2815091080442290724)]:in baseUseItems: 56 30010004 1 114073
[]   S_INFO    cellapp37 1000 800005  [2026-08-08 01:52:27 941] - [Monster(81845447)]:_useSkillBySkillObj: skill:91000279, tgt:114073, arr:[0.4742681682109833, 0.0, 0.8803804516792297], False
[]   S_INFO    cellapp37 1000 800005  [2026-08-08 01:52:28 619] - [Monster(81770731)]:_useSkillBySkillObj: skill:91000278, tgt:114073, arr:[-0.40134066343307495, 0.0, 0.915928840637207], False
[]   S_INFO    cellapp37 1000 800005  [2026-08-08 01:52:28 121] - [Monster(81845446)]:_useSkillBySkillObj: skill:91000278, tgt:114073, arr:[0.7073548436164856, 0.0, 0.7068586945533752], False
[]   S_INFO    cellapp37 1000 800005  [2026-08-08 01:52:28 319] - [Monster(81845398)]:_useSkillBySkillObj: skill:91000279, tgt:114073, arr:[0.9999646544456482, 0.0, 0.008410580456256866], False
[]   S_INFO    cellapp37 1000 800005  [2026-08-08 01:52:29 218] - [Monster(81845397)]:_useSkillBySkillObj: skill:91000279, tgt:114073, arr:[0.8650426268577576, 0.0, -0.5016984343528748], False
[]   S_INFO    cellapp37 1000 800005  [2026-08-08 01:52:29 232] - [Monster(81845106)]:_useSkillBySkillObj: skill:91000268, tgt:114073, arr:[-0.9205041527748108, 0.0, 0.3907328248023987], False
[]   S_INFO    cellapp37 1000 800005  [2026-08-08 01:52:29 320] - [Monster(81845400)]:_useSkillBySkillObj: skill:91000268, tgt:114073, arr:[0.9101004004478455, 0.0, -0.41438785195350647], False
[]   S_INFO    cellapp37 1000 800005  [2026-08-08 01:52:29 819] - [Monster(81770612)]:_useSkillBySkillObj: skill:91000269, tgt:114073, arr:[0.3655071556568146, 0.0, -0.9308085441589355], False
[]   S_INFO    cellapp37 1000 800005  [2026-08-08 01:52:29 918] - [Monster(81770591)]:_useSkillBySkillObj: skill:91000278, tgt:114073, arr:[0.6598537564277649, 0.0, -0.7513940334320068], False
[]   S_INFO    cellapp37 1000 800005  [2026-08-08 01:52:29 720] - [Monster(81770617)]:_useSkillBySkillObj: skill:91000278, tgt:114073, arr:[-0.963232696056366, 0.0, 0.2686682939529419], False
[]   S_INFO    cellapp37 1000 800005  [2026-08-08 01:52:29 720] - [Monster(81770647)]:_useSkillBySkillObj: skill:91000269, tgt:114073, arr:[0.6691312193870544, 0.0, 0.7431442737579346], False
[]   S_INFO    cellapp37 1000 800005  [2026-08-08 01:52:29 721] - [Monster(81845089)]:_useSkillBySkillObj: skill:91000269, tgt:114073, arr:[0.9965801239013672, 0.0, -0.08263230323791504], False
[]   S_INFO    cellapp37 1000 800005  [2026-08-08 01:52:30 018] - [Monster(81845394)]:_useSkillBySkillObj: skill:91000278, tgt:114073, arr:[0.9678001403808594, 0.0, -0.2517199218273163], False
[]   S_INFO    cellapp37 1000 800005  [2026-08-08 01:52:30 019] - [Monster(81845410)]:_useSkillBySkillObj: skill:91000269, tgt:114073, arr:[0.1049552783370018, 0.0, 0.9944769144058228], False
[]   S_INFO    cellapp37 1000 800005  [2026-08-08 01:52:30 719] - [Monster(81845447)]:_useSkillBySkillObj: skill:91000278, tgt:114073, arr:[0.4742681682109833, 0.0, 0.8803804516792297], False
[]   S_INFO    cellapp37 1000 800005  [2026-08-08 01:52:30 719] - [Monster(81845448)]:_useSkillBySkillObj: skill:91000278, tgt:114073, arr:[0.9396535158157349, 0.0, 0.34212762117385864], False
[]   S_INFO    cellapp37 1000 800005  [2026-08-08 01:52:30 121] - [Monster(81845446)]:_useSkillBySkillObj: skill:91000279, tgt:114073, arr:[0.7073548436164856, 0.0, 0.7068586945533752], False
[]   S_INFO    cellapp37 1000 800005  [2026-08-08 01:52:31 621] - [Monster(81770731)]:_useSkillBySkillObj: skill:91000279, tgt:114073, arr:[-0.40134066343307495, 0.0, 0.915928840637207], False
[]   S_INFO    cellapp37 1000 800005  [2026-08-08 01:52:31 721] - [Monster(81770617)]:_useSkillBySkillObj: skill:91000279, tgt:114073, arr:[-0.963232696056366, 0.0, 0.2686682939529419], False
[]   S_WARN    cellapp37 1000 800005  [2026-08-08 01:52:31 730] - [Monster(81770617)]:goDie 114073 1 90010015 False
[]   S_WARN    cellapp37 1000 800005  [2026-08-08 01:52:31 730] - [Monster(81770731)]:goDie 114073 1 90010015 False
[]   S_INFO    cellapp37 1000 800005  [2026-08-08 01:52:31 920] - [Monster(81770591)]:_useSkillBySkillObj: skill:91000279, tgt:114073, arr:[0.6598537564277649, 0.0, -0.7513940334320068], False
[]   S_INFO    baseapp26 1000 700018  [2026-08-08 01:52:32 116] - [Avatar(114073-2815091080442290724)]:in baseUseItems: 54 30010003 1 114073
[]   S_INFO    cellapp37 1000 800005  [2026-08-08 01:52:32 419] - [Monster(81845106)]:_useSkillBySkillObj: skill:91000269, tgt:114073, arr:[-0.9205041527748108, 0.0, 0.3907328248023987], False
[]   S_WARN    cellapp37 1000 800005  [2026-08-08 01:52:32 531] - [Monster(81845397)]:goDie 114073 1 90010041 False
[]   S_WARN    cellapp37 1000 800005  [2026-08-08 01:52:32 541] - [Monster(81770612)]:goDie 114073 1 90010050 False
[]   S_WARN    cellapp37 1000 800005  [2026-08-08 01:52:32 542] - [Monster(81845400)]:goDie 114073 1 90010050 False
[]   S_WARN    cellapp37 1000 800005  [2026-08-08 01:52:32 542] - [Monster(81845410)]:goDie 114073 1 90010050 False
[]   S_WARN    cellapp37 1000 800005  [2026-08-08 01:52:32 543] - [Monster(81770591)]:goDie 114073 1 90010050 False
[]   S_INFO    cellapp37 1000 800005  [2026-08-08 01:52:32 142] - [Avatar(114073-2815091080442290724)]:doAction 5368381946679918596 30010003 114073
[]   S_WARN    cellapp37 1000 800005  [2026-08-08 01:52:33 023] - [Monster(81845089)]:goDie 114073 1 90010041 False
[]   S_INFO    cellapp37 1000 800005  [2026-08-08 01:52:33 139] - [Avatar(114073-2815091080442290724)]:doAction 5368381981039656963 30010004 114073
[]   S_INFO    baseapp26 1000 700018  [2026-08-08 01:52:33 117] - [Avatar(114073-2815091080442290724)]:in baseUseItems: 56 30010004 1 114073
[]   S_WARN    cellapp37 1000 800005  [2026-08-08 01:52:33 526] - [Monster(81845106)]:goDie 114073 1 90010041 False
[]   S_INFO    baseapp26 1000 700018  [2026-08-08 01:52:35 718] - [Avatar(114073-2815091080442290724)]:in onTimeAddAward, self.dropAwardInfoDict: {5368381912321097747: [{'awardVal': {'exp': {'itemId': 30000003, 'configName': 'exp', 'data': 0}, 'coin': {'itemId': 30000002, 'configName': 'coin', 'data': 0}, 'money': {'itemId': 30000001, 'configName': 'money', 'data': 0}, 'darkIron': {'itemId': 30000013, 'configName': 'darkIron', 'data': 0}, 'guildContrib': {'itemId': 30000005, 'configName': 'guildContrib', 'data': 0}, 'guildMoney': {'itemId': 30000006, 'configName': 'guildMoney', 'data': 0}, 'guildFund': {'itemId': 30000007, 'configName': 'guildFund', 'data': 0}, 'guildExp': {'itemId': 30000008, 'configName': 'guildExp', 'data': 0}, 'bindMoney': {'itemId': 30000021, 'configName': 'boundMoney', 'data': 0}, 'appearanceCoin': {'itemId': 30000242, 'configName': 'appearanceCoin', 'data': 0}, 'guildCommission': {'itemId': 30000023, 'configName': 'guildCommission', 'data': 0}, 'petItemWealth': {'data': {}, 'itemsObjs': []}, 'itemWealth': {'data': {}, 'itemsObjs': []}, 'titleWealth': {'data': []}, 'fightProps': {'data': []}}, 'opUUID': 5368381912321097747, 'srcType': 1, 'detail': {'monsterId': 11226114, 'spaceNo': 19060000}, 'equipList': [], 'petItemList': [], 'awardCtx': {'level': 31, 'srcEntId': 81770617, 'args': {'avatarLv': 38, 'lv': 31, 'factor': 1.5, 'avatarSex': 2}, 'extra': {'eventTipId': 11226114, 'monsterId': 11226114, 'monsterSpaceNo': 19060000, 'activityId': 0, 'srcType': 1, 'opUUID': 5368381912321097747, 'detail': {'monsterId': 11226114,
more...+
1.5, 'avatarSex': 2}, 'extra': {'eventTipId': 11226114, 'monsterId': 11226114, 'monsterSpaceNo': 19060000, 'activityId': 0, 'srcType': 1, 'opUUID': 5368382049760051200, 'detail': {'monsterId': 11226114, 'spaceNo': 19060000}, 'additionProps': {'copper': 0.20749999582767487}, 'school': 1001, 'awardId': 40040531, 'avatarGbId': 2815091080442290724, 'avatarId': 114073, 'isMonthCardExpired': False, 'isBigMonthCardExpired': False, 'avatarScoreRank': 162, 'isCrossServer': False, 'avatarName': '谷雪雨'}}}]}
[]   S_INFO    baseapp26 1000 700018  [2026-08-08 01:52:35 718] - [Avatar(114073-2815091080442290724)]:in onTimeAddAward, self.dropAwardInfoDict: {5368381912321097748: [{'awardVal': {'exp': {'itemId': 30000003, 'configName': 'exp', 'data': 0}, 'coin': {'itemId': 30000002, 'configName': 'coin', 'data': 0}, 'money': {'itemId': 30000001, 'configName': 'money', 'data': 0}, 'darkIron': {'itemId': 30000013, 'configName': 'darkIron', 'data': 0}, 'guildContrib': {'itemId': 30000005, 'configName': 'guildContrib', 'data': 0}, 'guildMoney': {'itemId': 30000006, 'configName': 'guildMoney', 'data': 0}, 'guildFund': {'itemId': 30000007, 'configName': 'guildFund', 'data': 0}, 'guildExp': {'itemId': 30000008, 'configName': 'guildExp', 'data': 0}, 'bindMoney': {'itemId': 30000021, 'configName': 'boundMoney', 'data': 0}, 'appearanceCoin': {'itemId': 30000242, 'configName': 'appearanceCoin', 'data': 0}, 'guildCommission': {'itemId': 30000023, 'configName': 'guildCommission', 'data': 0}, 'petItemWealth': {'data': {}, 'itemsObjs': []}, 'itemWealth': {'data': {}, 'itemsObjs': []}, 'titleWealth': {'data': []}, 'fightProps': {'data': []}}, 'opUUID': 5368381912321097748, 'srcType': 1, 'detail': {'monsterId': 11226114, 'spaceNo': 19060000}, 'equipList': [], 'petItemList': [], 'awardCtx': {'level': 31, 'srcEntId': 81770731, 'args': {'avatarLv': 38, 'lv': 31, 'factor': 1.5, 'avatarSex': 2}, 'extra': {'eventTipId': 11226114, 'monsterId': 11226114, 'monsterSpaceNo': 19060000, 'activityId': 0, 'srcType': 1, 'opUUID': 5368381912321097748, 'detail': {'monsterId': 11226114,
more...+
1.5, 'avatarSex': 2}, 'extra': {'eventTipId': 11226114, 'monsterId': 11226114, 'monsterSpaceNo': 19060000, 'activityId': 0, 'srcType': 1, 'opUUID': 5368382049760051200, 'detail': {'monsterId': 11226114, 'spaceNo': 19060000}, 'additionProps': {'copper': 0.20749999582767487}, 'school': 1001, 'awardId': 40040531, 'avatarGbId': 2815091080442290724, 'avatarId': 114073, 'isMonthCardExpired': False, 'isBigMonthCardExpired': False, 'avatarScoreRank': 162, 'isCrossServer': False, 'avatarName': '谷雪雨'}}}]}
[]   S_WARN    cellapp37 1000 800005  [2026-08-08 01:52:35 030] - [Monster(81845157)]:goDie 114073 1 90010021 False
[]   S_INFO    cellapp37 1000 800005  [2026-08-08 01:52:36 042] - [Monster(81845156)]:_useSkillBySkillObj: skill:91000279, tgt:114073, arr:[0.3063867390155792, 0.0, 0.9519071578979492], False
[]   S_WARN    cellapp37 1000 800005  [2026-08-08 01:52:36 325] - [Monster(81845193)]:goDie 114073 1 90010045 False
[]   S_WARN    cellapp37 1000 800005  [2026-08-08 01:52:36 326] - [Monster(81845194)]:goDie 114073 1 90010045 False
[]   S_INFO    baseapp26 1000 700018  [2026-08-08 01:52:36 518] - [Avatar(114073-2815091080442290724)]:in onTimeAddAward, self.dropAwardInfoDict: {5368381946680836106: [{'awardVal': {'exp': {'itemId': 30000003, 'configName': 'exp', 'data': 0}, 'coin': {'itemId': 30000002, 'configName': 'coin', 'data': 0}, 'money': {'itemId': 30000001, 'configName': 'money', 'data': 0}, 'darkIron': {'itemId': 30000013, 'configName': 'darkIron', 'data': 0}, 'guildContrib': {'itemId': 30000005, 'configName': 'guildContrib', 'data': 0}, 'guildMoney': {'itemId': 30000006, 'configName': 'guildMoney', 'data': 0}, 'guildFund': {'itemId': 30000007, 'configName': 'guildFund', 'data': 0}, 'guildExp': {'itemId': 30000008, 'configName': 'guildExp', 'data': 0}, 'bindMoney': {'itemId': 30000021, 'configName': 'boundMoney', 'data': 0}, 'appearanceCoin': {'itemId': 30000242, 'configName': 'appearanceCoin', 'data': 0}, 'guildCommission': {'itemId': 30000023, 'configName': 'guildCommission', 'data': 0}, 'petItemWealth': {'data': {}, 'itemsObjs': []}, 'itemWealth': {'data': {}, 'itemsObjs': []}, 'titleWealth': {'data': []}, 'fightProps': {'data': []}}, 'opUUID': 5368381946680836106, 'srcType': 1, 'detail': {'monsterId': 11226114, 'spaceNo': 19060000}, 'equipList': [], 'petItemList': [], 'awardCtx': {'level': 31, 'srcEntId': 81845397, 'args': {'avatarLv': 38, 'lv': 31, 'factor': 1.5, 'avatarSex': 2}, 'extra': {'eventTipId': 11226114, 'monsterId': 11226114, 'monsterSpaceNo': 19060000, 'activityId': 0, 'srcType': 1, 'opUUID': 5368381946680836106, 'detail': {'monsterId': 11226114,
more...+
1.5, 'avatarSex': 2}, 'extra': {'eventTipId': 11226112, 'monsterId': 11226112, 'monsterSpaceNo': 19060000, 'activityId': 0, 'srcType': 1, 'opUUID': 5368382084119789575, 'detail': {'monsterId': 11226112, 'spaceNo': 19060000}, 'additionProps': {'copper': 0.20749999582767487}, 'school': 1001, 'awardId': 40044031, 'avatarGbId': 2815091080442290724, 'avatarId': 114073, 'isMonthCardExpired': False, 'isBigMonthCardExpired': False, 'avatarScoreRank': 162, 'isCrossServer': False, 'avatarName': '谷雪雨'}}}]}
[]   S_INFO    baseapp26 1000 700018  [2026-08-08 01:52:36 518] - [Avatar(114073-2815091080442290724)]:in onTimeAddAward, self.dropAwardInfoDict: {5368381946680836108: [{'awardVal': {'exp': {'itemId': 30000003, 'configName': 'exp', 'data': 0}, 'coin': {'itemId': 30000002, 'configName': 'coin', 'data': 0}, 'money': {'itemId': 30000001, 'configName': 'money', 'data': 0}, 'darkIron': {'itemId': 30000013, 'configName': 'darkIron', 'data': 0}, 'guildContrib': {'itemId': 30000005, 'configName': 'guildContrib', 'data': 0}, 'guildMoney': {'itemId': 30000006, 'configName': 'guildMoney', 'data': 0}, 'guildFund': {'itemId': 30000007, 'configName': 'guildFund', 'data': 0}, 'guildExp': {'itemId': 30000008, 'configName': 'guildExp', 'data': 0}, 'bindMoney': {'itemId': 30000021, 'configName': 'boundMoney', 'data': 0}, 'appearanceCoin': {'itemId': 30000242, 'configName': 'appearanceCoin', 'data': 0}, 'guildCommission': {'itemId': 30000023, 'configName': 'guildCommission', 'data': 0}, 'petItemWealth': {'data': {}, 'itemsObjs': []}, 'itemWealth': {'data': {30000264: {0: 1}}, 'itemsObjs': []}, 'titleWealth': {'data': []}, 'fightProps': {'data': []}}, 'opUUID': 5368381946680836108, 'srcType': 1, 'detail': {'monsterId': 11226112, 'spaceNo': 19060000}, 'equipList': [], 'petItemList': [], 'awardCtx': {'level': 31, 'srcEntId': 81770612, 'args': {'avatarLv': 38, 'lv': 31, 'factor': 1.5, 'avatarSex': 2}, 'extra': {'eventTipId': 11226112, 'monsterId': 11226112, 'monsterSpaceNo': 19060000, 'activityId': 0, 'srcType': 1, 'opUUID': 5368381946680836108, 'detail': {'monst
more...+
1.5, 'avatarSex': 2}, 'extra': {'eventTipId': 11226112, 'monsterId': 11226112, 'monsterSpaceNo': 19060000, 'activityId': 0, 'srcType': 1, 'opUUID': 5368382084119789575, 'detail': {'monsterId': 11226112, 'spaceNo': 19060000}, 'additionProps': {'copper': 0.20749999582767487}, 'school': 1001, 'awardId': 40044031, 'avatarGbId': 2815091080442290724, 'avatarId': 114073, 'isMonthCardExpired': False, 'isBigMonthCardExpired': False, 'avatarScoreRank': 162, 'isCrossServer': False, 'avatarName': '谷雪雨'}}}]}
[]   S_INFO    baseapp26 1000 700018  [2026-08-08 01:52:36 519] - [Avatar(114073-2815091080442290724)]:in onTimeAddAward, self.dropAwardInfoDict: {5368381946680836109: [{'awardVal': {'exp': {'itemId': 30000003, 'configName': 'exp', 'data': 0}, 'coin': {'itemId': 30000002, 'configName': 'coin', 'data': 0}, 'money': {'itemId': 30000001, 'configName': 'money', 'data': 0}, 'darkIron': {'itemId': 30000013, 'configName': 'darkIron', 'data': 0}, 'guildContrib': {'itemId': 30000005, 'configName': 'guildContrib', 'data': 0}, 'guildMoney': {'itemId': 30000006, 'configName': 'guildMoney', 'data': 0}, 'guildFund': {'itemId': 30000007, 'configName': 'guildFund', 'data': 0}, 'guildExp': {'itemId': 30000008, 'configName': 'guildExp', 'data': 0}, 'bindMoney': {'itemId': 30000021, 'configName': 'boundMoney', 'data': 0}, 'appearanceCoin': {'itemId': 30000242, 'configName': 'appearanceCoin', 'data': 0}, 'guildCommission': {'itemId': 30000023, 'configName': 'guildCommission', 'data': 0}, 'petItemWealth': {'data': {}, 'itemsObjs': []}, 'itemWealth': {'data': {}, 'itemsObjs': []}, 'titleWealth': {'data': []}, 'fightProps': {'data': []}}, 'opUUID': 5368381946680836109, 'srcType': 1, 'detail': {'monsterId': 11226112, 'spaceNo': 19060000}, 'equipList': [], 'petItemList': [], 'awardCtx': {'level': 31, 'srcEntId': 81845400, 'args': {'avatarLv': 38, 'lv': 31, 'factor': 1.5, 'avatarSex': 2}, 'extra': {'eventTipId': 11226112, 'monsterId': 11226112, 'monsterSpaceNo': 19060000, 'activityId': 0, 'srcType': 1, 'opUUID': 5368381946680836109, 'detail': {'monsterId': 11226112,
more...+
1.5, 'avatarSex': 2}, 'extra': {'eventTipId': 11226112, 'monsterId': 11226112, 'monsterSpaceNo': 19060000, 'activityId': 0, 'srcType': 1, 'opUUID': 5368382084119789575, 'detail': {'monsterId': 11226112, 'spaceNo': 19060000}, 'additionProps': {'copper': 0.20749999582767487}, 'school': 1001, 'awardId': 40044031, 'avatarGbId': 2815091080442290724, 'avatarId': 114073, 'isMonthCardExpired': False, 'isBigMonthCardExpired': False, 'avatarScoreRank': 162, 'isCrossServer': False, 'avatarName': '谷雪雨'}}}]}
[]   S_INFO    baseapp26 1000 700018  [2026-08-08 01:52:36 519] - [Avatar(114073-2815091080442290724)]:in onTimeAddAward, self.dropAwardInfoDict: {5368381946680836110: [{'awardVal': {'exp': {'itemId': 30000003, 'configName': 'exp', 'data': 0}, 'coin': {'itemId': 30000002, 'configName': 'coin', 'data': 70}, 'money': {'itemId': 30000001, 'configName': 'money', 'data': 0}, 'darkIron': {'itemId': 30000013, 'configName': 'darkIron', 'data': 0}, 'guildContrib': {'itemId': 30000005, 'configName': 'guildContrib', 'data': 0}, 'guildMoney': {'itemId': 30000006, 'configName': 'guildMoney', 'data': 0}, 'guildFund': {'itemId': 30000007, 'configName': 'guildFund', 'data': 0}, 'guildExp': {'itemId': 30000008, 'configName': 'guildExp', 'data': 0}, 'bindMoney': {'itemId': 30000021, 'configName': 'boundMoney', 'data': 0}, 'appearanceCoin': {'itemId': 30000242, 'configName': 'appearanceCoin', 'data': 0}, 'guildCommission': {'itemId': 30000023, 'configName': 'guildCommission', 'data': 0}, 'petItemWealth': {'data': {}, 'itemsObjs': []}, 'itemWealth': {'data': {}, 'itemsObjs': []}, 'titleWealth': {'data': []}, 'fightProps': {'data': []}}, 'opUUID': 5368381946680836110, 'srcType': 1, 'detail': {'monsterId': 11226112, 'spaceNo': 19060000}, 'equipList': [], 'petItemList': [], 'awardCtx': {'level': 31, 'srcEntId': 81845410, 'args': {'avatarLv': 38, 'lv': 31, 'factor': 1.5, 'avatarSex': 2}, 'extra': {'eventTipId': 11226112, 'monsterId': 11226112, 'monsterSpaceNo': 19060000, 'activityId': 0, 'srcType': 1, 'opUUID': 5368381946680836110, 'detail': {'monsterId': 11226112
more...+
1.5, 'avatarSex': 2}, 'extra': {'eventTipId': 11226112, 'monsterId': 11226112, 'monsterSpaceNo': 19060000, 'activityId': 0, 'srcType': 1, 'opUUID': 5368382084119789575, 'detail': {'monsterId': 11226112, 'spaceNo': 19060000}, 'additionProps': {'copper': 0.20749999582767487}, 'school': 1001, 'awardId': 40044031, 'avatarGbId': 2815091080442290724, 'avatarId': 114073, 'isMonthCardExpired': False, 'isBigMonthCardExpired': False, 'avatarScoreRank': 162, 'isCrossServer': False, 'avatarName': '谷雪雨'}}}]}
[]   S_INFO    baseapp26 1000 700018  [2026-08-08 01:52:36 520] - [Avatar(114073-2815091080442290724)]:in onTimeAddAward, self.dropAwardInfoDict: {5368381946680836111: [{'awardVal': {'exp': {'itemId': 30000003, 'configName': 'exp', 'data': 0}, 'coin': {'itemId': 30000002, 'configName': 'coin', 'data': 0}, 'money': {'itemId': 30000001, 'configName': 'money', 'data': 0}, 'darkIron': {'itemId': 30000013, 'configName': 'darkIron', 'data': 0}, 'guildContrib': {'itemId': 30000005, 'configName': 'guildContrib', 'data': 0}, 'guildMoney': {'itemId': 30000006, 'configName': 'guildMoney', 'data': 0}, 'guildFund': {'itemId': 30000007, 'configName': 'guildFund', 'data': 0}, 'guildExp': {'itemId': 30000008, 'configName': 'guildExp', 'data': 0}, 'bindMoney': {'itemId': 30000021, 'configName': 'boundMoney', 'data': 0}, 'appearanceCoin': {'itemId': 30000242, 'configName': 'appearanceCoin', 'data': 0}, 'guildCommission': {'itemId': 30000023, 'configName': 'guildCommission', 'data': 0}, 'petItemWealth': {'data': {}, 'itemsObjs': []}, 'itemWealth': {'data': {}, 'itemsObjs': []}, 'titleWealth': {'data': []}, 'fightProps': {'data': []}}, 'opUUID': 5368381946680836111, 'srcType': 1, 'detail': {'monsterId': 11226114, 'spaceNo': 19060000}, 'equipList': [], 'petItemList': [], 'awardCtx': {'level': 31, 'srcEntId': 81770591, 'args': {'avatarLv': 38, 'lv': 31, 'factor': 1.5, 'avatarSex': 2}, 'extra': {'eventTipId': 11226114, 'monsterId': 11226114, 'monsterSpaceNo': 19060000, 'activityId': 0, 'srcType': 1, 'opUUID': 5368381946680836111, 'detail': {'monsterId': 11226114,
more...+
1.5, 'avatarSex': 2}, 'extra': {'eventTipId': 11226112, 'monsterId': 11226112, 'monsterSpaceNo': 19060000, 'activityId': 0, 'srcType': 1, 'opUUID': 5368382084119789575, 'detail': {'monsterId': 11226112, 'spaceNo': 19060000}, 'additionProps': {'copper': 0.20749999582767487}, 'school': 1001, 'awardId': 40044031, 'avatarGbId': 2815091080442290724, 'avatarId': 114073, 'isMonthCardExpired': False, 'isBigMonthCardExpired': False, 'avatarScoreRank': 162, 'isCrossServer': False, 'avatarName': '谷雪雨'}}}]}
[]   S_INFO    baseapp26 1000 700018  [2026-08-08 01:52:37 019] - [Avatar(114073-2815091080442290724)]:in onTimeAddAward, self.dropAwardInfoDict: {5368381981040574464: [{'awardVal': {'exp': {'itemId': 30000003, 'configName': 'exp', 'data': 0}, 'coin': {'itemId': 30000002, 'configName': 'coin', 'data': 0}, 'money': {'itemId': 30000001, 'configName': 'money', 'data': 0}, 'darkIron': {'itemId': 30000013, 'configName': 'darkIron', 'data': 0}, 'guildContrib': {'itemId': 30000005, 'configName': 'guildContrib', 'data': 0}, 'guildMoney': {'itemId': 30000006, 'configName': 'guildMoney', 'data': 0}, 'guildFund': {'itemId': 30000007, 'configName': 'guildFund', 'data': 0}, 'guildExp': {'itemId': 30000008, 'configName': 'guildExp', 'data': 0}, 'bindMoney': {'itemId': 30000021, 'configName': 'boundMoney', 'data': 0}, 'appearanceCoin': {'itemId': 30000242, 'configName': 'appearanceCoin', 'data': 0}, 'guildCommission': {'itemId': 30000023, 'configName': 'guildCommission', 'data': 0}, 'petItemWealth': {'data': {}, 'itemsObjs': []}, 'itemWealth': {'data': {}, 'itemsObjs': []}, 'titleWealth': {'data': []}, 'fightProps': {'data': []}}, 'opUUID': 5368381981040574464, 'srcType': 1, 'detail': {'monsterId': 11226112, 'spaceNo': 19060000}, 'equipList': [], 'petItemList': [], 'awardCtx': {'level': 31, 'srcEntId': 81845089, 'args': {'avatarLv': 38, 'lv': 31, 'factor': 1.5, 'avatarSex': 2}, 'extra': {'eventTipId': 11226112, 'monsterId': 11226112, 'monsterSpaceNo': 19060000, 'activityId': 0, 'srcType': 1, 'opUUID': 5368381981040574464, 'detail': {'monsterId': 11226112,
more...+
1.5, 'avatarSex': 2}, 'extra': {'eventTipId': 11226112, 'monsterId': 11226112, 'monsterSpaceNo': 19060000, 'activityId': 0, 'srcType': 1, 'opUUID': 5368382084119789575, 'detail': {'monsterId': 11226112, 'spaceNo': 19060000}, 'additionProps': {'copper': 0.20749999582767487}, 'school': 1001, 'awardId': 40044031, 'avatarGbId': 2815091080442290724, 'avatarId': 114073, 'isMonthCardExpired': False, 'isBigMonthCardExpired': False, 'avatarScoreRank': 162, 'isCrossServer': False, 'avatarName': '谷雪雨'}}}]}
[]   S_INFO    cellapp37 1000 800005  [2026-08-08 01:52:37 145] - [Avatar(114073-2815091080442290724)]:doAction 5368382118478610433 30010003 114073
[]   S_INFO    baseapp26 1000 700018  [2026-08-08 01:52:37 117] - [Avatar(114073-2815091080442290724)]:in baseUseItems: 54 30010003 1 114073
[]   S_INFO    baseapp26 1000 700018  [2026-08-08 01:52:37 518] - [Avatar(114073-2815091080442290724)]:in onTimeAddAward, self.dropAwardInfoDict: {5368381981040574470: [{'awardVal': {'exp': {'itemId': 30000003, 'configName': 'exp', 'data': 0}, 'coin': {'itemId': 30000002, 'configName': 'coin', 'data': 70}, 'money': {'itemId': 30000001, 'configName': 'money', 'data': 0}, 'darkIron': {'itemId': 30000013, 'configName': 'darkIron', 'data': 0}, 'guildContrib': {'itemId': 30000005, 'configName': 'guildContrib', 'data': 0}, 'guildMoney': {'itemId': 30000006, 'configName': 'guildMoney', 'data': 0}, 'guildFund': {'itemId': 30000007, 'configName': 'guildFund', 'data': 0}, 'guildExp': {'itemId': 30000008, 'configName': 'guildExp', 'data': 0}, 'bindMoney': {'itemId': 30000021, 'configName': 'boundMoney', 'data': 0}, 'appearanceCoin': {'itemId': 30000242, 'configName': 'appearanceCoin', 'data': 0}, 'guildCommission': {'itemId': 30000023, 'configName': 'guildCommission', 'data': 0}, 'petItemWealth': {'data': {}, 'itemsObjs': []}, 'itemWealth': {'data': {}, 'itemsObjs': []}, 'titleWealth': {'data': []}, 'fightProps': {'data': []}}, 'opUUID': 5368381981040574470, 'srcType': 1, 'detail': {'monsterId': 11226112, 'spaceNo': 19060000}, 'equipList': [], 'petItemList': [], 'awardCtx': {'level': 31, 'srcEntId': 81845106, 'args': {'avatarLv': 38, 'lv': 31, 'factor': 1.5, 'avatarSex': 2}, 'extra': {'eventTipId': 11226112, 'monsterId': 11226112, 'monsterSpaceNo': 19060000, 'activityId': 0, 'srcType': 1, 'opUUID': 5368381981040574470, 'detail': {'monsterId': 11226112
more...+
1.5, 'avatarSex': 2}, 'extra': {'eventTipId': 11226112, 'monsterId': 11226112, 'monsterSpaceNo': 19060000, 'activityId': 0, 'srcType': 1, 'opUUID': 5368382084119789575, 'detail': {'monsterId': 11226112, 'spaceNo': 19060000}, 'additionProps': {'copper': 0.20749999582767487}, 'school': 1001, 'awardId': 40044031, 'avatarGbId': 2815091080442290724, 'avatarId': 114073, 'isMonthCardExpired': False, 'isBigMonthCardExpired': False, 'avatarScoreRank': 162, 'isCrossServer': False, 'avatarName': '谷雪雨'}}}]}
[]   S_INFO    cellapp37 1000 800005  [2026-08-08 01:52:38 146] - [Avatar(114073-2815091080442290724)]:doAction 5368382152838348801 30010004 114073
[]   S_INFO    baseapp26 1000 700018  [2026-08-08 01:52:38 116] - [Avatar(114073-2815091080442290724)]:in baseUseItems: 56 30010004 1 114073
[]   S_INFO    baseapp26 1000 700018  [2026-08-08 01:52:39 018] - [Avatar(114073-2815091080442290724)]:in onTimeAddAward, self.dropAwardInfoDict: {5368382049760051200: [{'awardVal': {'exp': {'itemId': 30000003, 'configName': 'exp', 'data': 0}, 'coin': {'itemId': 30000002, 'configName': 'coin', 'data': 0}, 'money': {'itemId': 30000001, 'configName': 'money', 'data': 0}, 'darkIron': {'itemId': 30000013, 'configName': 'darkIron', 'data': 0}, 'guildContrib': {'itemId': 30000005, 'configName': 'guildContrib', 'data': 0}, 'guildMoney': {'itemId': 30000006, 'configName': 'guildMoney', 'data': 0}, 'guildFund': {'itemId': 30000007, 'configName': 'guildFund', 'data': 0}, 'guildExp': {'itemId': 30000008, 'configName': 'guildExp', 'data': 0}, 'bindMoney': {'itemId': 30000021, 'configName': 'boundMoney', 'data': 0}, 'appearanceCoin': {'itemId': 30000242, 'configName': 'appearanceCoin', 'data': 0}, 'guildCommission': {'itemId': 30000023, 'configName': 'guildCommission', 'data': 0}, 'petItemWealth': {'data': {}, 'itemsObjs': []}, 'itemWealth': {'data': {}, 'itemsObjs': []}, 'titleWealth': {'data': []}, 'fightProps': {'data': []}}, 'opUUID': 5368382049760051200, 'srcType': 1, 'detail': {'monsterId': 11226114, 'spaceNo': 19060000}, 'equipList': [], 'petItemList': [], 'awardCtx': {'level': 31, 'srcEntId': 81845157, 'args': {'avatarLv': 38, 'lv': 31, 'factor': 1.5, 'avatarSex': 2}, 'extra': {'eventTipId': 11226114, 'monsterId': 11226114, 'monsterSpaceNo': 19060000, 'activityId': 0, 'srcType': 1, 'opUUID': 5368382049760051200, 'detail': {'monsterId': 11226114,
more...+
1.5, 'avatarSex': 2}, 'extra': {'eventTipId': 11226112, 'monsterId': 11226112, 'monsterSpaceNo': 19060000, 'activityId': 0, 'srcType': 1, 'opUUID': 5368382084119789575, 'detail': {'monsterId': 11226112, 'spaceNo': 19060000}, 'additionProps': {'copper': 0.20749999582767487}, 'school': 1001, 'awardId': 40044031, 'avatarGbId': 2815091080442290724, 'avatarId': 114073, 'isMonthCardExpired': False, 'isBigMonthCardExpired': False, 'avatarScoreRank': 162, 'isCrossServer': False, 'avatarName': '谷雪雨'}}}]}
[]   S_WARN    cellapp37 1000 800005  [2026-08-08 01:52:40 530] - [Monster(81890477)]:goDie 114073 1 90010015 False
[]   S_INFO    baseapp26 1000 700018  [2026-08-08 01:52:40 318] - [Avatar(114073-2815091080442290724)]:in onTimeAddAward, self.dropAwardInfoDict: {5368382084119789574: [{'awardVal': {'exp': {'itemId': 30000003, 'configName': 'exp', 'data': 0}, 'coin': {'itemId': 30000002, 'configName': 'coin', 'data': 70}, 'money': {'itemId': 30000001, 'configName': 'money', 'data': 0}, 'darkIron': {'itemId': 30000013, 'configName': 'darkIron', 'data': 0}, 'guildContrib': {'itemId': 30000005, 'configName': 'guildContrib', 'data': 0}, 'guildMoney': {'itemId': 30000006, 'configName': 'guildMoney', 'data': 0}, 'guildFund': {'itemId': 30000007, 'configName': 'guildFund', 'data': 0}, 'guildExp': {'itemId': 30000008, 'configName': 'guildExp', 'data': 0}, 'bindMoney': {'itemId': 30000021, 'configName': 'boundMoney', 'data': 0}, 'appearanceCoin': {'itemId': 30000242, 'configName': 'appearanceCoin', 'data': 0}, 'guildCommission': {'itemId': 30000023, 'configName': 'guildCommission', 'data': 0}, 'petItemWealth': {'data': {}, 'itemsObjs': []}, 'itemWealth': {'data': {}, 'itemsObjs': []}, 'titleWealth': {'data': []}, 'fightProps': {'data': []}}, 'opUUID': 5368382084119789574, 'srcType': 1, 'detail': {'monsterId': 11226112, 'spaceNo': 19060000}, 'equipList': [], 'petItemList': [], 'awardCtx': {'level': 31, 'srcEntId': 81845193, 'args': {'avatarLv': 38, 'lv': 31, 'factor': 1.5, 'avatarSex': 2}, 'extra': {'eventTipId': 11226112, 'monsterId': 11226112, 'monsterSpaceNo': 19060000, 'activityId': 0, 'srcType': 1, 'opUUID': 5368382084119789574, 'detail': {'monsterId': 11226112
more...+
1.5, 'avatarSex': 2}, 'extra': {'eventTipId': 11226112, 'monsterId': 11226112, 'monsterSpaceNo': 19060000, 'activityId': 0, 'srcType': 1, 'opUUID': 5368382084119789575, 'detail': {'monsterId': 11226112, 'spaceNo': 19060000}, 'additionProps': {'copper': 0.20749999582767487}, 'school': 1001, 'awardId': 40044031, 'avatarGbId': 2815091080442290724, 'avatarId': 114073, 'isMonthCardExpired': False, 'isBigMonthCardExpired': False, 'avatarScoreRank': 162, 'isCrossServer': False, 'avatarName': '谷雪雨'}}}]}
[]   S_INFO    baseapp26 1000 700018  [2026-08-08 01:52:40 318] - [Avatar(114073-2815091080442290724)]:in onTimeAddAward, self.dropAwardInfoDict: {5368382084119789575: [{'awardVal': {'exp': {'itemId': 30000003, 'configName': 'exp', 'data': 0}, 'coin': {'itemId': 30000002, 'configName': 'coin', 'data': 70}, 'money': {'itemId': 30000001, 'configName': 'money', 'data': 0}, 'darkIron': {'itemId': 30000013, 'configName': 'darkIron', 'data': 0}, 'guildContrib': {'itemId': 30000005, 'configName': 'guildContrib', 'data': 0}, 'guildMoney': {'itemId': 30000006, 'configName': 'guildMoney', 'data': 0}, 'guildFund': {'itemId': 30000007, 'configName': 'guildFund', 'data': 0}, 'guildExp': {'itemId': 30000008, 'configName': 'guildExp', 'data': 0}, 'bindMoney': {'itemId': 30000021, 'configName': 'boundMoney', 'data': 0}, 'appearanceCoin': {'itemId': 30000242, 'configName': 'appearanceCoin', 'data': 0}, 'guildCommission': {'itemId': 30000023, 'configName': 'guildCommission', 'data': 0}, 'petItemWealth': {'data': {}, 'itemsObjs': []}, 'itemWealth': {'data': {}, 'itemsObjs': []}, 'titleWealth': {'data': []}, 'fightProps': {'data': []}}, 'opUUID': 5368382084119789575, 'srcType': 1, 'detail': {'monsterId': 11226112, 'spaceNo': 19060000}, 'equipList': [], 'petItemList': [], 'awardCtx': {'level': 31, 'srcEntId': 81845194, 'args': {'avatarLv': 38, 'lv': 31, 'factor': 1.5, 'avatarSex': 2}, 'extra': {'eventTipId': 11226112, 'monsterId': 11226112, 'monsterSpaceNo': 19060000, 'activityId': 0, 'srcType': 1, 'opUUID': 5368382084119789575, 'detail': {'monsterId': 11226112, 'spaceNo': 19060000}, 'additionProps': {'copper': 0.20749999582767487}, 'school': 1001, 'awardId': 40044031, 'avatarGbId': 2815091080442290724, 'avatarId': 114073, 'isMonthCardExpired': False, 'isBigMonthCardExpired': False, 'avatarScoreRank': 162, 'isCrossServer': False, 'avatarName': '谷雪雨'}}}]}
[]   S_INFO    baseapp26 1000 700018  [2026-08-08 01:52:42 116] - [Avatar(114073-2815091080442290724)]:in baseUseItems: 54 30010003 1 114073
[]   S_INFO    cellapp37 1000 800005  [2026-08-08 01:52:42 138] - [Avatar(114073-2815091080442290724)]:doAction 5368382290277302272 30010003 114073
[]   S_INFO    baseapp26 1000 700018  [2026-08-08 01:52:43 117] - [Avatar(114073-2815091080442290724)]:in baseUseItems: 56 30010004 1 114073
[]   S_INFO    cellapp37 1000 800005  [2026-08-08 01:52:43 142] - [Avatar(114073-2815091080442290724)]:doAction 5368382324637040646 30010004 114073
[]   S_WARN    cellapp37 1000 800005  [2026-08-08 01:52:43 546] - [Monster(81890555)]:goDie 114073 1 90010003 False
[]   S_INFO    baseapp26 1000 700018  [2026-08-08 01:52:44 518] - [Avatar(114073-2815091080442290724)]:in onTimeAddAward, self.dropAwardInfoDict: {5368382221558743047: [{'awardVal': {'exp': {'itemId': 30000003, 'configName': 'exp', 'data': 0}, 'coin': {'itemId': 30000002, 'configName': 'coin', 'data': 0}, 'money': {'itemId': 30000001, 'configName': 'money', 'data': 0}, 'darkIron': {'itemId': 30000013, 'configName': 'darkIron', 'data': 0}, 'guildContrib': {'itemId': 30000005, 'configName': 'guildContrib', 'data': 0}, 'guildMoney': {'itemId': 30000006, 'configName': 'guildMoney', 'data': 0}, 'guildFund': {'itemId': 30000007, 'configName': 'guildFund', 'data': 0}, 'guildExp': {'itemId': 30000008, 'configName': 'guildExp', 'data': 0}, 'bindMoney': {'itemId': 30000021, 'configName': 'boundMoney', 'data': 0}, 'appearanceCoin': {'itemId': 30000242, 'configName': 'appearanceCoin', 'data': 0}, 'guildCommission': {'itemId': 30000023, 'configName': 'guildCommission', 'data': 0}, 'petItemWealth': {'data': {}, 'itemsObjs': []}, 'itemWealth': {'data': {}, 'itemsObjs': []}, 'titleWealth': {'data': []}, 'fightProps': {'data': []}}, 'opUUID': 5368382221558743047, 'srcType': 1, 'detail': {'monsterId': 11226114, 'spaceNo': 19060000}, 'equipList': [], 'petItemList': [], 'awardCtx': {'level': 31, 'srcEntId': 81890477, 'args': {'avatarLv': 38, 'lv': 31, 'factor': 1.5, 'avatarSex': 2}, 'extra': {'eventTipId': 11226114, 'monsterId': 11226114, 'monsterSpaceNo': 19060000, 'activityId': 0, 'srcType': 1, 'opUUID': 5368382221558743047, 'detail': {'monsterId': 11226114,
more...+
1.5, 'avatarSex': 2}, 'extra': {'eventTipId': 11226112, 'monsterId': 11226112, 'monsterSpaceNo': 19060000, 'activityId': 0, 'srcType': 1, 'opUUID': 5368382324637958149, 'detail': {'monsterId': 11226112, 'spaceNo': 19060000}, 'additionProps': {'copper': 0.20749999582767487}, 'school': 1001, 'awardId': 40044031, 'avatarGbId': 2815091080442290724, 'avatarId': 114073, 'isMonthCardExpired': False, 'isBigMonthCardExpired': False, 'avatarScoreRank': 162, 'isCrossServer': False, 'avatarName': '谷雪雨'}}}]}
[]   S_INFO    baseapp26 1000 700018  [2026-08-08 01:52:46 718] - [Avatar(114073-2815091080442290724)]:in onTimeAddAward, self.dropAwardInfoDict: {5368382290278219788: [{'awardVal': {'exp': {'itemId': 30000003, 'configName': 'exp', 'data': 0}, 'coin': {'itemId': 30000002, 'configName': 'coin', 'data': 0}, 'money': {'itemId': 30000001, 'configName': 'money', 'data': 0}, 'darkIron': {'itemId': 30000013, 'configName': 'darkIron', 'data': 0}, 'guildContrib': {'itemId': 30000005, 'configName': 'guildContrib', 'data': 0}, 'guildMoney': {'itemId': 30000006, 'configName': 'guildMoney', 'data': 0}, 'guildFund': {'itemId': 30000007, 'configName': 'guildFund', 'data': 0}, 'guildExp': {'itemId': 30000008, 'configName': 'guildExp', 'data': 0}, 'bindMoney': {'itemId': 30000021, 'configName': 'boundMoney', 'data': 0}, 'appearanceCoin': {'itemId': 30000242, 'configName': 'appearanceCoin', 'data': 0}, 'guildCommission': {'itemId': 30000023, 'configName': 'guildCommission', 'data': 0}, 'petItemWealth': {'data': {}, 'itemsObjs': []}, 'itemWealth': {'data': {}, 'itemsObjs': []}, 'titleWealth': {'data': []}, 'fightProps': {'data': []}}, 'opUUID': 5368382290278219788, 'srcType': 1, 'detail': {'monsterId': 11226114, 'spaceNo': 19060000}, 'equipList': [], 'petItemList': [], 'awardCtx': {'level': 31, 'srcEntId': 81890542, 'args': {'avatarLv': 38, 'lv': 31, 'factor': 1.5, 'avatarSex': 2}, 'extra': {'eventTipId': 11226114, 'monsterId': 11226114, 'monsterSpaceNo': 19060000, 'activityId': 0, 'srcType': 1, 'opUUID': 5368382290278219788, 'detail': {'monsterId': 11226114,
more...+
1.5, 'avatarSex': 2}, 'extra': {'eventTipId': 11226112, 'monsterId': 11226112, 'monsterSpaceNo': 19060000, 'activityId': 0, 'srcType': 1, 'opUUID': 5368382324637958149, 'detail': {'monsterId': 11226112, 'spaceNo': 19060000}, 'additionProps': {'copper': 0.20749999582767487}, 'school': 1001, 'awardId': 40044031, 'avatarGbId': 2815091080442290724, 'avatarId': 114073, 'isMonthCardExpired': False, 'isBigMonthCardExpired': False, 'avatarScoreRank': 162, 'isCrossServer': False, 'avatarName': '谷雪雨'}}}]}
[]   S_INFO    baseapp26 1000 700018  [2026-08-08 01:52:47 116] - [Avatar(114073-2815091080442290724)]:in baseUseItems: 54 30010003 1 114073
[]   S_WARN    cellapp37 1000 800005  [2026-08-08 01:52:47 138] - [Monster(81845232)]:goDie 114073 1 90010001 False
[]   S_INFO    cellapp37 1000 800005  [2026-08-08 01:52:47 147] - [Avatar(114073-2815091080442290724)]:doAction 5368382462075994114 30010003 114073
[]   S_INFO    baseapp26 1000 700018  [2026-08-08 01:52:47 518] - [Avatar(114073-2815091080442290724)]:in onTimeAddAward, self.dropAwardInfoDict: {5368382324637958149: [{'awardVal': {'exp': {'itemId': 30000003, 'configName': 'exp', 'data': 0}, 'coin': {'itemId': 30000002, 'configName': 'coin', 'data': 0}, 'money': {'itemId': 30000001, 'configName': 'money', 'data': 0}, 'darkIron': {'itemId': 30000013, 'configName': 'darkIron', 'data': 0}, 'guildContrib': {'itemId': 30000005, 'configName': 'guildContrib', 'data': 0}, 'guildMoney': {'itemId': 30000006, 'configName': 'guildMoney', 'data': 0}, 'guildFund': {'itemId': 30000007, 'configName': 'guildFund', 'data': 0}, 'guildExp': {'itemId': 30000008, 'configName': 'guildExp', 'data': 0}, 'bindMoney': {'itemId': 30000021, 'configName': 'boundMoney', 'data': 0}, 'appearanceCoin': {'itemId': 30000242, 'configName': 'appearanceCoin', 'data': 0}, 'guildCommission': {'itemId': 30000023, 'configName': 'guildCommission', 'data': 0}, 'petItemWealth': {'data': {}, 'itemsObjs': []}, 'itemWealth': {'data': {}, 'itemsObjs': []}, 'titleWealth': {'data': []}, 'fightProps': {'data': []}}, 'opUUID': 5368382324637958149, 'srcType': 1, 'detail': {'monsterId': 11226112, 'spaceNo': 19060000}, 'equipList': [], 'petItemList': [], 'awardCtx': {'level': 31, 'srcEntId': 81890555, 'args': {'avatarLv': 38, 'lv': 31, 'factor': 1.5, 'avatarSex': 2}, 'extra': {'eventTipId': 11226112, 'monsterId': 11226112, 'monsterSpaceNo': 19060000, 'activityId': 0, 'srcType': 1, 'opUUID': 5368382324637958149, 'detail': {'monsterId': 11226112,
more...+
1.5, 'avatarSex': 2}, 'extra': {'eventTipId': 11226114, 'monsterId': 11226114, 'monsterSpaceNo': 19060000, 'activityId': 0, 'srcType': 1, 'opUUID': 5368382462076911617, 'detail': {'monsterId': 11226114, 'spaceNo': 19060000}, 'additionProps': {'copper': 0.20749999582767487}, 'school': 1001, 'awardId': 40040531, 'avatarGbId': 2815091080442290724, 'avatarId': 114073, 'isMonthCardExpired': False, 'isBigMonthCardExpired': False, 'avatarScoreRank': 162, 'isCrossServer': False, 'avatarName': '谷雪雨'}}}]}
[]   S_INFO    cellapp37 1000 800005  [2026-08-08 01:52:48 145] - [Avatar(114073-2815091080442290724)]:doAction 5368382496435732481 30010004 114073
[]   S_INFO    baseapp26 1000 700018  [2026-08-08 01:52:48 117] - [Avatar(114073-2815091080442290724)]:in baseUseItems: 56 30010004 1 114073
[]   S_WARN    cellapp37 1000 800005  [2026-08-08 01:52:49 035] - [Monster(81845284)]:goDie 114073 1 90010003 False
[]   S_INFO    cellapp37 1000 800005  [2026-08-08 01:52:49 043] - [Monster(81890640)]:_useSkillBySkillObj: skill:91000279, tgt:114073, arr:[0.15039247274398804, 0.0, -0.9886264204978943], False
[]   S_INFO    cellapp37 1000 800005  [2026-08-08 01:52:49 242] - [Monster(81890641)]:_useSkillBySkillObj: skill:91000278, tgt:114073, arr:[-0.2638669013977051, 0.0, -0.9645590782165527], False
[]   S_INFO    cellapp37 1000 800005  [2026-08-08 01:52:49 438] - [Monster(81890689)]:_useSkillBySkillObj: skill:91000268, tgt:114073, arr:[-0.09406179189682007, 0.0, -0.9955664277076721], False
[]   S_INFO    cellapp37 1000 800005  [2026-08-08 01:52:50 125] - [Monster(81890697)]:_useSkillBySkillObj: skill:91000268, tgt:114073, arr:[0.9876235127449036, 0.0, 0.15684261918067932], False
[]   S_INFO    cellapp37 1000 800005  [2026-08-08 01:52:50 340] - [Monster(81890642)]:_useSkillBySkillObj: skill:91000279, tgt:114073, arr:[-0.985068678855896, 0.0, -0.17216216027736664], False
[]   S_INFO    baseapp26 1000 700018  [2026-08-08 01:52:51 118] - [Avatar(114073-2815091080442290724)]:in onTimeAddAward, self.dropAwardInfoDict: {5368382462076911617: [{'awardVal': {'exp': {'itemId': 30000003, 'configName': 'exp', 'data': 0}, 'coin': {'itemId': 30000002, 'configName': 'coin', 'data': 70}, 'money': {'itemId': 30000001, 'configName': 'money', 'data': 0}, 'darkIron': {'itemId': 30000013, 'configName': 'darkIron', 'data': 0}, 'guildContrib': {'itemId': 30000005, 'configName': 'guildContrib', 'data': 0}, 'guildMoney': {'itemId': 30000006, 'configName': 'guildMoney', 'data': 0}, 'guildFund': {'itemId': 30000007, 'configName': 'guildFund', 'data': 0}, 'guildExp': {'itemId': 30000008, 'configName': 'guildExp', 'data': 0}, 'bindMoney': {'itemId': 30000021, 'configName': 'boundMoney', 'data': 0}, 'appearanceCoin': {'itemId': 30000242, 'configName': 'appearanceCoin', 'data': 0}, 'guildCommission': {'itemId': 30000023, 'configName': 'guildCommission', 'data': 0}, 'petItemWealth': {'data': {}, 'itemsObjs': []}, 'itemWealth': {'data': {}, 'itemsObjs': []}, 'titleWealth': {'data': []}, 'fightProps': {'data': []}}, 'opUUID': 5368382462076911617, 'srcType': 1, 'detail': {'monsterId': 11226114, 'spaceNo': 19060000}, 'equipList': [], 'petItemList': [], 'awardCtx': {'level': 31, 'srcEntId': 81845232, 'args': {'avatarLv': 38, 'lv': 31, 'factor': 1.5, 'avatarSex': 2}, 'extra': {'eventTipId': 11226114, 'monsterId': 11226114, 'monsterSpaceNo': 19060000, 'activityId': 0, 'srcType': 1, 'opUUID': 5368382462076911617, 'detail': {'monsterId': 11226114
more...+
1.5, 'avatarSex': 2}, 'extra': {'eventTipId': 11226112, 'monsterId': 11226112, 'monsterSpaceNo': 19060000, 'activityId': 0, 'srcType': 1, 'opUUID': 5368382530796388356, 'detail': {'monsterId': 11226112, 'spaceNo': 19060000}, 'additionProps': {'copper': 0.20749999582767487}, 'school': 1001, 'awardId': 40044031, 'avatarGbId': 2815091080442290724, 'avatarId': 114073, 'isMonthCardExpired': False, 'isBigMonthCardExpired': False, 'avatarScoreRank': 162, 'isCrossServer': False, 'avatarName': '谷雪雨'}}}]}
[]   S_WARN    cellapp37 1000 800005  [2026-08-08 01:52:51 632] - [Monster(81890697)]:goDie 114073 1 90010041 False
[]   S_INFO    baseapp26 1000 700018  [2026-08-08 01:52:52 117] - [Avatar(114073-2815091080442290724)]:in baseUseItems: 54 30010003 1 114073
[]   S_INFO    cellapp37 1000 800005  [2026-08-08 01:52:52 021] - [Monster(81890689)]:_useSkillBySkillObj: skill:91000269, tgt:114073, arr:[-0.09406179189682007, 0.0, -0.9955664277076721], False
[]   S_INFO    cellapp37 1000 800005  [2026-08-08 01:52:52 144] - [Avatar(114073-2815091080442290724)]:doAction 5368382633874685952 30010003 114073
[]   S_INFO    cellapp37 1000 800005  [2026-08-08 01:52:52 627] - [Monster(81890642)]:_useSkillBySkillObj: skill:91000278, tgt:114073, arr:[-0.985068678855896, 0.0, -0.17216216027736664], False
[]   S_INFO    cellapp37 1000 800005  [2026-08-08 01:52:53 144] - [Avatar(114073-2815091080442290724)]:doAction 5368382668234424324 30010004 114073
[]   S_INFO    baseapp26 1000 700018  [2026-08-08 01:52:53 018] - [Avatar(114073-2815091080442290724)]:in onTimeAddAward, self.dropAwardInfoDict: {5368382530796388356: [{'awardVal': {'exp': {'itemId': 30000003, 'configName': 'exp', 'data': 0}, 'coin': {'itemId': 30000002, 'configName': 'coin', 'data': 0}, 'money': {'itemId': 30000001, 'configName': 'money', 'data': 0}, 'darkIron': {'itemId': 30000013, 'configName': 'darkIron', 'data': 0}, 'guildContrib': {'itemId': 30000005, 'configName': 'guildContrib', 'data': 0}, 'guildMoney': {'itemId': 30000006, 'configName': 'guildMoney', 'data': 0}, 'guildFund': {'itemId': 30000007, 'configName': 'guildFund', 'data': 0}, 'guildExp': {'itemId': 30000008, 'configName': 'guildExp', 'data': 0}, 'bindMoney': {'itemId': 30000021, 'configName': 'boundMoney', 'data': 0}, 'appearanceCoin': {'itemId': 30000242, 'configName': 'appearanceCoin', 'data': 0}, 'guildCommission': {'itemId': 30000023, 'configName': 'guildCommission', 'data': 0}, 'petItemWealth': {'data': {}, 'itemsObjs': []}, 'itemWealth': {'data': {30000265: {0: 1}}, 'itemsObjs': []}, 'titleWealth': {'data': []}, 'fightProps': {'data': []}}, 'opUUID': 5368382530796388356, 'srcType': 1, 'detail': {'monsterId': 11226112, 'spaceNo': 19060000}, 'equipList': [], 'petItemList': [], 'awardCtx': {'level': 31, 'srcEntId': 81845284, 'args': {'avatarLv': 38, 'lv': 31, 'factor': 1.5, 'avatarSex': 2}, 'extra': {'eventTipId': 11226112, 'monsterId': 11226112, 'monsterSpaceNo': 19060000, 'activityId': 0, 'srcType': 1, 'opUUID': 5368382530796388356, 'detail': {'monst
more...+
1.5, 'avatarSex': 2}, 'extra': {'eventTipId': 11226112, 'monsterId': 11226112, 'monsterSpaceNo': 19060000, 'activityId': 0, 'srcType': 1, 'opUUID': 5368382599515865098, 'detail': {'monsterId': 11226112, 'spaceNo': 19060000}, 'additionProps': {'copper': 0.20749999582767487}, 'school': 1001, 'awardId': 40044031, 'avatarGbId': 2815091080442290724, 'avatarId': 114073, 'isMonthCardExpired': False, 'isBigMonthCardExpired': False, 'avatarScoreRank': 162, 'isCrossServer': False, 'avatarName': '谷雪雨'}}}]}
[]   S_INFO    baseapp26 1000 700018  [2026-08-08 01:52:53 117] - [Avatar(114073-2815091080442290724)]:in baseUseItems: 56 30010004 1 114073
[]   S_INFO    baseapp26 1000 700018  [2026-08-08 01:52:55 618] - [Avatar(114073-2815091080442290724)]:in onTimeAddAward, self.dropAwardInfoDict: {5368382599515865098: [{'awardVal': {'exp': {'itemId': 30000003, 'configName': 'exp', 'data': 0}, 'coin': {'itemId': 30000002, 'configName': 'coin', 'data': 70}, 'money': {'itemId': 30000001, 'configName': 'money', 'data': 0}, 'darkIron': {'itemId': 30000013, 'configName': 'darkIron', 'data': 0}, 'guildContrib': {'itemId': 30000005, 'configName': 'guildContrib', 'data': 0}, 'guildMoney': {'itemId': 30000006, 'configName': 'guildMoney', 'data': 0}, 'guildFund': {'itemId': 30000007, 'configName': 'guildFund', 'data': 0}, 'guildExp': {'itemId': 30000008, 'configName': 'guildExp', 'data': 0}, 'bindMoney': {'itemId': 30000021, 'configName': 'boundMoney', 'data': 0}, 'appearanceCoin': {'itemId': 30000242, 'configName': 'appearanceCoin', 'data': 0}, 'guildCommission': {'itemId': 30000023, 'configName': 'guildCommission', 'data': 0}, 'petItemWealth': {'data': {}, 'itemsObjs': []}, 'itemWealth': {'data': {}, 'itemsObjs': []}, 'titleWealth': {'data': []}, 'fightProps': {'data': []}}, 'opUUID': 5368382599515865098, 'srcType': 1, 'detail': {'monsterId': 11226112, 'spaceNo': 19060000}, 'equipList': [], 'petItemList': [], 'awardCtx': {'level': 31, 'srcEntId': 81890697, 'args': {'avatarLv': 38, 'lv': 31, 'factor': 1.5, 'avatarSex': 2}, 'extra': {'eventTipId': 11226112, 'monsterId': 11226112, 'monsterSpaceNo': 19060000, 'activityId': 0, 'srcType': 1, 'opUUID': 5368382599515865098, 'detail': {'monsterId': 11226112
more...+
1.5, 'avatarSex': 2}, 'extra': {'eventTipId': 11226114, 'monsterId': 11226114, 'monsterSpaceNo': 19060000, 'activityId': 0, 'srcType': 1, 'opUUID': 5368382736954818564, 'detail': {'monsterId': 11226114, 'spaceNo': 19060000}, 'additionProps': {'copper': 0.20749999582767487}, 'school': 1001, 'awardId': 40040531, 'avatarGbId': 2815091080442290724, 'avatarId': 114073, 'isMonthCardExpired': False, 'isBigMonthCardExpired': False, 'avatarScoreRank': 162, 'isCrossServer': False, 'avatarName': '谷雪雨'}}}]}
[]   S_WARN    cellapp37 1000 800005  [2026-08-08 01:52:56 926] - [Monster(81890756)]:goDie 114073 1 90010045 False
[]   S_WARN    cellapp37 1000 800005  [2026-08-08 01:52:56 927] - [Monster(81890757)]:goDie 114073 1 90010045 False
[]   S_WARN    cellapp37 1000 800005  [2026-08-08 01:52:56 928] - [Monster(81890751)]:goDie 114073 1 90010045 False
[]   S_INFO    cellapp37 1000 800005  [2026-08-08 01:52:57 135] - [Avatar(114073-2815091080442290724)]:doAction 5368382805673377794 30010003 114073
[]   S_INFO    baseapp26 1000 700018  [2026-08-08 01:52:57 116] - [Avatar(114073-2815091080442290724)]:in baseUseItems: 54 30010003 1 114073
[]   S_INFO    cellapp37 1000 800005  [2026-08-08 01:52:58 154] - [Avatar(114073-2815091080442290724)]:doAction 5368382840033116161 30010004 114073
[]   S_INFO    baseapp26 1000 700018  [2026-08-08 01:52:58 117] - [Avatar(114073-2815091080442290724)]:in baseUseItems: 56 30010004 1 114073
[]   S_INFO    cellapp37 1000 800005  [2026-08-08 01:52:59 041] - [Monster(81890863)]:_useSkillBySkillObj: skill:91000279, tgt:114073, arr:[0.8151463270187378, 0.0, -0.5792549848556519], False
[]   S_WARN    cellapp37 1000 800005  [2026-08-08 01:52:59 131] - [Monster(81890884)]:goDie 114073 1 90010001 False
[]   S_INFO    cellapp37 1000 800005  [2026-08-08 01:52:59 341] - [Monster(81890900)]:_useSkillBySkillObj: skill:91000269, tgt:114073, arr:[0.9638687968254089, 0.0, -0.26637744903564453], False
[]   S_INFO    baseapp26 1000 700018  [2026-08-08 01:52:59 318] - [Avatar(114073-2815091080442290724)]:in onTimeAddAward, self.dropAwardInfoDict: {5368382736954818564: [{'awardVal': {'exp': {'itemId': 30000003, 'configName': 'exp', 'data': 0}, 'coin': {'itemId': 30000002, 'configName': 'coin', 'data': 0}, 'money': {'itemId': 30000001, 'configName': 'money', 'data': 0}, 'darkIron': {'itemId': 30000013, 'configName': 'darkIron', 'data': 0}, 'guildContrib': {'itemId': 30000005, 'configName': 'guildContrib', 'data': 0}, 'guildMoney': {'itemId': 30000006, 'configName': 'guildMoney', 'data': 0}, 'guildFund': {'itemId': 30000007, 'configName': 'guildFund', 'data': 0}, 'guildExp': {'itemId': 30000008, 'configName': 'guildExp', 'data': 0}, 'bindMoney': {'itemId': 30000021, 'configName': 'boundMoney', 'data': 0}, 'appearanceCoin': {'itemId': 30000242, 'configName': 'appearanceCoin', 'data': 0}, 'guildCommission': {'itemId': 30000023, 'configName': 'guildCommission', 'data': 0}, 'petItemWealth': {'data': {}, 'itemsObjs': []}, 'itemWealth': {'data': {}, 'itemsObjs': []}, 'titleWealth': {'data': []}, 'fightProps': {'data': []}}, 'opUUID': 5368382736954818564, 'srcType': 1, 'detail': {'monsterId': 11226114, 'spaceNo': 19060000}, 'equipList': [], 'petItemList': [], 'awardCtx': {'level': 31, 'srcEntId': 81890725, 'args': {'avatarLv': 38, 'lv': 31, 'factor': 1.5, 'avatarSex': 2}, 'extra': {'eventTipId': 11226114, 'monsterId': 11226114, 'monsterSpaceNo': 19060000, 'activityId': 0, 'srcType': 1, 'opUUID': 5368382736954818564, 'detail': {'monsterId': 11226114,
more...+
1.5, 'avatarSex': 2}, 'extra': {'eventTipId': 11226114, 'monsterId': 11226114, 'monsterSpaceNo': 19060000, 'activityId': 0, 'srcType': 1, 'opUUID': 5368382874393772035, 'detail': {'monsterId': 11226114, 'spaceNo': 19060000}, 'additionProps': {'copper': 0.20749999582767487}, 'school': 1001, 'awardId': 40040531, 'avatarGbId': 2815091080442290724, 'avatarId': 114073, 'isMonthCardExpired': False, 'isBigMonthCardExpired': False, 'avatarScoreRank': 162, 'isCrossServer': False, 'avatarName': '谷雪雨'}}}]}
[]   S_WARN    cellapp37 1000 800005  [2026-08-08 01:53:00 627] - [Monster(81890900)]:goDie 114073 1 90010001 False
[]   S_INFO    cellapp37 1000 800005  [2026-08-08 01:53:00 924] - [Monster(81890905)]:_useSkillBySkillObj: skill:91000269, tgt:114073, arr:[0.9697313904762268, 0.0, 0.2441740781068802], False
[]   S_INFO    baseapp26 1000 700018  [2026-08-08 01:53:00 918] - [Avatar(114073-2815091080442290724)]:in onTimeAddAward, self.dropAwardInfoDict: {5368382771314556936: [{'awardVal': {'exp': {'itemId': 30000003, 'configName': 'exp', 'data': 0}, 'coin': {'itemId': 30000002, 'configName': 'coin', 'data': 0}, 'money': {'itemId': 30000001, 'configName': 'money', 'data': 0}, 'darkIron': {'itemId': 30000013, 'configName': 'darkIron', 'data': 0}, 'guildContrib': {'itemId': 30000005, 'configName': 'guildContrib', 'data': 0}, 'guildMoney': {'itemId': 30000006, 'configName': 'guildMoney', 'data': 0}, 'guildFund': {'itemId': 30000007, 'configName': 'guildFund', 'data': 0}, 'guildExp': {'itemId': 30000008, 'configName': 'guildExp', 'data': 0}, 'bindMoney': {'itemId': 30000021, 'configName': 'boundMoney', 'data': 0}, 'appearanceCoin': {'itemId': 30000242, 'configName': 'appearanceCoin', 'data': 0}, 'guildCommission': {'itemId': 30000023, 'configName': 'guildCommission', 'data': 0}, 'petItemWealth': {'data': {}, 'itemsObjs': []}, 'itemWealth': {'data': {}, 'itemsObjs': []}, 'titleWealth': {'data': []}, 'fightProps': {'data': []}}, 'opUUID': 5368382771314556936, 'srcType': 1, 'detail': {'monsterId': 11226112, 'spaceNo': 19060000}, 'equipList': [], 'petItemList': [], 'awardCtx': {'level': 31, 'srcEntId': 81890756, 'args': {'avatarLv': 38, 'lv': 31, 'factor': 1.5, 'avatarSex': 2}, 'extra': {'eventTipId': 11226112, 'monsterId': 11226112, 'monsterSpaceNo': 19060000, 'activityId': 0, 'srcType': 1, 'opUUID': 5368382771314556936, 'detail': {'monsterId': 11226112,
more...+
1.5, 'avatarSex': 2}, 'extra': {'eventTipId': 11226112, 'monsterId': 11226112, 'monsterSpaceNo': 19060000, 'activityId': 0, 'srcType': 1, 'opUUID': 5368382908753510406, 'detail': {'monsterId': 11226112, 'spaceNo': 19060000}, 'additionProps': {'copper': 0.20749999582767487}, 'school': 1001, 'awardId': 40044031, 'avatarGbId': 2815091080442290724, 'avatarId': 114073, 'isMonthCardExpired': False, 'isBigMonthCardExpired': False, 'avatarScoreRank': 162, 'isCrossServer': False, 'avatarName': '谷雪雨'}}}]}
[]   S_INFO    baseapp26 1000 700018  [2026-08-08 01:53:00 918] - [Avatar(114073-2815091080442290724)]:in onTimeAddAward, self.dropAwardInfoDict: {5368382771314556937: [{'awardVal': {'exp': {'itemId': 30000003, 'configName': 'exp', 'data': 0}, 'coin': {'itemId': 30000002, 'configName': 'coin', 'data': 0}, 'money': {'itemId': 30000001, 'configName': 'money', 'data': 0}, 'darkIron': {'itemId': 30000013, 'configName': 'darkIron', 'data': 0}, 'guildContrib': {'itemId': 30000005, 'configName': 'guildContrib', 'data': 0}, 'guildMoney': {'itemId': 30000006, 'configName': 'guildMoney', 'data': 0}, 'guildFund': {'itemId': 30000007, 'configName': 'guildFund', 'data': 0}, 'guildExp': {'itemId': 30000008, 'configName': 'guildExp', 'data': 0}, 'bindMoney': {'itemId': 30000021, 'configName': 'boundMoney', 'data': 0}, 'appearanceCoin': {'itemId': 30000242, 'configName': 'appearanceCoin', 'data': 0}, 'guildCommission': {'itemId': 30000023, 'configName': 'guildCommission', 'data': 0}, 'petItemWealth': {'data': {}, 'itemsObjs': []}, 'itemWealth': {'data': {}, 'itemsObjs': []}, 'titleWealth': {'data': []}, 'fightProps': {'data': []}}, 'opUUID': 5368382771314556937, 'srcType': 1, 'detail': {'monsterId': 11226112, 'spaceNo': 19060000}, 'equipList': [], 'petItemList': [], 'awardCtx': {'level': 31, 'srcEntId': 81890757, 'args': {'avatarLv': 38, 'lv': 31, 'factor': 1.5, 'avatarSex': 2}, 'extra': {'eventTipId': 11226112, 'monsterId': 11226112, 'monsterSpaceNo': 19060000, 'activityId': 0, 'srcType': 1, 'opUUID': 5368382771314556937, 'detail': {'monsterId': 11226112,
more...+
1.5, 'avatarSex': 2}, 'extra': {'eventTipId': 11226112, 'monsterId': 11226112, 'monsterSpaceNo': 19060000, 'activityId': 0, 'srcType': 1, 'opUUID': 5368382908753510406, 'detail': {'monsterId': 11226112, 'spaceNo': 19060000}, 'additionProps': {'copper': 0.20749999582767487}, 'school': 1001, 'awardId': 40044031, 'avatarGbId': 2815091080442290724, 'avatarId': 114073, 'isMonthCardExpired': False, 'isBigMonthCardExpired': False, 'avatarScoreRank': 162, 'isCrossServer': False, 'avatarName': '谷雪雨'}}}]}
[]   S_INFO    baseapp26 1000 700018  [2026-08-08 01:53:00 918] - [Avatar(114073-2815091080442290724)]:in onTimeAddAward, self.dropAwardInfoDict: {5368382771314556938: [{'awardVal': {'exp': {'itemId': 30000003, 'configName': 'exp', 'data': 0}, 'coin': {'itemId': 30000002, 'configName': 'coin', 'data': 0}, 'money': {'itemId': 30000001, 'configName': 'money', 'data': 0}, 'darkIron': {'itemId': 30000013, 'configName': 'darkIron', 'data': 0}, 'guildContrib': {'itemId': 30000005, 'configName': 'guildContrib', 'data': 0}, 'guildMoney': {'itemId': 30000006, 'configName': 'guildMoney', 'data': 0}, 'guildFund': {'itemId': 30000007, 'configName': 'guildFund', 'data': 0}, 'guildExp': {'itemId': 30000008, 'configName': 'guildExp', 'data': 0}, 'bindMoney': {'itemId': 30000021, 'configName': 'boundMoney', 'data': 0}, 'appearanceCoin': {'itemId': 30000242, 'configName': 'appearanceCoin', 'data': 0}, 'guildCommission': {'itemId': 30000023, 'configName': 'guildCommission', 'data': 0}, 'petItemWealth': {'data': {}, 'itemsObjs': []}, 'itemWealth': {'data': {}, 'itemsObjs': []}, 'titleWealth': {'data': []}, 'fightProps': {'data': []}}, 'opUUID': 5368382771314556938, 'srcType': 1, 'detail': {'monsterId': 11226114, 'spaceNo': 19060000}, 'equipList': [], 'petItemList': [], 'awardCtx': {'level': 31, 'srcEntId': 81890751, 'args': {'avatarLv': 38, 'lv': 31, 'factor': 1.5, 'avatarSex': 2}, 'extra': {'eventTipId': 11226114, 'monsterId': 11226114, 'monsterSpaceNo': 19060000, 'activityId': 0, 'srcType': 1, 'opUUID': 5368382771314556938, 'detail': {'monsterId': 11226114,
more...+
1.5, 'avatarSex': 2}, 'extra': {'eventTipId': 11226112, 'monsterId': 11226112, 'monsterSpaceNo': 19060000, 'activityId': 0, 'srcType': 1, 'opUUID': 5368382908753510406, 'detail': {'monsterId': 11226112, 'spaceNo': 19060000}, 'additionProps': {'copper': 0.20749999582767487}, 'school': 1001, 'awardId': 40044031, 'avatarGbId': 2815091080442290724, 'avatarId': 114073, 'isMonthCardExpired': False, 'isBigMonthCardExpired': False, 'avatarScoreRank': 162, 'isCrossServer': False, 'avatarName': '谷雪雨'}}}]}
[]   S_WARN    cellapp37 1000 800005  [2026-08-08 01:53:01 431] - [Monster(81890905)]:goDie 114073 1 90010015 False
[]   S_WARN    cellapp37 1000 800005  [2026-08-08 01:53:01 432] - [Monster(81890863)]:goDie 114073 1 90010015 False
[]   S_INFO    cellapp37 1000 800005  [2026-08-08 01:53:03 137] - [Monster(81890941)]:_useSkillBySkillObj: skill:91000279, tgt:114073, arr:[0.2905442416667938, 0.0, 0.9568615555763245], False
[]   S_INFO    cellapp37 1000 800005  [2026-08-08 01:53:03 139] - [Avatar(114073-2815091080442290724)]:doAction 5368383011831808004 30010004 114073
[]   S_INFO    baseapp26 1000 700018  [2026-08-08 01:53:03 117] - [Avatar(114073-2815091080442290724)]:in baseUseItems: 56 30010004 1 114073
[]   S_INFO    baseapp26 1000 700018  [2026-08-08 01:53:03 218] - [Avatar(114073-2815091080442290724)]:in onTimeAddAward, self.dropAwardInfoDict: {5368382874393772035: [{'awardVal': {'exp': {'itemId': 30000003, 'configName': 'exp', 'data': 0}, 'coin': {'itemId': 30000002, 'configName': 'coin', 'data': 70}, 'money': {'itemId': 30000001, 'configName': 'money', 'data': 0}, 'darkIron': {'itemId': 30000013, 'configName': 'darkIron', 'data': 0}, 'guildContrib': {'itemId': 30000005, 'configName': 'guildContrib', 'data': 0}, 'guildMoney': {'itemId': 30000006, 'configName': 'guildMoney', 'data': 0}, 'guildFund': {'itemId': 30000007, 'configName': 'guildFund', 'data': 0}, 'guildExp': {'itemId': 30000008, 'configName': 'guildExp', 'data': 0}, 'bindMoney': {'itemId': 30000021, 'configName': 'boundMoney', 'data': 0}, 'appearanceCoin': {'itemId': 30000242, 'configName': 'appearanceCoin', 'data': 0}, 'guildCommission': {'itemId': 30000023, 'configName': 'guildCommission', 'data': 0}, 'petItemWealth': {'data': {}, 'itemsObjs': []}, 'itemWealth': {'data': {}, 'itemsObjs': []}, 'titleWealth': {'data': []}, 'fightProps': {'data': []}}, 'opUUID': 5368382874393772035, 'srcType': 1, 'detail': {'monsterId': 11226114, 'spaceNo': 19060000}, 'equipList': [], 'petItemList': [], 'awardCtx': {'level': 31, 'srcEntId': 81890884, 'args': {'avatarLv': 38, 'lv': 31, 'factor': 1.5, 'avatarSex': 2}, 'extra': {'eventTipId': 11226114, 'monsterId': 11226114, 'monsterSpaceNo': 19060000, 'activityId': 0, 'srcType': 1, 'opUUID': 5368382874393772035, 'detail': {'monsterId': 11226114
more...+
1.5, 'avatarSex': 2}, 'extra': {'eventTipId': 11226114, 'monsterId': 11226114, 'monsterSpaceNo': 19060000, 'activityId': 0, 'srcType': 1, 'opUUID': 5368382943113248773, 'detail': {'monsterId': 11226114, 'spaceNo': 19060000}, 'additionProps': {'copper': 0.20749999582767487}, 'school': 1001, 'awardId': 40040531, 'avatarGbId': 2815091080442290724, 'avatarId': 114073, 'isMonthCardExpired': False, 'isBigMonthCardExpired': False, 'avatarScoreRank': 162, 'isCrossServer': False, 'avatarName': '谷雪雨'}}}]}
[]   S_INFO    cellapp37 1000 800005  [2026-08-08 01:53:03 556] - [Monster(81890952)]:_useSkillBySkillObj: skill:91000269, tgt:114073, arr:[0.08664461225271225, 0.0, 0.9962393045425415], False
[]   S_INFO    cellapp37 1000 800005  [2026-08-08 01:53:03 838] - [Monster(81890965)]:_useSkillBySkillObj: skill:91000278, tgt:114073, arr:[-0.053837962448596954, 0.0, 0.9985496997833252], False
[]   S_INFO    baseapp26 1000 700018  [2026-08-08 01:53:04 318] - [Avatar(114073-2815091080442290724)]:in onTimeAddAward, self.dropAwardInfoDict: {5368382908753510402: [{'awardVal': {'exp': {'itemId': 30000003, 'configName': 'exp', 'data': 0}, 'coin': {'itemId': 30000002, 'configName': 'coin', 'data': 70}, 'money': {'itemId': 30000001, 'configName': 'money', 'data': 0}, 'darkIron': {'itemId': 30000013, 'configName': 'darkIron', 'data': 0}, 'guildContrib': {'itemId': 30000005, 'configName': 'guildContrib', 'data': 0}, 'guildMoney': {'itemId': 30000006, 'configName': 'guildMoney', 'data': 0}, 'guildFund': {'itemId': 30000007, 'configName': 'guildFund', 'data': 0}, 'guildExp': {'itemId': 30000008, 'configName': 'guildExp', 'data': 0}, 'bindMoney': {'itemId': 30000021, 'configName': 'boundMoney', 'data': 0}, 'appearanceCoin': {'itemId': 30000242, 'configName': 'appearanceCoin', 'data': 0}, 'guildCommission': {'itemId': 30000023, 'configName': 'guildCommission', 'data': 0}, 'petItemWealth': {'data': {}, 'itemsObjs': []}, 'itemWealth': {'data': {}, 'itemsObjs': []}, 'titleWealth': {'data': []}, 'fightProps': {'data': []}}, 'opUUID': 5368382908753510402, 'srcType': 1, 'detail': {'monsterId': 11226114, 'spaceNo': 19060000}, 'equipList': [], 'petItemList': [], 'awardCtx': {'level': 31, 'srcEntId': 81890848, 'args': {'avatarLv': 38, 'lv': 31, 'factor': 1.5, 'avatarSex': 2}, 'extra': {'eventTipId': 11226114, 'monsterId': 11226114, 'monsterSpaceNo': 19060000, 'activityId': 0, 'srcType': 1, 'opUUID': 5368382908753510402, 'detail': {'monsterId': 11226114
more...+
1.5, 'avatarSex': 2}, 'extra': {'eventTipId': 11226114, 'monsterId': 11226114, 'monsterSpaceNo': 19060000, 'activityId': 0, 'srcType': 1, 'opUUID': 5368382943113248773, 'detail': {'monsterId': 11226114, 'spaceNo': 19060000}, 'additionProps': {'copper': 0.20749999582767487}, 'school': 1001, 'awardId': 40040531, 'avatarGbId': 2815091080442290724, 'avatarId': 114073, 'isMonthCardExpired': False, 'isBigMonthCardExpired': False, 'avatarScoreRank': 162, 'isCrossServer': False, 'avatarName': '谷雪雨'}}}]}
[]   S_INFO    baseapp26 1000 700018  [2026-08-08 01:53:04 339] - [Avatar(114073-2815091080442290724)]:in baseUseItems: 54 30010003 1 114073
[]   S_INFO    cellapp37 1000 800005  [2026-08-08 01:53:04 128] - [Monster(81890953)]:_useSkillBySkillObj: skill:91000278, tgt:114073, arr:[0.0015640059718862176, 0.0, 0.9999988079071045], False
[]   S_INFO    cellapp37 1000 800005  [2026-08-08 01:53:04 343] - [Avatar(114073-2815091080442290724)]:doAction 5368383046191546369 30010003 114073
[]   S_INFO    baseapp26 1000 700018  [2026-08-08 01:53:04 618] - [Avatar(114073-2815091080442290724)]:in onTimeAddAward, self.dropAwardInfoDict: {5368382908753510406: [{'awardVal': {'exp': {'itemId': 30000003, 'configName': 'exp', 'data': 0}, 'coin': {'itemId': 30000002, 'configName': 'coin', 'data': 70}, 'money': {'itemId': 30000001, 'configName': 'money', 'data': 0}, 'darkIron': {'itemId': 30000013, 'configName': 'darkIron', 'data': 0}, 'guildContrib': {'itemId': 30000005, 'configName': 'guildContrib', 'data': 0}, 'guildMoney': {'itemId': 30000006, 'configName': 'guildMoney', 'data': 0}, 'guildFund': {'itemId': 30000007, 'configName': 'guildFund', 'data': 0}, 'guildExp': {'itemId': 30000008, 'configName': 'guildExp', 'data': 0}, 'bindMoney': {'itemId': 30000021, 'configName': 'boundMoney', 'data': 0}, 'appearanceCoin': {'itemId': 30000242, 'configName': 'appearanceCoin', 'data': 0}, 'guildCommission': {'itemId': 30000023, 'configName': 'guildCommission', 'data': 0}, 'petItemWealth': {'data': {}, 'itemsObjs': []}, 'itemWealth': {'data': {}, 'itemsObjs': []}, 'titleWealth': {'data': []}, 'fightProps': {'data': []}}, 'opUUID': 5368382908753510406, 'srcType': 1, 'detail': {'monsterId': 11226112, 'spaceNo': 19060000}, 'equipList': [], 'petItemList': [], 'awardCtx': {'level': 31, 'srcEntId': 81890900, 'args': {'avatarLv': 38, 'lv': 31, 'factor': 1.5, 'avatarSex': 2}, 'extra': {'eventTipId': 11226112, 'monsterId': 11226112, 'monsterSpaceNo': 19060000, 'activityId': 0, 'srcType': 1, 'opUUID': 5368382908753510406, 'detail': {'monsterId': 11226112
more...+
1.5, 'avatarSex': 2}, 'extra': {'eventTipId': 11226114, 'monsterId': 11226114, 'monsterSpaceNo': 19060000, 'activityId': 0, 'srcType': 1, 'opUUID': 5368382943113248773, 'detail': {'monsterId': 11226114, 'spaceNo': 19060000}, 'additionProps': {'copper': 0.20749999582767487}, 'school': 1001, 'awardId': 40040531, 'avatarGbId': 2815091080442290724, 'avatarId': 114073, 'isMonthCardExpired': False, 'isBigMonthCardExpired': False, 'avatarScoreRank': 162, 'isCrossServer': False, 'avatarName': '谷雪雨'}}}]}
[]   S_WARN    cellapp37 1000 800005  [2026-08-08 01:53:05 328] - [Monster(81890941)]:goDie 114073 1 90010004 False
[]   S_WARN    cellapp37 1000 800005  [2026-08-08 01:53:05 328] - [Monster(81890953)]:goDie 114073 1 90010004 False
[]   S_INFO    baseapp26 1000 700018  [2026-08-08 01:53:05 418] - [Avatar(114073-2815091080442290724)]:in onTimeAddAward, self.dropAwardInfoDict: {5368382943113248772: [{'awardVal': {'exp': {'itemId': 30000003, 'configName': 'exp', 'data': 0}, 'coin': {'itemId': 30000002, 'configName': 'coin', 'data': 0}, 'money': {'itemId': 30000001, 'configName': 'money', 'data': 0}, 'darkIron': {'itemId': 30000013, 'configName': 'darkIron', 'data': 0}, 'guildContrib': {'itemId': 30000005, 'configName': 'guildContrib', 'data': 0}, 'guildMoney': {'itemId': 30000006, 'configName': 'guildMoney', 'data': 0}, 'guildFund': {'itemId': 30000007, 'configName': 'guildFund', 'data': 0}, 'guildExp': {'itemId': 30000008, 'configName': 'guildExp', 'data': 0}, 'bindMoney': {'itemId': 30000021, 'configName': 'boundMoney', 'data': 0}, 'appearanceCoin': {'itemId': 30000242, 'configName': 'appearanceCoin', 'data': 0}, 'guildCommission': {'itemId': 30000023, 'configName': 'guildCommission', 'data': 0}, 'petItemWealth': {'data': {}, 'itemsObjs': []}, 'itemWealth': {'data': {}, 'itemsObjs': []}, 'titleWealth': {'data': []}, 'fightProps': {'data': []}}, 'opUUID': 5368382943113248772, 'srcType': 1, 'detail': {'monsterId': 11226112, 'spaceNo': 19060000}, 'equipList': [], 'petItemList': [], 'awardCtx': {'level': 31, 'srcEntId': 81890905, 'args': {'avatarLv': 38, 'lv': 31, 'factor': 1.5, 'avatarSex': 2}, 'extra': {'eventTipId': 11226112, 'monsterId': 11226112, 'monsterSpaceNo': 19060000, 'activityId': 0, 'srcType': 1, 'opUUID': 5368382943113248772, 'detail': {'monsterId': 11226112,
more...+
1.5, 'avatarSex': 2}, 'extra': {'eventTipId': 11226114, 'monsterId': 11226114, 'monsterSpaceNo': 19060000, 'activityId': 0, 'srcType': 1, 'opUUID': 5368383080552202249, 'detail': {'monsterId': 11226114, 'spaceNo': 19060000}, 'additionProps': {'copper': 0.20749999582767487}, 'school': 1001, 'awardId': 40040531, 'avatarGbId': 2815091080442290724, 'avatarId': 114073, 'isMonthCardExpired': False, 'isBigMonthCardExpired': False, 'avatarScoreRank': 162, 'isCrossServer': False, 'avatarName': '谷雪雨'}}}]}
[]   S_INFO    baseapp26 1000 700018  [2026-08-08 01:53:05 418] - [Avatar(114073-2815091080442290724)]:in onTimeAddAward, self.dropAwardInfoDict: {5368382943113248773: [{'awardVal': {'exp': {'itemId': 30000003, 'configName': 'exp', 'data': 0}, 'coin': {'itemId': 30000002, 'configName': 'coin', 'data': 0}, 'money': {'itemId': 30000001, 'configName': 'money', 'data': 0}, 'darkIron': {'itemId': 30000013, 'configName': 'darkIron', 'data': 0}, 'guildContrib': {'itemId': 30000005, 'configName': 'guildContrib', 'data': 0}, 'guildMoney': {'itemId': 30000006, 'configName': 'guildMoney', 'data': 0}, 'guildFund': {'itemId': 30000007, 'configName': 'guildFund', 'data': 0}, 'guildExp': {'itemId': 30000008, 'configName': 'guildExp', 'data': 0}, 'bindMoney': {'itemId': 30000021, 'configName': 'boundMoney', 'data': 0}, 'appearanceCoin': {'itemId': 30000242, 'configName': 'appearanceCoin', 'data': 0}, 'guildCommission': {'itemId': 30000023, 'configName': 'guildCommission', 'data': 0}, 'petItemWealth': {'data': {}, 'itemsObjs': []}, 'itemWealth': {'data': {30000264: {0: 1}}, 'itemsObjs': []}, 'titleWealth': {'data': []}, 'fightProps': {'data': []}}, 'opUUID': 5368382943113248773, 'srcType': 1, 'detail': {'monsterId': 11226114, 'spaceNo': 19060000}, 'equipList': [], 'petItemList': [], 'awardCtx': {'level': 31, 'srcEntId': 81890863, 'args': {'avatarLv': 38, 'lv': 31, 'factor': 1.5, 'avatarSex': 2}, 'extra': {'eventTipId': 11226114, 'monsterId': 11226114, 'monsterSpaceNo': 19060000, 'activityId': 0, 'srcType': 1, 'opUUID': 5368382943113248773, 'detail': {'monst
more...+
1.5, 'avatarSex': 2}, 'extra': {'eventTipId': 11226114, 'monsterId': 11226114, 'monsterSpaceNo': 19060000, 'activityId': 0, 'srcType': 1, 'opUUID': 5368383080552202249, 'detail': {'monsterId': 11226114, 'spaceNo': 19060000}, 'additionProps': {'copper': 0.20749999582767487}, 'school': 1001, 'awardId': 40040531, 'avatarGbId': 2815091080442290724, 'avatarId': 114073, 'isMonthCardExpired': False, 'isBigMonthCardExpired': False, 'avatarScoreRank': 162, 'isCrossServer': False, 'avatarName': '谷雪雨'}}}]}
[]   S_INFO    cellapp37 1000 800005  [2026-08-08 01:53:08 042] - [Avatar(114073-2815091080442290724)]:doAction 5368383183630499840 30010004 114073
[]   S_INFO    baseapp26 1000 700018  [2026-08-08 01:53:08 039] - [Avatar(114073-2815091080442290724)]:in baseUseItems: 56 30010004 1 114073
[]   S_WARN    cellapp37 1000 800005  [2026-08-08 01:53:09 032] - [Monster(81891015)]:goDie 114073 1 90010003 False
[]   S_INFO    baseapp26 1000 700018  [2026-08-08 01:53:09 318] - [Avatar(114073-2815091080442290724)]:in onTimeAddAward, self.dropAwardInfoDict: {5368383080552202248: [{'awardVal': {'exp': {'itemId': 30000003, 'configName': 'exp', 'data': 0}, 'coin': {'itemId': 30000002, 'configName': 'coin', 'data': 70}, 'money': {'itemId': 30000001, 'configName': 'money', 'data': 0}, 'darkIron': {'itemId': 30000013, 'configName': 'darkIron', 'data': 0}, 'guildContrib': {'itemId': 30000005, 'configName': 'guildContrib', 'data': 0}, 'guildMoney': {'itemId': 30000006, 'configName': 'guildMoney', 'data': 0}, 'guildFund': {'itemId': 30000007, 'configName': 'guildFund', 'data': 0}, 'guildExp': {'itemId': 30000008, 'configName': 'guildExp', 'data': 0}, 'bindMoney': {'itemId': 30000021, 'configName': 'boundMoney', 'data': 0}, 'appearanceCoin': {'itemId': 30000242, 'configName': 'appearanceCoin', 'data': 0}, 'guildCommission': {'itemId': 30000023, 'configName': 'guildCommission', 'data': 0}, 'petItemWealth': {'data': {}, 'itemsObjs': []}, 'itemWealth': {'data': {}, 'itemsObjs': []}, 'titleWealth': {'data': []}, 'fightProps': {'data': []}}, 'opUUID': 5368383080552202248, 'srcType': 1, 'detail': {'monsterId': 11226114, 'spaceNo': 19060000}, 'equipList': [], 'petItemList': [], 'awardCtx': {'level': 31, 'srcEntId': 81890941, 'args': {'avatarLv': 38, 'lv': 31, 'factor': 1.5, 'avatarSex': 2}, 'extra': {'eventTipId': 11226114, 'monsterId': 11226114, 'monsterSpaceNo': 19060000, 'activityId': 0, 'srcType': 1, 'opUUID': 5368383080552202248, 'detail': {'monsterId': 11226114
more...+
1.5, 'avatarSex': 2}, 'extra': {'eventTipId': 11226114, 'monsterId': 11226114, 'monsterSpaceNo': 19060000, 'activityId': 0, 'srcType': 1, 'opUUID': 5368383217991155712, 'detail': {'monsterId': 11226114, 'spaceNo': 19060000}, 'additionProps': {'copper': 0.20749999582767487}, 'school': 1001, 'awardId': 40040531, 'avatarGbId': 2815091080442290724, 'avatarId': 114073, 'isMonthCardExpired': False, 'isBigMonthCardExpired': False, 'avatarScoreRank': 162, 'isCrossServer': False, 'avatarName': '谷雪雨'}}}]}
[]   S_INFO    baseapp26 1000 700018  [2026-08-08 01:53:09 318] - [Avatar(114073-2815091080442290724)]:in onTimeAddAward, self.dropAwardInfoDict: {5368383080552202249: [{'awardVal': {'exp': {'itemId': 30000003, 'configName': 'exp', 'data': 0}, 'coin': {'itemId': 30000002, 'configName': 'coin', 'data': 0}, 'money': {'itemId': 30000001, 'configName': 'money', 'data': 0}, 'darkIron': {'itemId': 30000013, 'configName': 'darkIron', 'data': 0}, 'guildContrib': {'itemId': 30000005, 'configName': 'guildContrib', 'data': 0}, 'guildMoney': {'itemId': 30000006, 'configName': 'guildMoney', 'data': 0}, 'guildFund': {'itemId': 30000007, 'configName': 'guildFund', 'data': 0}, 'guildExp': {'itemId': 30000008, 'configName': 'guildExp', 'data': 0}, 'bindMoney': {'itemId': 30000021, 'configName': 'boundMoney', 'data': 0}, 'appearanceCoin': {'itemId': 30000242, 'configName': 'appearanceCoin', 'data': 0}, 'guildCommission': {'itemId': 30000023, 'configName': 'guildCommission', 'data': 0}, 'petItemWealth': {'data': {}, 'itemsObjs': []}, 'itemWealth': {'data': {}, 'itemsObjs': []}, 'titleWealth': {'data': []}, 'fightProps': {'data': []}}, 'opUUID': 5368383080552202249, 'srcType': 1, 'detail': {'monsterId': 11226114, 'spaceNo': 19060000}, 'equipList': [], 'petItemList': [], 'awardCtx': {'level': 31, 'srcEntId': 81890953, 'args': {'avatarLv': 38, 'lv': 31, 'factor': 1.5, 'avatarSex': 2}, 'extra': {'eventTipId': 11226114, 'monsterId': 11226114, 'monsterSpaceNo': 19060000, 'activityId': 0, 'srcType': 1, 'opUUID': 5368383080552202249, 'detail': {'monsterId': 11226114,
more...+
1.5, 'avatarSex': 2}, 'extra': {'eventTipId': 11226114, 'monsterId': 11226114, 'monsterSpaceNo': 19060000, 'activityId': 0, 'srcType': 1, 'opUUID': 5368383217991155712, 'detail': {'monsterId': 11226114, 'spaceNo': 19060000}, 'additionProps': {'copper': 0.20749999582767487}, 'school': 1001, 'awardId': 40040531, 'avatarGbId': 2815091080442290724, 'avatarId': 114073, 'isMonthCardExpired': False, 'isBigMonthCardExpired': False, 'avatarScoreRank': 162, 'isCrossServer': False, 'avatarName': '谷雪雨'}}}]}
[]   S_WARN    cellapp37 1000 800005  [2026-08-08 01:53:10 129] - [Monster(81891052)]:goDie 114073 1 90010001 False
[]   S_INFO    baseapp26 1000 700018  [2026-08-08 01:53:10 818] - [Avatar(114073-2815091080442290724)]:in onTimeAddAward, self.dropAwardInfoDict: {5368383114911940621: [{'awardVal': {'exp': {'itemId': 30000003, 'configName': 'exp', 'data': 0}, 'coin': {'itemId': 30000002, 'configName': 'coin', 'data': 70}, 'money': {'itemId': 30000001, 'configName': 'money', 'data': 0}, 'darkIron': {'itemId': 30000013, 'configName': 'darkIron', 'data': 0}, 'guildContrib': {'itemId': 30000005, 'configName': 'guildContrib', 'data': 0}, 'guildMoney': {'itemId': 30000006, 'configName': 'guildMoney', 'data': 0}, 'guildFund': {'itemId': 30000007, 'configName': 'guildFund', 'data': 0}, 'guildExp': {'itemId': 30000008, 'configName': 'guildExp', 'data': 0}, 'bindMoney': {'itemId': 30000021, 'configName': 'boundMoney', 'data': 0}, 'appearanceCoin': {'itemId': 30000242, 'configName': 'appearanceCoin', 'data': 0}, 'guildCommission': {'itemId': 30000023, 'configName': 'guildCommission', 'data': 0}, 'petItemWealth': {'data': {}, 'itemsObjs': []}, 'itemWealth': {'data': {30000266: {0: 1}}, 'itemsObjs': []}, 'titleWealth': {'data': []}, 'fightProps': {'data': []}}, 'opUUID': 5368383114911940621, 'srcType': 1, 'detail': {'monsterId': 11226112, 'spaceNo': 19060000}, 'equipList': [], 'petItemList': [], 'awardCtx': {'level': 31, 'srcEntId': 81890952, 'args': {'avatarLv': 38, 'lv': 31, 'factor': 1.5, 'avatarSex': 2}, 'extra': {'eventTipId': 11226112, 'monsterId': 11226112, 'monsterSpaceNo': 19060000, 'activityId': 0, 'srcType': 1, 'opUUID': 5368383114911940621, 'detail': {'mons
more...+
1.5, 'avatarSex': 2}, 'extra': {'eventTipId': 11226112, 'monsterId': 11226112, 'monsterSpaceNo': 19060000, 'activityId': 0, 'srcType': 1, 'opUUID': 5368383252350894081, 'detail': {'monsterId': 11226112, 'spaceNo': 19060000}, 'additionProps': {'copper': 0.20749999582767487}, 'school': 1001, 'awardId': 40044031, 'avatarGbId': 2815091080442290724, 'avatarId': 114073, 'isMonthCardExpired': False, 'isBigMonthCardExpired': False, 'avatarScoreRank': 162, 'isCrossServer': False, 'avatarName': '谷雪雨'}}}]}
[]   S_INFO    baseapp26 1000 700018  [2026-08-08 01:53:10 819] - [Avatar(114073-2815091080442290724)]:in onTimeAddAward, self.dropAwardInfoDict: {5368383114911940622: [{'awardVal': {'exp': {'itemId': 30000003, 'configName': 'exp', 'data': 0}, 'coin': {'itemId': 30000002, 'configName': 'coin', 'data': 0}, 'money': {'itemId': 30000001, 'configName': 'money', 'data': 0}, 'darkIron': {'itemId': 30000013, 'configName': 'darkIron', 'data': 0}, 'guildContrib': {'itemId': 30000005, 'configName': 'guildContrib', 'data': 0}, 'guildMoney': {'itemId': 30000006, 'configName': 'guildMoney', 'data': 0}, 'guildFund': {'itemId': 30000007, 'configName': 'guildFund', 'data': 0}, 'guildExp': {'itemId': 30000008, 'configName': 'guildExp', 'data': 0}, 'bindMoney': {'itemId': 30000021, 'configName': 'boundMoney', 'data': 0}, 'appearanceCoin': {'itemId': 30000242, 'configName': 'appearanceCoin', 'data': 0}, 'guildCommission': {'itemId': 30000023, 'configName': 'guildCommission', 'data': 0}, 'petItemWealth': {'data': {}, 'itemsObjs': []}, 'itemWealth': {'data': {}, 'itemsObjs': []}, 'titleWealth': {'data': []}, 'fightProps': {'data': []}}, 'opUUID': 5368383114911940622, 'srcType': 1, 'detail': {'monsterId': 11226114, 'spaceNo': 19060000}, 'equipList': [], 'petItemList': [], 'awardCtx': {'level': 31, 'srcEntId': 81890965, 'args': {'avatarLv': 38, 'lv': 31, 'factor': 1.5, 'avatarSex': 2}, 'extra': {'eventTipId': 11226114, 'monsterId': 11226114, 'monsterSpaceNo': 19060000, 'activityId': 0, 'srcType': 1, 'opUUID': 5368383114911940622, 'detail': {'monsterId': 11226114,
more...+
1.5, 'avatarSex': 2}, 'extra': {'eventTipId': 11226112, 'monsterId': 11226112, 'monsterSpaceNo': 19060000, 'activityId': 0, 'srcType': 1, 'opUUID': 5368383252350894081, 'detail': {'monsterId': 11226112, 'spaceNo': 19060000}, 'additionProps': {'copper': 0.20749999582767487}, 'school': 1001, 'awardId': 40044031, 'avatarGbId': 2815091080442290724, 'avatarId': 114073, 'isMonthCardExpired': False, 'isBigMonthCardExpired': False, 'avatarScoreRank': 162, 'isCrossServer': False, 'avatarName': '谷雪雨'}}}]}
[]   S_WARN    cellapp37 1000 800005  [2026-08-08 01:53:11 634] - [Monster(81891083)]:goDie 114073 1 90010041 False
[]   S_WARN    cellapp37 1000 800005  [2026-08-08 01:53:12 332] - [Monster(81891142)]:goDie 114073 1 90010015 False
[]   S_WARN    cellapp37 1000 800005  [2026-08-08 01:53:12 333] - [Monster(81891133)]:goDie 114073 1 90010015 False
[]   S_INFO    baseapp26 1000 700018  [2026-08-08 01:53:13 020] - [Avatar(114073-2815091080442290724)]:in onTimeAddAward, self.dropAwardInfoDict: {5368383217991155712: [{'awardVal': {'exp': {'itemId': 30000003, 'configName': 'exp', 'data': 0}, 'coin': {'itemId': 30000002, 'configName': 'coin', 'data': 70}, 'money': {'itemId': 30000001, 'configName': 'money', 'data': 0}, 'darkIron': {'itemId': 30000013, 'configName': 'darkIron', 'data': 0}, 'guildContrib': {'itemId': 30000005, 'configName': 'guildContrib', 'data': 0}, 'guildMoney': {'itemId': 30000006, 'configName': 'guildMoney', 'data': 0}, 'guildFund': {'itemId': 30000007, 'configName': 'guildFund', 'data': 0}, 'guildExp': {'itemId': 30000008, 'configName': 'guildExp', 'data': 0}, 'bindMoney': {'itemId': 30000021, 'configName': 'boundMoney', 'data': 0}, 'appearanceCoin': {'itemId': 30000242, 'configName': 'appearanceCoin', 'data': 0}, 'guildCommission': {'itemId': 30000023, 'configName': 'guildCommission', 'data': 0}, 'petItemWealth': {'data': {}, 'itemsObjs': []}, 'itemWealth': {'data': {}, 'itemsObjs': []}, 'titleWealth': {'data': []}, 'fightProps': {'data': []}}, 'opUUID': 5368383217991155712, 'srcType': 1, 'detail': {'monsterId': 11226114, 'spaceNo': 19060000}, 'equipList': [], 'petItemList': [], 'awardCtx': {'level': 31, 'srcEntId': 81891015, 'args': {'avatarLv': 38, 'lv': 31, 'factor': 1.5, 'avatarSex': 2}, 'extra': {'eventTipId': 11226114, 'monsterId': 11226114, 'monsterSpaceNo': 19060000, 'activityId': 0, 'srcType': 1, 'opUUID': 5368383217991155712, 'detail': {'monsterId': 11226114
more...+
1.5, 'avatarSex': 2}, 'extra': {'eventTipId': 11226114, 'monsterId': 11226114, 'monsterSpaceNo': 19060000, 'activityId': 0, 'srcType': 1, 'opUUID': 5368383321070370823, 'detail': {'monsterId': 11226114, 'spaceNo': 19060000}, 'additionProps': {'copper': 0.20749999582767487}, 'school': 1001, 'awardId': 40040531, 'avatarGbId': 2815091080442290724, 'avatarId': 114073, 'isMonthCardExpired': False, 'isBigMonthCardExpired': False, 'avatarScoreRank': 162, 'isCrossServer': False, 'avatarName': '谷雪雨'}}}]}
[]   S_WARN    cellapp37 1000 800005  [2026-08-08 01:53:13 635] - [Monster(81891161)]:goDie 114073 1 90010002 False
[]   S_INFO    baseapp26 1000 700018  [2026-08-08 01:53:14 118] - [Avatar(114073-2815091080442290724)]:in onTimeAddAward, self.dropAwardInfoDict: {5368383252350894081: [{'awardVal': {'exp': {'itemId': 30000003, 'configName': 'exp', 'data': 0}, 'coin': {'itemId': 30000002, 'configName': 'coin', 'data': 70}, 'money': {'itemId': 30000001, 'configName': 'money', 'data': 0}, 'darkIron': {'itemId': 30000013, 'configName': 'darkIron', 'data': 0}, 'guildContrib': {'itemId': 30000005, 'configName': 'guildContrib', 'data': 0}, 'guildMoney': {'itemId': 30000006, 'configName': 'guildMoney', 'data': 0}, 'guildFund': {'itemId': 30000007, 'configName': 'guildFund', 'data': 0}, 'guildExp': {'itemId': 30000008, 'configName': 'guildExp', 'data': 0}, 'bindMoney': {'itemId': 30000021, 'configName': 'boundMoney', 'data': 0}, 'appearanceCoin': {'itemId': 30000242, 'configName': 'appearanceCoin', 'data': 0}, 'guildCommission': {'itemId': 30000023, 'configName': 'guildCommission', 'data': 0}, 'petItemWealth': {'data': {}, 'itemsObjs': []}, 'itemWealth': {'data': {}, 'itemsObjs': []}, 'titleWealth': {'data': []}, 'fightProps': {'data': []}}, 'opUUID': 5368383252350894081, 'srcType': 1, 'detail': {'monsterId': 11226112, 'spaceNo': 19060000}, 'equipList': [], 'petItemList': [], 'awardCtx': {'level': 31, 'srcEntId': 81891052, 'args': {'avatarLv': 38, 'lv': 31, 'factor': 1.5, 'avatarSex': 2}, 'extra': {'eventTipId': 11226112, 'monsterId': 11226112, 'monsterSpaceNo': 19060000, 'activityId': 0, 'srcType': 1, 'opUUID': 5368383252350894081, 'detail': {'monsterId': 11226112
more...+
1.5, 'avatarSex': 2}, 'extra': {'eventTipId': 11226112, 'monsterId': 11226112, 'monsterSpaceNo': 19060000, 'activityId': 0, 'srcType': 1, 'opUUID': 5368383355430109200, 'detail': {'monsterId': 11226112, 'spaceNo': 19060000}, 'additionProps': {'copper': 0.20749999582767487}, 'school': 1001, 'awardId': 40044031, 'avatarGbId': 2815091080442290724, 'avatarId': 114073, 'isMonthCardExpired': False, 'isBigMonthCardExpired': False, 'avatarScoreRank': 162, 'isCrossServer': False, 'avatarName': '谷雪雨'}}}]}
[]   S_INFO    baseapp26 1000 700018  [2026-08-08 01:53:15 618] - [Avatar(114073-2815091080442290724)]:in onTimeAddAward, self.dropAwardInfoDict: {5368383286710632454: [{'awardVal': {'exp': {'itemId': 30000003, 'configName': 'exp', 'data': 0}, 'coin': {'itemId': 30000002, 'configName': 'coin', 'data': 0}, 'money': {'itemId': 30000001, 'configName': 'money', 'data': 0}, 'darkIron': {'itemId': 30000013, 'configName': 'darkIron', 'data': 0}, 'guildContrib': {'itemId': 30000005, 'configName': 'guildContrib', 'data': 0}, 'guildMoney': {'itemId': 30000006, 'configName': 'guildMoney', 'data': 0}, 'guildFund': {'itemId': 30000007, 'configName': 'guildFund', 'data': 0}, 'guildExp': {'itemId': 30000008, 'configName': 'guildExp', 'data': 0}, 'bindMoney': {'itemId': 30000021, 'configName': 'boundMoney', 'data': 0}, 'appearanceCoin': {'itemId': 30000242, 'configName': 'appearanceCoin', 'data': 0}, 'guildCommission': {'itemId': 30000023, 'configName': 'guildCommission', 'data': 0}, 'petItemWealth': {'data': {}, 'itemsObjs': []}, 'itemWealth': {'data': {}, 'itemsObjs': []}, 'titleWealth': {'data': []}, 'fightProps': {'data': []}}, 'opUUID': 5368383286710632454, 'srcType': 1, 'detail': {'monsterId': 11226112, 'spaceNo': 19060000}, 'equipList': [], 'petItemList': [], 'awardCtx': {'level': 31, 'srcEntId': 81891083, 'args': {'avatarLv': 38, 'lv': 31, 'factor': 1.5, 'avatarSex': 2}, 'extra': {'eventTipId': 11226112, 'monsterId': 11226112, 'monsterSpaceNo': 19060000, 'activityId': 0, 'srcType': 1, 'opUUID': 5368383286710632454, 'detail': {'monsterId': 11226112,
more...+
1.5, 'avatarSex': 2}, 'extra': {'eventTipId': 11226114, 'monsterId': 11226114, 'monsterSpaceNo': 19060000, 'activityId': 0, 'srcType': 1, 'opUUID': 5368383424149585920, 'detail': {'monsterId': 11226114, 'spaceNo': 19060000}, 'additionProps': {'copper': 0.20749999582767487}, 'school': 1001, 'awardId': 40040531, 'avatarGbId': 2815091080442290724, 'avatarId': 114073, 'isMonthCardExpired': False, 'isBigMonthCardExpired': False, 'avatarScoreRank': 162, 'isCrossServer': False, 'avatarName': '谷雪雨'}}}]}
[]   S_WARN    cellapp37 1000 800005  [2026-08-08 01:53:15 134] - [Monster(81891163)]:goDie 114073 1 90010001 False
[]   S_INFO    cellapp37 1000 800005  [2026-08-08 01:53:16 532] - [Monster(81891243)]:_useSkillBySkillObj: skill:91000269, tgt:114073, arr:[0.9278233647346497, 0.0, -0.3730197548866272], False
[]   S_INFO    baseapp26 1000 700018  [2026-08-08 01:53:16 318] - [Avatar(114073-2815091080442290724)]:in onTimeAddAward, self.dropAwardInfoDict: {5368383321070370822: [{'awardVal': {'exp': {'itemId': 30000003, 'configName': 'exp', 'data': 0}, 'coin': {'itemId': 30000002, 'configName': 'coin', 'data': 0}, 'money': {'itemId': 30000001, 'configName': 'money', 'data': 0}, 'darkIron': {'itemId': 30000013, 'configName': 'darkIron', 'data': 0}, 'guildContrib': {'itemId': 30000005, 'configName': 'guildContrib', 'data': 0}, 'guildMoney': {'itemId': 30000006, 'configName': 'guildMoney', 'data': 0}, 'guildFund': {'itemId': 30000007, 'configName': 'guildFund', 'data': 0}, 'guildExp': {'itemId': 30000008, 'configName': 'guildExp', 'data': 0}, 'bindMoney': {'itemId': 30000021, 'configName': 'boundMoney', 'data': 0}, 'appearanceCoin': {'itemId': 30000242, 'configName': 'appearanceCoin', 'data': 0}, 'guildCommission': {'itemId': 30000023, 'configName': 'guildCommission', 'data': 0}, 'petItemWealth': {'data': {}, 'itemsObjs': []}, 'itemWealth': {'data': {}, 'itemsObjs': []}, 'titleWealth': {'data': []}, 'fightProps': {'data': []}}, 'opUUID': 5368383321070370822, 'srcType': 1, 'detail': {'monsterId': 11226114, 'spaceNo': 19060000}, 'equipList': [], 'petItemList': [], 'awardCtx': {'level': 31, 'srcEntId': 81891142, 'args': {'avatarLv': 38, 'lv': 31, 'factor': 1.5, 'avatarSex': 2}, 'extra': {'eventTipId': 11226114, 'monsterId': 11226114, 'monsterSpaceNo': 19060000, 'activityId': 0, 'srcType': 1, 'opUUID': 5368383321070370822, 'detail': {'monsterId': 11226114,
more...+
1.5, 'avatarSex': 2}, 'extra': {'eventTipId': 11226114, 'monsterId': 11226114, 'monsterSpaceNo': 19060000, 'activityId': 0, 'srcType': 1, 'opUUID': 5368383424149585920, 'detail': {'monsterId': 11226114, 'spaceNo': 19060000}, 'additionProps': {'copper': 0.20749999582767487}, 'school': 1001, 'awardId': 40040531, 'avatarGbId': 2815091080442290724, 'avatarId': 114073, 'isMonthCardExpired': False, 'isBigMonthCardExpired': False, 'avatarScoreRank': 162, 'isCrossServer': False, 'avatarName': '谷雪雨'}}}]}

===== [2026-08-11 17:17:57] query='114073' range=2026-08-08 01:50:25 ~ 2026-08-08 01:55:25 page=1 =====
{"__tag__:__client_ip__": "8.136.51.6", "__tag__:__hostname__": "game10001", "__tag__:__pack_id__": "DC248CDAC2129497-9F6", "__tag__:__path__": "/home/fengyan/Server/kbengine/assets/logs/logger_baseapp.log", "__tag__:__receive_time__": "1786125027", "__tag__:__user_defined_id__": "erce", "__topic__": "", "class": "Avatar", "component": "700018", "content": "  S_INFO    baseapp26 1000 700018  [2026-08-08 01:50:27 372] - [Avatar(114073-2815091080442290724)]:in baseUseItems: 54 30010003 1 114073", "entityId": "114073", "gbId": "2815091080442290724", "levelInt": "1000", "logLevel": "S_INFO", "message": ":in baseUseItems: 54 30010003 1 114073", "process": "baseapp26", "thredRef": "", "time": "2026-08-08 01:50:27 372"}
{"__tag__:__client_ip__": "8.136.51.6", "__tag__:__hostname__": "game10001", "__tag__:__pack_id__": "5D46BC1D6FF38282-1163", "__tag__:__path__": "/home/fengyan/Server/kbengine/assets/logs/logger_cellapp.log", "__tag__:__receive_time__": "1786125027", "__tag__:__user_defined_id__": "erce", "__topic__": "", "class": "Avatar", "component": "800028", "content": "  S_INFO    cellapp09 1000 800028  [2026-08-08 01:50:27 423] - [Avatar(114073-2815091080442290724)]:doAction 5368377651712622604 30010003 114073", "entityId": "114073", "gbId": "2815091080442290724", "levelInt": "1000", "logLevel": "S_INFO", "message": ":doAction 5368377651712622604 30010003 114073", "process": "cellapp09", "thredRef": "", "time": "2026-08-08 01:50:27 423"}
{"__tag__:__client_ip__": "8.136.51.6", "__tag__:__hostname__": "game10001", "__tag__:__pack_id__": "DC248CDAC2129497-A01", "__tag__:__path__": "/home/fengyan/Server/kbengine/assets/logs/logger_baseapp.log", "__tag__:__receive_time__": "1786125032", "__tag__:__user_defined_id__": "erce", "__topic__": "", "class": "Avatar", "component": "700018", "content": "  S_INFO    baseapp26 1000 700018  [2026-08-08 01:50:32 373] - [Avatar(114073-2815091080442290724)]:in baseUseItems: 54 30010003 1 114073", "entityId": "114073", "gbId": "2815091080442290724", "levelInt": "1000", "logLevel": "S_INFO", "message": ":in baseUseItems: 54 30010003 1 114073", "process": "baseapp26", "thredRef": "", "time": "2026-08-08 01:50:32 373"}
{"__tag__:__client_ip__": "8.136.51.6", "__tag__:__hostname__": "game10001", "__tag__:__pack_id__": "5D46BC1D6FF38282-1172", "__tag__:__path__": "/home/fengyan/Server/kbengine/assets/logs/logger_cellapp.log", "__tag__:__receive_time__": "1786125032", "__tag__:__user_defined_id__": "erce", "__topic__": "", "class": "Avatar", "component": "800028", "content": "  S_INFO    cellapp09 1000 800028  [2026-08-08 01:50:32 417] - [Avatar(114073-2815091080442290724)]:doAction 5368377823511314436 30010003 114073", "entityId": "114073", "gbId": "2815091080442290724", "levelInt": "1000", "logLevel": "S_INFO", "message": ":doAction 5368377823511314436 30010003 114073", "process": "cellapp09", "thredRef": "", "time": "2026-08-08 01:50:32 417"}
{"__tag__:__client_ip__": "8.136.51.6", "__tag__:__hostname__": "game10001", "__tag__:__pack_id__": "DC248CDAC2129497-A0C", "__tag__:__path__": "/home/fengyan/Server/kbengine/assets/logs/logger_baseapp.log", "__tag__:__receive_time__": "1786125037", "__tag__:__user_defined_id__": "erce", "__topic__": "", "class": "Avatar", "component": "700018", "content": "  S_INFO    baseapp26 1000 700018  [2026-08-08 01:50:37 372] - [Avatar(114073-2815091080442290724)]:in baseUseItems: 54 30010003 1 114073", "entityId": "114073", "gbId": "2815091080442290724", "levelInt": "1000", "logLevel": "S_INFO", "message": ":in baseUseItems: 54 30010003 1 114073", "process": "baseapp26", "thredRef": "", "time": "2026-08-08 01:50:37 372"}
{"__tag__:__client_ip__": "8.136.51.6", "__tag__:__hostname__": "game10001", "__tag__:__pack_id__": "5D46BC1D6FF38282-1182", "__tag__:__path__": "/home/fengyan/Server/kbengine/assets/logs/logger_cellapp.log", "__tag__:__receive_time__": "1786125037", "__tag__:__user_defined_id__": "erce", "__topic__": "", "class": "Avatar", "component": "800028", "content": "  S_INFO    cellapp09 1000 800028  [2026-08-08 01:50:37 426] - [Avatar(114073-2815091080442290724)]:doAction 5368377995310006277 30010003 114073", "entityId": "114073", "gbId": "2815091080442290724", "levelInt": "1000", "logLevel": "S_INFO", "message": ":doAction 5368377995310006277 30010003 114073", "process": "cellapp09", "thredRef": "", "time": "2026-08-08 01:50:37 426"}
{"__tag__:__client_ip__": "8.136.51.6", "__tag__:__hostname__": "game10001", "__tag__:__pack_id__": "5D46BC1D6FF38282-1185", "__tag__:__path__": "/home/fengyan/Server/kbengine/assets/logs/logger_cellapp.log", "__tag__:__receive_time__": "1786125038", "__tag__:__user_defined_id__": "erce", "__topic__": "", "component": "800028", "content": " WARNING    cellapp09 1000 800028  [2026-08-08 01:50:38 607] - Witness::update(114073): sendToClient 1566 Bytes.\ndebug:\nentId18796288:212\nentId18964609:204\nentId24332682:196\nentId25538031:191\nentId81742820:105\nentId81822833:105\nentId81874598:111\nentId81874744:111\nentId81875120:106\n", "levelInt": "1000", "logLevel": "WARNING", "message": "Witness::update(114073): sendToClient 1566 Bytes.\ndebug:\nentId18796288:212\nentId18964609:204\nentId24332682:196\nentId25538031:191\nentId81742820:105\nentId81822833:105\nentId81874598:111\nentId81874744:111\nentId81875120:106\n", "process": "cellapp09", "thredRef": "", "time": "2026-08-08 01:50:38 607"}
{"__tag__:__client_ip__": "8.136.51.6", "__tag__:__hostname__": "game10001", "__tag__:__pack_id__": "DC248CDAC2129497-A16", "__tag__:__path__": "/home/fengyan/Server/kbengine/assets/logs/logger_baseapp.log", "__tag__:__receive_time__": "1786125042", "__tag__:__user_defined_id__": "erce", "__topic__": "", "class": "Avatar", "component": "700018", "content": "  S_INFO    baseapp26 1000 700018  [2026-08-08 01:50:42 372] - [Avatar(114073-2815091080442290724)]:in baseUseItems: 54 30010003 1 114073", "entityId": "114073", "gbId": "2815091080442290724", "levelInt": "1000", "logLevel": "S_INFO", "message": ":in baseUseItems: 54 30010003 1 114073", "process": "baseapp26", "thredRef": "", "time": "2026-08-08 01:50:42 372"}
{"__tag__:__client_ip__": "8.136.51.6", "__tag__:__hostname__": "game10001", "__tag__:__pack_id__": "5D46BC1D6FF38282-1191", "__tag__:__path__": "/home/fengyan/Server/kbengine/assets/logs/logger_cellapp.log", "__tag__:__receive_time__": "1786125042", "__tag__:__user_defined_id__": "erce", "__topic__": "", "class": "Avatar", "component": "800028", "content": "  S_INFO    cellapp09 1000 800028  [2026-08-08 01:50:42 416] - [Avatar(114073-2815091080442290724)]:doAction 5368378167108698121 30010003 114073", "entityId": "114073", "gbId": "2815091080442290724", "levelInt": "1000", "logLevel": "S_INFO", "message": ":doAction 5368378167108698121 30010003 114073", "process": "cellapp09", "thredRef": "", "time": "2026-08-08 01:50:42 416"}
{"__tag__:__client_ip__": "8.136.51.6", "__tag__:__hostname__": "game10001", "__tag__:__pack_id__": "DC248CDAC2129497-A20", "__tag__:__path__": "/home/fengyan/Server/kbengine/assets/logs/logger_baseapp.log", "__tag__:__receive_time__": "1786125047", "__tag__:__user_defined_id__": "erce", "__topic__": "", "class": "Avatar", "component": "700018", "content": "  S_INFO    baseapp26 1000 700018  [2026-08-08 01:50:47 373] - [Avatar(114073-2815091080442290724)]:in baseUseItems: 54 30010003 1 114073", "entityId": "114073", "gbId": "2815091080442290724", "levelInt": "1000", "logLevel": "S_INFO", "message": ":in baseUseItems: 54 30010003 1 114073", "process": "baseapp26", "thredRef": "", "time": "2026-08-08 01:50:47 373"}
{"__tag__:__client_ip__": "8.136.51.6", "__tag__:__hostname__": "game10001", "__tag__:__pack_id__": "5D46BC1D6FF38282-119F", "__tag__:__path__": "/home/fengyan/Server/kbengine/assets/logs/logger_cellapp.log", "__tag__:__receive_time__": "1786125047", "__tag__:__user_defined_id__": "erce", "__topic__": "", "class": "Avatar", "component": "800028", "content": "  S_INFO    cellapp09 1000 800028  [2026-08-08 01:50:47 414] - [Avatar(114073-2815091080442290724)]:doAction 5368378338907389957 30010003 114073", "entityId": "114073", "gbId": "2815091080442290724", "levelInt": "1000", "logLevel": "S_INFO", "message": ":doAction 5368378338907389957 30010003 114073", "process": "cellapp09", "thredRef": "", "time": "2026-08-08 01:50:47 414"}
{"__tag__:__client_ip__": "8.136.51.6", "__tag__:__hostname__": "game10001", "__tag__:__pack_id__": "5D46BC1D6FF38282-11AE", "__tag__:__path__": "/home/fengyan/Server/kbengine/assets/logs/logger_cellapp.log", "__tag__:__receive_time__": "1786125052", "__tag__:__user_defined_id__": "erce", "__topic__": "", "class": "Avatar", "component": "800028", "content": "  S_INFO    cellapp09 1000 800028  [2026-08-08 01:50:52 424] - [Avatar(114073-2815091080442290724)]:doAction 5368378510706081799 30010003 114073", "entityId": "114073", "gbId": "2815091080442290724", "levelInt": "1000", "logLevel": "S_INFO", "message": ":doAction 5368378510706081799 30010003 114073", "process": "cellapp09", "thredRef": "", "time": "2026-08-08 01:50:52 424"}
{"__tag__:__client_ip__": "8.136.51.6", "__tag__:__hostname__": "game10001", "__tag__:__pack_id__": "DC248CDAC2129497-A2B", "__tag__:__path__": "/home/fengyan/Server/kbengine/assets/logs/logger_baseapp.log", "__tag__:__receive_time__": "1786125052", "__tag__:__user_defined_id__": "erce", "__topic__": "", "class": "Avatar", "component": "700018", "content": "  S_INFO    baseapp26 1000 700018  [2026-08-08 01:50:52 373] - [Avatar(114073-2815091080442290724)]:in baseUseItems: 54 30010003 1 114073", "entityId": "114073", "gbId": "2815091080442290724", "levelInt": "1000", "logLevel": "S_INFO", "message": ":in baseUseItems: 54 30010003 1 114073", "process": "baseapp26", "thredRef": "", "time": "2026-08-08 01:50:52 373"}
{"__tag__:__client_ip__": "8.136.51.6", "__tag__:__hostname__": "game10001", "__tag__:__pack_id__": "DC248CDAC2129497-A34", "__tag__:__path__": "/home/fengyan/Server/kbengine/assets/logs/logger_baseapp.log", "__tag__:__receive_time__": "1786125056", "__tag__:__user_defined_id__": "erce", "__topic__": "", "class": "WorldLineStub", "component": "700012", "content": "  S_INFO    baseapp15 1000 700012  [2026-08-08 01:50:56 386] - [WorldLineStub(76009)]:enterLine 114073 2815091080442290724 -1 {'fromLineNo': 1, 'telToMainCityWhenFull': False, 'mpFailCb': 'switchMapModeTransmitFail', 'mpFailCbArgs': (0,), 'isBase': False, 'position': (295.8668, 0.5394398, 276.222)} 0", "entityId": "76009", "gbId": "", "levelInt": "1000", "logLevel": "S_INFO", "message": ":enterLine 114073 2815091080442290724 -1 {'fromLineNo': 1, 'telToMainCityWhenFull': False, 'mpFailCb': 'switchMapModeTransmitFail', 'mpFailCbArgs': (0,), 'isBase': False, 'position': (295.8668, 0.5394398, 276.222)} 0", "process": "baseapp15", "thredRef": "", "time": "2026-08-08 01:50:56 386"}
{"__tag__:__client_ip__": "8.136.51.6", "__tag__:__hostname__": "game10001", "__tag__:__pack_id__": "DC248CDAC2129497-A34", "__tag__:__path__": "/home/fengyan/Server/kbengine/assets/logs/logger_baseapp.log", "__tag__:__receive_time__": "1786125056", "__tag__:__user_defined_id__": "erce", "__topic__": "", "component": "700018", "content": "   DEBUG    baseapp26 1000 700018  [2026-08-08 01:50:56 423] - Avatar::onMigrationCellappStart: 114073, sourceCellAppID=800028, targetCellappID=800001", "levelInt": "1000", "logLevel": "DEBUG", "message": "Avatar::onMigrationCellappStart: 114073, sourceCellAppID=800028, targetCellappID=800001", "process": "baseapp26", "thredRef": "", "time": "2026-08-08 01:50:56 423"}
{"__tag__:__client_ip__": "8.136.51.6", "__tag__:__hostname__": "game10001", "__tag__:__pack_id__": "DC248CDAC2129497-A34", "__tag__:__path__": "/home/fengyan/Server/kbengine/assets/logs/logger_baseapp.log", "__tag__:__receive_time__": "1786125056", "__tag__:__user_defined_id__": "erce", "__topic__": "", "component": "700018", "content": "   DEBUG    baseapp26 1000 700018  [2026-08-08 01:50:56 430] - Avatar::onMigrationCellappEnd: 114073, sourceCellAppID=800028, targetCellappID=800001", "levelInt": "1000", "logLevel": "DEBUG", "message": "Avatar::onMigrationCellappEnd: 114073, sourceCellAppID=800028, targetCellappID=800001", "process": "baseapp26", "thredRef": "", "time": "2026-08-08 01:50:56 430"}
{"__tag__:__client_ip__": "8.136.51.6", "__tag__:__hostname__": "game10001", "__tag__:__pack_id__": "DC248CDAC2129497-A34", "__tag__:__path__": "/home/fengyan/Server/kbengine/assets/logs/logger_baseapp.log", "__tag__:__receive_time__": "1786125056", "__tag__:__user_defined_id__": "erce", "__topic__": "", "class": "WorldLineStub", "component": "700012", "content": "  S_INFO    baseapp15 1000 700012  [2026-08-08 01:50:56 431] - [WorldLineStub(76009)]:enterLineSuccess 1 114073 {'teamUUID': 0} 2815091080442290724", "entityId": "76009", "gbId": "", "levelInt": "1000", "logLevel": "S_INFO", "message": ":enterLineSuccess 1 114073 {'teamUUID': 0} 2815091080442290724", "process": "baseapp15", "thredRef": "", "time": "2026-08-08 01:50:56 431"}
{"__tag__:__client_ip__": "8.136.51.6", "__tag__:__hostname__": "game10001", "__tag__:__pack_id__": "DC248CDAC2129497-A34", "__tag__:__path__": "/home/fengyan/Server/kbengine/assets/logs/logger_baseapp.log", "__tag__:__receive_time__": "1786125056", "__tag__:__user_defined_id__": "erce", "__topic__": "", "class": "WorldLineStub", "component": "700029", "content": "  S_INFO    baseapp16 1000 700029  [2026-08-08 01:50:56 431] - [WorldLineStub(80008)]:leaveLine Base id:114073, utype:52, component=baseapp[700018], addr: 172.22.70.251:57513. 2815091080442290724 10110001 0", "entityId": "80008", "gbId": "", "levelInt": "1000", "logLevel": "S_INFO", "message": ":leaveLine Base id:114073, utype:52, component=baseapp[700018], addr: 172.22.70.251:57513. 2815091080442290724 10110001 0", "process": "baseapp16", "thredRef": "", "time": "2026-08-08 01:50:56 431"}
{"__tag__:__client_ip__": "8.136.51.6", "__tag__:__hostname__": "game10001", "__tag__:__pack_id__": "5D46BC1D6FF38282-11BB", "__tag__:__path__": "/home/fengyan/Server/kbengine/assets/logs/logger_cellapp.log", "__tag__:__receive_time__": "1786125056", "__tag__:__user_defined_id__": "erce", "__topic__": "", "component": "800001", "content": "    INFO    cellapp02 1000 800001  [2026-08-08 01:50:56 427] - EntityApp::createEntity: new Avatar 114073", "levelInt": "1000", "logLevel": "INFO", "message": "EntityApp::createEntity: new Avatar 114073", "process": "cellapp02", "thredRef": "", "time": "2026-08-08 01:50:56 427"}
{"__tag__:__client_ip__": "8.136.51.6", "__tag__:__hostname__": "game10001", "__tag__:__pack_id__": "5D46BC1D6FF38282-11BB", "__tag__:__path__": "/home/fengyan/Server/kbengine/assets/logs/logger_cellapp.log", "__tag__:__receive_time__": "1786125056", "__tag__:__user_defined_id__": "erce", "__topic__": "", "class": "Avatar", "component": "800001", "content": "  S_INFO    cellapp02 1000 800001  [2026-08-08 01:50:56 431] - [Avatar(114073-2815091080442290724)]:resetStateTeleport 114073 34", "entityId": "114073", "gbId": "2815091080442290724", "levelInt": "1000", "logLevel": "S_INFO", "message": ":resetStateTeleport 114073 34", "process": "cellapp02", "thredRef": "", "time": "2026-08-08 01:50:56 431"}
{"__tag__:__client_ip__": "8.136.51.6", "__tag__:__hostname__": "game10001", "__tag__:__pack_id__": "5D46BC1D6FF38282-11BB", "__tag__:__path__": "/home/fengyan/Server/kbengine/assets/logs/logger_cellapp.log", "__tag__:__receive_time__": "1786125056", "__tag__:__user_defined_id__": "erce", "__topic__": "", "class": "WorldLineSpaceMgr", "component": "800001", "content": "  S_INFO    cellapp02 1000 800001  [2026-08-08 01:50:56 431] - [WorldLineSpaceMgr(20098)]:IShowMapEntityType::onPlayerEnter 114073", "entityId": "20098", "gbId": "", "levelInt": "1000", "logLevel": "S_INFO", "message": ":IShowMapEntityType::onPlayerEnter 114073", "process": "cellapp02", "thredRef": "", "time": "2026-08-08 01:50:56 431"}
{"__tag__:__client_ip__": "8.136.51.6", "__tag__:__hostname__": "game10001", "__tag__:__pack_id__": "5D46BC1D6FF38282-11BB", "__tag__:__path__": "/home/fengyan/Server/kbengine/assets/logs/logger_cellapp.log", "__tag__:__receive_time__": "1786125056", "__tag__:__user_defined_id__": "erce", "__topic__": "", "component": "800028", "content": "   DEBUG    cellapp09 1000 800028  [2026-08-08 01:50:56 423] - Avatar::changeToGhost(): 114073, realCell=800001, spaceID=1720, position=(572.896,128.893,164.792).", "levelInt": "1000", "logLevel": "DEBUG", "message": "Avatar::changeToGhost(): 114073, realCell=800001, spaceID=1720, position=(572.896,128.893,164.792).", "process": "cellapp09", "thredRef": "", "time": "2026-08-08 01:50:56 423"}
{"__tag__:__client_ip__": "8.136.51.6", "__tag__:__hostname__": "game10001", "__tag__:__pack_id__": "5D46BC1D6FF38282-11BB", "__tag__:__path__": "/home/fengyan/Server/kbengine/assets/logs/logger_cellapp.log", "__tag__:__receive_time__": "1786125056", "__tag__:__user_defined_id__": "erce", "__topic__": "", "class": "WorldLineSpaceMgr", "component": "800028", "content": "  S_INFO    cellapp09 1000 800028  [2026-08-08 01:50:56 431] - [WorldLineSpaceMgr(36113)]:IShowMapEntityType::onPlayerLeave 2815091080442290724 114073", "entityId": "36113", "gbId": "", "levelInt": "1000", "logLevel": "S_INFO", "message": ":IShowMapEntityType::onPlayerLeave 2815091080442290724 114073", "process": "cellapp09", "thredRef": "", "time": "2026-08-08 01:50:56 431"}
{"__tag__:__client_ip__": "8.136.51.6", "__tag__:__hostname__": "game10001", "__tag__:__pack_id__": "5D46BC1D6FF38282-11BB", "__tag__:__path__": "/home/fengyan/Server/kbengine/assets/logs/logger_cellapp.log", "__tag__:__receive_time__": "1786125056", "__tag__:__user_defined_id__": "erce", "__topic__": "", "component": "800028", "content": "    INFO    cellapp09 1000 800028  [2026-08-08 01:50:56 513] - Avatar::~Avatar(): 114073", "levelInt": "1000", "logLevel": "INFO", "message": "Avatar::~Avatar(): 114073", "process": "cellapp09", "thredRef": "", "time": "2026-08-08 01:50:56 513"}
{"__tag__:__client_ip__": "8.136.51.6", "__tag__:__hostname__": "game10001", "__tag__:__pack_id__": "5D46BC1D6FF38282-11BD", "__tag__:__path__": "/home/fengyan/Server/kbengine/assets/logs/logger_cellapp.log", "__tag__:__receive_time__": "1786125057", "__tag__:__user_defined_id__": "erce", "__topic__": "", "class": "Avatar", "component": "800001", "content": "  S_INFO    cellapp02 1000 800001  [2026-08-08 01:50:57 253] - [Avatar(114073-2815091080442290724)]:doAction 5368378682504773635 30010003 114073", "entityId": "114073", "gbId": "2815091080442290724", "levelInt": "1000", "logLevel": "S_INFO", "message": ":doAction 5368378682504773635 30010003 114073", "process": "cellapp02", "thredRef": "", "time": "2026-08-08 01:50:57 253"}
{"__tag__:__client_ip__": "8.136.51.6", "__tag__:__hostname__": "game10001", "__tag__:__pack_id__": "DC248CDAC2129497-A36", "__tag__:__path__": "/home/fengyan/Server/kbengine/assets/logs/logger_baseapp.log", "__tag__:__receive_time__": "1786125057", "__tag__:__user_defined_id__": "erce", "__topic__": "", "class": "Avatar", "component": "700018", "content": "  S_INFO    baseapp26 1000 700018  [2026-08-08 01:50:57 247] - [Avatar(114073-2815091080442290724)]:in baseUseItems: 54 30010003 1 114073", "entityId": "114073", "gbId": "2815091080442290724", "levelInt": "1000", "logLevel": "S_INFO", "message": ":in baseUseItems: 54 30010003 1 114073", "process": "baseapp26", "thredRef": "", "time": "2026-08-08 01:50:57 247"}
{"__tag__:__client_ip__": "8.136.51.6", "__tag__:__hostname__": "game10001", "__tag__:__pack_id__": "5D46BC1D6FF38282-11CC", "__tag__:__path__": "/home/fengyan/Server/kbengine/assets/logs/logger_cellapp.log", "__tag__:__receive_time__": "1786125062", "__tag__:__user_defined_id__": "erce", "__topic__": "", "class": "Avatar", "component": "800001", "content": "  S_INFO    cellapp02 1000 800001  [2026-08-08 01:51:02 252] - [Avatar(114073-2815091080442290724)]:doAction 5368378854303465474 30010003 114073", "entityId": "114073", "gbId": "2815091080442290724", "levelInt": "1000", "logLevel": "S_INFO", "message": ":doAction 5368378854303465474 30010003 114073", "process": "cellapp02", "thredRef": "", "time": "2026-08-08 01:51:02 252"}
{"__tag__:__client_ip__": "8.136.51.6", "__tag__:__hostname__": "game10001", "__tag__:__pack_id__": "DC248CDAC2129497-A41", "__tag__:__path__": "/home/fengyan/Server/kbengine/assets/logs/logger_baseapp.log", "__tag__:__receive_time__": "1786125062", "__tag__:__user_defined_id__": "erce", "__topic__": "", "class": "Avatar", "component": "700018", "content": "  S_INFO    baseapp26 1000 700018  [2026-08-08 01:51:02 247] - [Avatar(114073-2815091080442290724)]:in baseUseItems: 54 30010003 1 114073", "entityId": "114073", "gbId": "2815091080442290724", "levelInt": "1000", "logLevel": "S_INFO", "message": ":in baseUseItems: 54 30010003 1 114073", "process": "baseapp26", "thredRef": "", "time": "2026-08-08 01:51:02 247"}
{"__tag__:__client_ip__": "8.136.51.6", "__tag__:__hostname__": "game10001", "__tag__:__pack_id__": "5D46BC1D6FF38282-11DB", "__tag__:__path__": "/home/fengyan/Server/kbengine/assets/logs/logger_cellapp.log", "__tag__:__receive_time__": "1786125067", "__tag__:__user_defined_id__": "erce", "__topic__": "", "class": "Avatar", "component": "800001", "content": "  S_INFO    cellapp02 1000 800001  [2026-08-08 01:51:07 252] - [Avatar(114073-2815091080442290724)]:doAction 5368379026102157317 30010003 114073", "entityId": "114073", "gbId": "2815091080442290724", "levelInt": "1000", "logLevel": "S_INFO", "message": ":doAction 5368379026102157317 30010003 114073", "process": "cellapp02", "thredRef": "", "time": "2026-08-08 01:51:07 252"}
{"__tag__:__client_ip__": "8.136.51.6", "__tag__:__hostname__": "game10001", "__tag__:__pack_id__": "DC248CDAC2129497-A4C", "__tag__:__path__": "/home/fengyan/Server/kbengine/assets/logs/logger_baseapp.log", "__tag__:__receive_time__": "1786125067", "__tag__:__user_defined_id__": "erce", "__topic__": "", "class": "Avatar", "component": "700018", "content": "  S_INFO    baseapp26 1000 700018  [2026-08-08 01:51:07 247] - [Avatar(114073-2815091080442290724)]:in baseUseItems: 54 30010003 1 114073", "entityId": "114073", "gbId": "2815091080442290724", "levelInt": "1000", "logLevel": "S_INFO", "message": ":in baseUseItems: 54 30010003 1 114073", "process": "baseapp26", "thredRef": "", "time": "2026-08-08 01:51:07 247"}
{"__tag__:__client_ip__": "8.136.51.6", "__tag__:__hostname__": "game10001", "__tag__:__pack_id__": "DC248CDAC2129497-A57", "__tag__:__path__": "/home/fengyan/Server/kbengine/assets/logs/logger_baseapp.log", "__tag__:__receive_time__": "1786125072", "__tag__:__user_defined_id__": "erce", "__topic__": "", "component": "700018", "content": "    INFO    baseapp26 1000 700018  [2026-08-08 01:51:11 922] - Baseapp::onCellWriteToDBCompleted: Avatar(114073).", "levelInt": "1000", "logLevel": "INFO", "message": "Baseapp::onCellWriteToDBCompleted: Avatar(114073).", "process": "baseapp26", "thredRef": "", "time": "2026-08-08 01:51:11 922"}
{"__tag__:__client_ip__": "8.136.51.6", "__tag__:__hostname__": "game10001", "__tag__:__pack_id__": "DC248CDAC2129497-A57", "__tag__:__path__": "/home/fengyan/Server/kbengine/assets/logs/logger_baseapp.log", "__tag__:__receive_time__": "1786125072", "__tag__:__user_defined_id__": "erce", "__topic__": "", "component": "700018", "content": "   DEBUG    baseapp26 1000 700018  [2026-08-08 01:51:12 254] - Avatar::onMigrationCellappStart: 114073, sourceCellAppID=800001, targetCellappID=800005", "levelInt": "1000", "logLevel": "DEBUG", "message": "Avatar::onMigrationCellappStart: 114073, sourceCellAppID=800001, targetCellappID=800005", "process": "baseapp26", "thredRef": "", "time": "2026-08-08 01:51:12 254"}
{"__tag__:__client_ip__": "8.136.51.6", "__tag__:__hostname__": "game10001", "__tag__:__pack_id__": "DC248CDAC2129497-A57", "__tag__:__path__": "/home/fengyan/Server/kbengine/assets/logs/logger_baseapp.log", "__tag__:__receive_time__": "1786125072", "__tag__:__user_defined_id__": "erce", "__topic__": "", "component": "700018", "content": "   DEBUG    baseapp26 1000 700018  [2026-08-08 01:51:12 261] - Avatar::onMigrationCellappEnd: 114073, sourceCellAppID=800001, targetCellappID=800005", "levelInt": "1000", "logLevel": "DEBUG", "message": "Avatar::onMigrationCellappEnd: 114073, sourceCellAppID=800001, targetCellappID=800005", "process": "baseapp26", "thredRef": "", "time": "2026-08-08 01:51:12 261"}
{"__tag__:__client_ip__": "8.136.51.6", "__tag__:__hostname__": "game10001", "__tag__:__pack_id__": "DC248CDAC2129497-A57", "__tag__:__path__": "/home/fengyan/Server/kbengine/assets/logs/logger_baseapp.log", "__tag__:__receive_time__": "1786125072", "__tag__:__user_defined_id__": "erce", "__topic__": "", "class": "WorldLineStub", "component": "700012", "content": "  S_INFO    baseapp15 1000 700012  [2026-08-08 01:51:12 253] - [WorldLineStub(76012)]:enterLine 114073 2815091080442290724 -1 {'fromLineNo': 1, 'telToMainCityWhenFull': False, 'mpFailCb': 'transmitWithMapPointEnterFail', 'mpFailCbArgs': (1,), 'position': (427.2167, 148.9391, 520.3405)} 0", "entityId": "76012", "gbId": "", "levelInt": "1000", "logLevel": "S_INFO", "message": ":enterLine 114073 2815091080442290724 -1 {'fromLineNo': 1, 'telToMainCityWhenFull': False, 'mpFailCb': 'transmitWithMapPointEnterFail', 'mpFailCbArgs': (1,), 'position': (427.2167, 148.9391, 520.3405)} 0", "process": "baseapp15", "thredRef": "", "time": "2026-08-08 01:51:12 253"}
{"__tag__:__client_ip__": "8.136.51.6", "__tag__:__hostname__": "game10001", "__tag__:__pack_id__": "DC248CDAC2129497-A57", "__tag__:__path__": "/home/fengyan/Server/kbengine/assets/logs/logger_baseapp.log", "__tag__:__receive_time__": "1786125072", "__tag__:__user_defined_id__": "erce", "__topic__": "", "class": "WorldLineStub", "component": "700012", "content": "  S_INFO    baseapp15 1000 700012  [2026-08-08 01:51:12 263] - [WorldLineStub(76012)]:enterLineSuccess 0 114073 {'teamUUID': 0} 2815091080442290724", "entityId": "76012", "gbId": "", "levelInt": "1000", "logLevel": "S_INFO", "message": ":enterLineSuccess 0 114073 {'teamUUID': 0} 2815091080442290724", "process": "baseapp15", "thredRef": "", "time": "2026-08-08 01:51:12 263"}
{"__tag__:__client_ip__": "8.136.51.6", "__tag__:__hostname__": "game10001", "__tag__:__pack_id__": "DC248CDAC2129497-A57", "__tag__:__path__": "/home/fengyan/Server/kbengine/assets/logs/logger_baseapp.log", "__tag__:__receive_time__": "1786125072", "__tag__:__user_defined_id__": "erce", "__topic__": "", "class": "WorldLineStub", "component": "700012", "content": "  S_INFO    baseapp15 1000 700012  [2026-08-08 01:51:12 263] - [WorldLineStub(76009)]:leaveLine Base id:114073, utype:52, component=baseapp[700018], addr: 172.22.70.251:57513. 2815091080442290724 10010001 0", "entityId": "76009", "gbId": "", "levelInt": "1000", "logLevel": "S_INFO", "message": ":leaveLine Base id:114073, utype:52, component=baseapp[700018], addr: 172.22.70.251:57513. 2815091080442290724 10010001 0", "process": "baseapp15", "thredRef": "", "time": "2026-08-08 01:51:12 263"}
{"__tag__:__client_ip__": "8.136.51.6", "__tag__:__hostname__": "game10001", "__tag__:__pack_id__": "5D46BC1D6FF38282-11EA", "__tag__:__path__": "/home/fengyan/Server/kbengine/assets/logs/logger_cellapp.log", "__tag__:__receive_time__": "1786125072", "__tag__:__user_defined_id__": "erce", "__topic__": "", "component": "800001", "content": "   DEBUG    cellapp02 1000 800001  [2026-08-08 01:51:12 254] - Avatar::changeToGhost(): 114073, realCell=800005, spaceID=1710, position=(296.832,0.419343,248.537).", "levelInt": "1000", "logLevel": "DEBUG", "message": "Avatar::changeToGhost(): 114073, realCell=800005, spaceID=1710, position=(296.832,0.419343,248.537).", "process": "cellapp02", "thredRef": "", "time": "2026-08-08 01:51:12 254"}
{"__tag__:__client_ip__": "8.136.51.6", "__tag__:__hostname__": "game10001", "__tag__:__pack_id__": "5D46BC1D6FF38282-11EB", "__tag__:__path__": "/home/fengyan/Server/kbengine/assets/logs/logger_cellapp.log", "__tag__:__receive_time__": "1786125072", "__tag__:__user_defined_id__": "erce", "__topic__": "", "component": "800005", "content": "    INFO    cellapp37 1000 800005  [2026-08-08 01:51:12 258] - EntityApp::createEntity: new Avatar 114073", "levelInt": "1000", "logLevel": "INFO", "message": "EntityApp::createEntity: new Avatar 114073", "process": "cellapp37", "thredRef": "", "time": "2026-08-08 01:51:12 258"}
{"__tag__:__client_ip__": "8.136.51.6", "__tag__:__hostname__": "game10001", "__tag__:__pack_id__": "5D46BC1D6FF38282-11EB", "__tag__:__path__": "/home/fengyan/Server/kbengine/assets/logs/logger_cellapp.log", "__tag__:__receive_time__": "1786125072", "__tag__:__user_defined_id__": "erce", "__topic__": "", "class": "Avatar", "component": "800005", "content": "  S_INFO    cellapp37 1000 800005  [2026-08-08 01:51:12 262] - [Avatar(114073-2815091080442290724)]:resetStateTeleport 114073 34", "entityId": "114073", "gbId": "2815091080442290724", "levelInt": "1000", "logLevel": "S_INFO", "message": ":resetStateTeleport 114073 34", "process": "cellapp37", "thredRef": "", "time": "2026-08-08 01:51:12 262"}
{"__tag__:__client_ip__": "8.136.51.6", "__tag__:__hostname__": "game10001", "__tag__:__pack_id__": "5D46BC1D6FF38282-11EB", "__tag__:__path__": "/home/fengyan/Server/kbengine/assets/logs/logger_cellapp.log", "__tag__:__receive_time__": "1786125072", "__tag__:__user_defined_id__": "erce", "__topic__": "", "class": "WorldLineSpaceMgr", "component": "800005", "content": "  S_INFO    cellapp37 1000 800005  [2026-08-08 01:51:12 262] - [WorldLineSpaceMgr(128001)]:IShowMapEntityType::onPlayerEnter 114073", "entityId": "128001", "gbId": "", "levelInt": "1000", "logLevel": "S_INFO", "message": ":IShowMapEntityType::onPlayerEnter 114073", "process": "cellapp37", "thredRef": "", "time": "2026-08-08 01:51:12 262"}
{"__tag__:__client_ip__": "8.136.51.6", "__tag__:__hostname__": "game10001", "__tag__:__pack_id__": "5D46BC1D6FF38282-11EB", "__tag__:__path__": "/home/fengyan/Server/kbengine/assets/logs/logger_cellapp.log", "__tag__:__receive_time__": "1786125072", "__tag__:__user_defined_id__": "erce", "__topic__": "", "class": "WorldLineSpaceMgr", "component": "800001", "content": "  S_INFO    cellapp02 1000 800001  [2026-08-08 01:51:12 262] - [WorldLineSpaceMgr(20098)]:IShowMapEntityType::onPlayerLeave 2815091080442290724 114073", "entityId": "20098", "gbId": "", "levelInt": "1000", "logLevel": "S_INFO", "message": ":IShowMapEntityType::onPlayerLeave 2815091080442290724 114073", "process": "cellapp02", "thredRef": "", "time": "2026-08-08 01:51:12 262"}
{"__tag__:__client_ip__": "8.136.51.6", "__tag__:__hostname__": "game10001", "__tag__:__pack_id__": "5D46BC1D6FF38282-11EB", "__tag__:__path__": "/home/fengyan/Server/kbengine/assets/logs/logger_cellapp.log", "__tag__:__receive_time__": "1786125072", "__tag__:__user_defined_id__": "erce", "__topic__": "", "component": "800001", "content": "    INFO    cellapp02 1000 800001  [2026-08-08 01:51:12 352] - Avatar::~Avatar(): 114073", "levelInt": "1000", "logLevel": "INFO", "message": "Avatar::~Avatar(): 114073", "process": "cellapp02", "thredRef": "", "time": "2026-08-08 01:51:12 352"}
{"__tag__:__client_ip__": "8.136.51.6", "__tag__:__hostname__": "game10001", "__tag__:__pack_id__": "5D46BC1D6FF38282-12BF", "__tag__:__path__": "/home/fengyan/Server/kbengine/assets/logs/logger_cellapp.log", "__tag__:__receive_time__": "1786125142", "__tag__:__user_defined_id__": "erce", "__topic__": "", "class": "Monster", "component": "800005", "content": "  S_INFO    cellapp37 1000 800005  [2026-08-08 01:52:22 018] - [Monster(81845394)]:_useSkillBySkillObj: skill:91000278, tgt:114073, arr:[-0.26500239968299866, 0.0, 0.9642477035522461], False", "entityId": "81845394", "gbId": "", "levelInt": "1000", "logLevel": "S_INFO", "message": ":_useSkillBySkillObj: skill:91000278, tgt:114073, arr:[-0.26500239968299866, 0.0, 0.9642477035522461], False", "process": "cellapp37", "thredRef": "", "time": "2026-08-08 01:52:22 018"}
{"__tag__:__client_ip__": "8.136.51.6", "__tag__:__hostname__": "game10001", "__tag__:__pack_id__": "5D46BC1D6FF38282-12C0", "__tag__:__path__": "/home/fengyan/Server/kbengine/assets/logs/logger_cellapp.log", "__tag__:__receive_time__": "1786125142", "__tag__:__user_defined_id__": "erce", "__topic__": "", "class": "Avatar", "component": "800005", "content": "  S_INFO    cellapp37 1000 800005  [2026-08-08 01:52:22 538] - [Avatar(114073-2815091080442290724)]:doAction 5368381603082534918 30010003 114073", "entityId": "114073", "gbId": "2815091080442290724", "levelInt": "1000", "logLevel": "S_INFO", "message": ":doAction 5368381603082534918 30010003 114073", "process": "cellapp37", "thredRef": "", "time": "2026-08-08 01:52:22 538"}
{"__tag__:__client_ip__": "8.136.51.6", "__tag__:__hostname__": "game10001", "__tag__:__pack_id__": "DC248CDAC2129497-AF1", "__tag__:__path__": "/home/fengyan/Server/kbengine/assets/logs/logger_baseapp.log", "__tag__:__receive_time__": "1786125143", "__tag__:__user_defined_id__": "erce", "__topic__": "", "class": "Avatar", "component": "700018", "content": "  S_INFO    baseapp26 1000 700018  [2026-08-08 01:52:22 534] - [Avatar(114073-2815091080442290724)]:in baseUseItems: 54 30010003 1 114073", "entityId": "114073", "gbId": "2815091080442290724", "levelInt": "1000", "logLevel": "S_INFO", "message": ":in baseUseItems: 54 30010003 1 114073", "process": "baseapp26", "thredRef": "", "time": "2026-08-08 01:52:22 534"}
{"__tag__:__client_ip__": "8.136.51.6", "__tag__:__hostname__": "game10001", "__tag__:__pack_id__": "5D46BC1D6FF38282-12C7", "__tag__:__path__": "/home/fengyan/Server/kbengine/assets/logs/logger_cellapp.log", "__tag__:__receive_time__": "1786125144", "__tag__:__user_defined_id__": "erce", "__topic__": "", "class": "Monster", "component": "800005", "content": "  S_INFO    cellapp37 1000 800005  [2026-08-08 01:52:24 637] - [Monster(81845447)]:_useSkillBySkillObj: skill:91000278, tgt:114073, arr:[0.4380777180194855, 0.0, -0.8989370465278625], False", "entityId": "81845447", "gbId": "", "levelInt": "1000", "logLevel": "S_INFO", "message": ":_useSkillBySkillObj: skill:91000278, tgt:114073, arr:[0.4380777180194855, 0.0, -0.8989370465278625], False", "process": "cellapp37", "thredRef": "", "time": "2026-08-08 01:52:24 637"}
{"__tag__:__client_ip__": "8.136.51.6", "__tag__:__hostname__": "game10001", "__tag__:__pack_id__": "5D46BC1D6FF38282-12C7", "__tag__:__path__": "/home/fengyan/Server/kbengine/assets/logs/logger_cellapp.log", "__tag__:__receive_time__": "1786125144", "__tag__:__user_defined_id__": "erce", "__topic__": "", "class": "Monster", "component": "800005", "content": "  S_INFO    cellapp37 1000 800005  [2026-08-08 01:52:24 830] - [Monster(81845446)]:_useSkillBySkillObj: skill:91000279, tgt:114073, arr:[0.041326578706502914, 0.0, -0.9991456270217896], False", "entityId": "81845446", "gbId": "", "levelInt": "1000", "logLevel": "S_INFO", "message": ":_useSkillBySkillObj: skill:91000279, tgt:114073, arr:[0.041326578706502914, 0.0, -0.9991456270217896], False", "process": "cellapp37", "thredRef": "", "time": "2026-08-08 01:52:24 830"}
{"__tag__:__client_ip__": "8.136.51.6", "__tag__:__hostname__": "game10001", "__tag__:__pack_id__": "5D46BC1D6FF38282-12C7", "__tag__:__path__": "/home/fengyan/Server/kbengine/assets/logs/logger_cellapp.log", "__tag__:__receive_time__": "1786125144", "__tag__:__user_defined_id__": "erce", "__topic__": "", "class": "Monster", "component": "800005", "content": "  S_INFO    cellapp37 1000 800005  [2026-08-08 01:52:24 831] - [Monster(81845106)]:_useSkillBySkillObj: skill:91000269, tgt:114073, arr:[0.5200968384742737, 0.0, -0.8541072607040405], False", "entityId": "81845106", "gbId": "", "levelInt": "1000", "logLevel": "S_INFO", "message": ":_useSkillBySkillObj: skill:91000269, tgt:114073, arr:[0.5200968384742737, 0.0, -0.8541072607040405], False", "process": "cellapp37", "thredRef": "", "time": "2026-08-08 01:52:24 831"}
{"__tag__:__client_ip__": "8.136.51.6", "__tag__:__hostname__": "game10001", "__tag__:__pack_id__": "5D46BC1D6FF38282-12C8", "__tag__:__path__": "/home/fengyan/Server/kbengine/assets/logs/logger_cellapp.log", "__tag__:__receive_time__": "1786125145", "__tag__:__user_defined_id__": "erce", "__topic__": "", "class": "Monster", "component": "800005", "content": "  S_INFO    cellapp37 1000 800005  [2026-08-08 01:52:25 241] - [Monster(81845448)]:_useSkillBySkillObj: skill:91000278, tgt:114073, arr:[0.9578008055686951, 0.0, -0.2874329686164856], False", "entityId": "81845448", "gbId": "", "levelInt": "1000", "logLevel": "S_INFO", "message": ":_useSkillBySkillObj: skill:91000278, tgt:114073, arr:[0.9578008055686951, 0.0, -0.2874329686164856], False", "process": "cellapp37", "thredRef": "", "time": "2026-08-08 01:52:25 241"}
{"__tag__:__client_ip__": "8.136.51.6", "__tag__:__hostname__": "game10001", "__tag__:__pack_id__": "5D46BC1D6FF38282-12CA", "__tag__:__path__": "/home/fengyan/Server/kbengine/assets/logs/logger_cellapp.log", "__tag__:__receive_time__": "1786125145", "__tag__:__user_defined_id__": "erce", "__topic__": "", "class": "Monster", "component": "800005", "content": "  S_INFO    cellapp37 1000 800005  [2026-08-08 01:52:25 718] - [Monster(81845089)]:_useSkillBySkillObj: skill:91000268, tgt:114073, arr:[0.9959185123443604, 0.0, -0.09025749564170837], False", "entityId": "81845089", "gbId": "", "levelInt": "1000", "logLevel": "S_INFO", "message": ":_useSkillBySkillObj: skill:91000268, tgt:114073, arr:[0.9959185123443604, 0.0, -0.09025749564170837], False", "process": "cellapp37", "thredRef": "", "time": "2026-08-08 01:52:25 718"}

===== [2026-08-11 17:18:01] query='changeToGhost and 114073' range=2026-08-08 01:50:25 ~ 2026-08-08 01:55:25 page=1 =====
{"__tag__:__client_ip__": "8.136.51.6", "__tag__:__hostname__": "game10001", "__tag__:__pack_id__": "5D46BC1D6FF38282-11BB", "__tag__:__path__": "/home/fengyan/Server/kbengine/assets/logs/logger_cellapp.log", "__tag__:__receive_time__": "1786125056", "__tag__:__user_defined_id__": "erce", "__topic__": "", "component": "800028", "content": "   DEBUG    cellapp09 1000 800028  [2026-08-08 01:50:56 423] - Avatar::changeToGhost(): 114073, realCell=800001, spaceID=1720, position=(572.896,128.893,164.792).", "levelInt": "1000", "logLevel": "DEBUG", "message": "Avatar::changeToGhost(): 114073, realCell=800001, spaceID=1720, position=(572.896,128.893,164.792).", "process": "cellapp09", "thredRef": "", "time": "2026-08-08 01:50:56 423"}
{"__tag__:__client_ip__": "8.136.51.6", "__tag__:__hostname__": "game10001", "__tag__:__pack_id__": "5D46BC1D6FF38282-11EA", "__tag__:__path__": "/home/fengyan/Server/kbengine/assets/logs/logger_cellapp.log", "__tag__:__receive_time__": "1786125072", "__tag__:__user_defined_id__": "erce", "__topic__": "", "component": "800001", "content": "   DEBUG    cellapp02 1000 800001  [2026-08-08 01:51:12 254] - Avatar::changeToGhost(): 114073, realCell=800005, spaceID=1710, position=(296.832,0.419343,248.537).", "levelInt": "1000", "logLevel": "DEBUG", "message": "Avatar::changeToGhost(): 114073, realCell=800005, spaceID=1710, position=(296.832,0.419343,248.537).", "process": "cellapp02", "thredRef": "", "time": "2026-08-08 01:51:12 254"}
{"__tag__:__client_ip__": "8.136.51.6", "__tag__:__hostname__": "game10001", "__tag__:__pack_id__": "5D46BC1D6FF38282-13A7", "__tag__:__path__": "/home/fengyan/Server/kbengine/assets/logs/logger_cellapp.log", "__tag__:__receive_time__": "1786125218", "__tag__:__user_defined_id__": "erce", "__topic__": "", "component": "800005", "content": "   DEBUG    cellapp37 1000 800005  [2026-08-08 01:53:38 345] - Avatar::changeToGhost(): 114073, realCell=800017, spaceID=367, position=(469.527,166.11,285.034).", "levelInt": "1000", "logLevel": "DEBUG", "message": "Avatar::changeToGhost(): 114073, realCell=800017, spaceID=367, position=(469.527,166.11,285.034).", "process": "cellapp37", "thredRef": "", "time": "2026-08-08 01:53:38 345"}

===== [2026-08-11 17:18:31] query='changeToGhost and 114073' range=2026-08-08 01:50:25 ~ 2026-08-08 01:55:25 page=2 =====

===== [2026-08-11 17:18:33] query='changeToGhost and 114073' range=2026-08-08 01:50:25 ~ 2026-08-08 01:55:25 page=1 =====
{"__tag__:__client_ip__": "8.136.51.6", "__tag__:__hostname__": "game10001", "__tag__:__pack_id__": "5D46BC1D6FF38282-11BB", "__tag__:__path__": "/home/fengyan/Server/kbengine/assets/logs/logger_cellapp.log", "__tag__:__receive_time__": "1786125056", "__tag__:__user_defined_id__": "erce", "__topic__": "", "component": "800028", "content": "   DEBUG    cellapp09 1000 800028  [2026-08-08 01:50:56 423] - Avatar::changeToGhost(): 114073, realCell=800001, spaceID=1720, position=(572.896,128.893,164.792).", "levelInt": "1000", "logLevel": "DEBUG", "message": "Avatar::changeToGhost(): 114073, realCell=800001, spaceID=1720, position=(572.896,128.893,164.792).", "process": "cellapp09", "thredRef": "", "time": "2026-08-08 01:50:56 423"}
{"__tag__:__client_ip__": "8.136.51.6", "__tag__:__hostname__": "game10001", "__tag__:__pack_id__": "5D46BC1D6FF38282-11EA", "__tag__:__path__": "/home/fengyan/Server/kbengine/assets/logs/logger_cellapp.log", "__tag__:__receive_time__": "1786125072", "__tag__:__user_defined_id__": "erce", "__topic__": "", "component": "800001", "content": "   DEBUG    cellapp02 1000 800001  [2026-08-08 01:51:12 254] - Avatar::changeToGhost(): 114073, realCell=800005, spaceID=1710, position=(296.832,0.419343,248.537).", "levelInt": "1000", "logLevel": "DEBUG", "message": "Avatar::changeToGhost(): 114073, realCell=800005, spaceID=1710, position=(296.832,0.419343,248.537).", "process": "cellapp02", "thredRef": "", "time": "2026-08-08 01:51:12 254"}
{"__tag__:__client_ip__": "8.136.51.6", "__tag__:__hostname__": "game10001", "__tag__:__pack_id__": "5D46BC1D6FF38282-13A7", "__tag__:__path__": "/home/fengyan/Server/kbengine/assets/logs/logger_cellapp.log", "__tag__:__receive_time__": "1786125218", "__tag__:__user_defined_id__": "erce", "__topic__": "", "component": "800005", "content": "   DEBUG    cellapp37 1000 800005  [2026-08-08 01:53:38 345] - Avatar::changeToGhost(): 114073, realCell=800017, spaceID=367, position=(469.527,166.11,285.034).", "levelInt": "1000", "logLevel": "DEBUG", "message": "Avatar::changeToGhost(): 114073, realCell=800017, spaceID=367, position=(469.527,166.11,285.034).", "process": "cellapp37", "thredRef": "", "time": "2026-08-08 01:53:38 345"}

===== [2026-08-11 17:19:09] query='' range=2026-08-08 01:50:25 ~ 2026-08-08 01:55:25 page=1 =====
{"__tag__:__client_ip__": "8.136.51.6", "__tag__:__hostname__": "game10001", "__tag__:__pack_id__": "5D46BC1D6FF38282-115B", "__tag__:__path__": "/home/fengyan/Server/kbengine/assets/logs/logger_cellapp.log", "__tag__:__receive_time__": "1786125025", "__tag__:__user_defined_id__": "erce", "__topic__": "", "class": "Summon", "component": "800021", "content": "  S_INFO    cellapp11 1000 800021  [2026-08-08 01:50:24 942] - [Summon(81137422)]:_useSkillBySkillObj: skill:91001020, tgt:81137731, arr:[0.92104572057724, 0.0, 0.38945436477661133], False", "entityId": "81137422", "gbId": "", "levelInt": "1000", "logLevel": "S_INFO", "message": ":_useSkillBySkillObj: skill:91001020, tgt:81137731, arr:[0.92104572057724, 0.0, 0.38945436477661133], False", "process": "cellapp11", "thredRef": "", "time": "2026-08-08 01:50:24 942"}
{"__tag__:__client_ip__": "8.136.51.6", "__tag__:__hostname__": "game10001", "__tag__:__pack_id__": "5D46BC1D6FF38282-115B", "__tag__:__path__": "/home/fengyan/Server/kbengine/assets/logs/logger_cellapp.log", "__tag__:__receive_time__": "1786125025", "__tag__:__user_defined_id__": "erce", "__topic__": "", "class": "Avatar", "component": "800029", "content": "  S_INFO    cellapp39 1000 800029  [2026-08-08 01:50:24 946] - [Avatar(40745-2815091073975233231)]:_useSkillBySkillObj: skill:90020001, tgt:81839763, arr:[-0.7320615649223328, 0.0, 0.6812384128570557], True", "entityId": "40745", "gbId": "2815091073975233231", "levelInt": "1000", "logLevel": "S_INFO", "message": ":_useSkillBySkillObj: skill:90020001, tgt:81839763, arr:[-0.7320615649223328, 0.0, 0.6812384128570557], True", "process": "cellapp39", "thredRef": "", "time": "2026-08-08 01:50:24 946"}
{"__tag__:__client_ip__": "8.136.51.6", "__tag__:__hostname__": "game10001", "__tag__:__pack_id__": "5D46BC1D6FF38282-115B", "__tag__:__path__": "/home/fengyan/Server/kbengine/assets/logs/logger_cellapp.log", "__tag__:__receive_time__": "1786125025", "__tag__:__user_defined_id__": "erce", "__topic__": "", "class": "Avatar", "component": "800029", "content": "  S_INFO    cellapp39 1000 800029  [2026-08-08 01:50:24 947] - [Avatar(10889545-2815091075136216539)]:_useSkillBySkillObj: skill:90020020, tgt:81839768, arr:[0.9706993699073792, 0.0, 0.24029701948165894], True", "entityId": "10889545", "gbId": "2815091075136216539", "levelInt": "1000", "logLevel": "S_INFO", "message": ":_useSkillBySkillObj: skill:90020020, tgt:81839768, arr:[0.9706993699073792, 0.0, 0.24029701948165894], True", "process": "cellapp39", "thredRef": "", "time": "2026-08-08 01:50:24 947"}
{"__tag__:__client_ip__": "8.136.51.6", "__tag__:__hostname__": "game10001", "__tag__:__pack_id__": "5D46BC1D6FF38282-115B", "__tag__:__path__": "/home/fengyan/Server/kbengine/assets/logs/logger_cellapp.log", "__tag__:__receive_time__": "1786125025", "__tag__:__user_defined_id__": "erce", "__topic__": "", "class": "Monster", "component": "800029", "content": "  S_INFO    cellapp39 1000 800029  [2026-08-08 01:50:24 948] - [Monster(81839780)]:_useSkillBySkillObj: skill:91000196, tgt:5882, arr:[-0.981421709060669, 0.0, 0.19186267256736755], False", "entityId": "81839780", "gbId": "", "levelInt": "1000", "logLevel": "S_INFO", "message": ":_useSkillBySkillObj: skill:91000196, tgt:5882, arr:[-0.981421709060669, 0.0, 0.19186267256736755], False", "process": "cellapp39", "thredRef": "", "time": "2026-08-08 01:50:24 948"}
{"__tag__:__client_ip__": "8.136.51.6", "__tag__:__hostname__": "game10001", "__tag__:__pack_id__": "5D46BC1D6FF38282-115B", "__tag__:__path__": "/home/fengyan/Server/kbengine/assets/logs/logger_cellapp.log", "__tag__:__receive_time__": "1786125025", "__tag__:__user_defined_id__": "erce", "__topic__": "", "class": "Creation", "component": "800029", "content": "  S_INFO    cellapp39 1000 800029  [2026-08-08 01:50:24 948] - [Creation(81839842)]:_useSkillBySkillObj: skill:90010026, tgt:81839842, arr:[], False", "entityId": "81839842", "gbId": "", "levelInt": "1000", "logLevel": "S_INFO", "message": ":_useSkillBySkillObj: skill:90010026, tgt:81839842, arr:[], False", "process": "cellapp39", "thredRef": "", "time": "2026-08-08 01:50:24 948"}
{"__tag__:__client_ip__": "8.136.51.6", "__tag__:__hostname__": "game10001", "__tag__:__pack_id__": "5D46BC1D6FF38282-115B", "__tag__:__path__": "/home/fengyan/Server/kbengine/assets/logs/logger_cellapp.log", "__tag__:__receive_time__": "1786125025", "__tag__:__user_defined_id__": "erce", "__topic__": "", "class": "Creation", "component": "800029", "content": "  S_INFO    cellapp39 1000 800029  [2026-08-08 01:50:24 949] - [Creation(81839843)]:_useSkillBySkillObj: skill:90010026, tgt:81839843, arr:[], False", "entityId": "81839843", "gbId": "", "levelInt": "1000", "logLevel": "S_INFO", "message": ":_useSkillBySkillObj: skill:90010026, tgt:81839843, arr:[], False", "process": "cellapp39", "thredRef": "", "time": "2026-08-08 01:50:24 949"}
{"__tag__:__client_ip__": "8.136.51.6", "__tag__:__hostname__": "game10001", "__tag__:__pack_id__": "5D46BC1D6FF38282-115B", "__tag__:__path__": "/home/fengyan/Server/kbengine/assets/logs/logger_cellapp.log", "__tag__:__receive_time__": "1786125025", "__tag__:__user_defined_id__": "erce", "__topic__": "", "component": "800029", "content": "    INFO    cellapp39 1000 800029  [2026-08-08 01:50:24 952] - EntityApp::createEntity: new Creation 81839876", "levelInt": "1000", "logLevel": "INFO", "message": "EntityApp::createEntity: new Creation 81839876", "process": "cellapp39", "thredRef": "", "time": "2026-08-08 01:50:24 952"}
{"__tag__:__client_ip__": "8.136.51.6", "__tag__:__hostname__": "game10001", "__tag__:__pack_id__": "5D46BC1D6FF38282-115B", "__tag__:__path__": "/home/fengyan/Server/kbengine/assets/logs/logger_cellapp.log", "__tag__:__receive_time__": "1786125025", "__tag__:__user_defined_id__": "erce", "__topic__": "", "class": "WorldLineSpaceMgr", "component": "800029", "content": "  S_INFO    cellapp39 1000 800029  [2026-08-08 01:50:24 952] - [WorldLineSpaceMgr(136001)]:IShowMapEntityType::addEntity 81839876 ('65000013', 'Creation')", "entityId": "136001", "gbId": "", "levelInt": "1000", "logLevel": "S_INFO", "message": ":IShowMapEntityType::addEntity 81839876 ('65000013', 'Creation')", "process": "cellapp39", "thredRef": "", "time": "2026-08-08 01:50:24 952"}
{"__tag__:__client_ip__": "8.136.51.6", "__tag__:__hostname__": "game10001", "__tag__:__pack_id__": "5D46BC1D6FF38282-115B", "__tag__:__path__": "/home/fengyan/Server/kbengine/assets/logs/logger_cellapp.log", "__tag__:__receive_time__": "1786125025", "__tag__:__user_defined_id__": "erce", "__topic__": "", "class": "Monster", "component": "800029", "content": "  S_WARN    cellapp39 1000 800029  [2026-08-08 01:50:24 953] - [Monster(81839748)]:goDie 81838318 1 91001025 False", "entityId": "81839748", "gbId": "", "levelInt": "1000", "logLevel": "S_WARN", "message": ":goDie 81838318 1 91001025 False", "process": "cellapp39", "thredRef": "", "time": "2026-08-08 01:50:24 953"}
{"__tag__:__client_ip__": "8.136.51.6", "__tag__:__hostname__": "game10001", "__tag__:__pack_id__": "5D46BC1D6FF38282-115B", "__tag__:__path__": "/home/fengyan/Server/kbengine/assets/logs/logger_cellapp.log", "__tag__:__receive_time__": "1786125025", "__tag__:__user_defined_id__": "erce", "__topic__": "", "class": "Avatar", "component": "800029", "content": "  S_INFO    cellapp39 1000 800029  [2026-08-08 01:50:24 953] - [Avatar(94047-2815091074078133473)]:getExpDecayRate 2 37 0 1", "entityId": "94047", "gbId": "2815091074078133473", "levelInt": "1000", "logLevel": "S_INFO", "message": ":getExpDecayRate 2 37 0 1", "process": "cellapp39", "thredRef": "", "time": "2026-08-08 01:50:24 953"}
{"__tag__:__client_ip__": "8.136.51.6", "__tag__:__hostname__": "game10001", "__tag__:__pack_id__": "5D46BC1D6FF38282-115B", "__tag__:__path__": "/home/fengyan/Server/kbengine/assets/logs/logger_cellapp.log", "__tag__:__receive_time__": "1786125025", "__tag__:__user_defined_id__": "erce", "__topic__": "", "class": "Avatar", "component": "800029", "content": "  S_INFO    cellapp39 1000 800029  [2026-08-08 01:50:24 953] - [Avatar(94047-2815091074078133473)]:getExpDecayRate, level: 2 rate: 1.0 worldLevelRatio: 1.0", "entityId": "94047", "gbId": "2815091074078133473", "levelInt": "1000", "logLevel": "S_INFO", "message": ":getExpDecayRate, level: 2 rate: 1.0 worldLevelRatio: 1.0", "process": "cellapp39", "thredRef": "", "time": "2026-08-08 01:50:24 953"}
{"__tag__:__client_ip__": "8.136.51.6", "__tag__:__hostname__": "game10001", "__tag__:__pack_id__": "5D46BC1D6FF38282-115B", "__tag__:__path__": "/home/fengyan/Server/kbengine/assets/logs/logger_cellapp.log", "__tag__:__receive_time__": "1786125025", "__tag__:__user_defined_id__": "erce", "__topic__": "", "class": "Creation", "component": "800029", "content": "  S_INFO    cellapp39 1000 800029  [2026-08-08 01:50:24 955] - [Creation(81839872)]:_useSkillBySkillObj: skill:90020016, tgt:81839872, arr:[], False", "entityId": "81839872", "gbId": "", "levelInt": "1000", "logLevel": "S_INFO", "message": ":_useSkillBySkillObj: skill:90020016, tgt:81839872, arr:[], False", "process": "cellapp39", "thredRef": "", "time": "2026-08-08 01:50:24 955"}
{"__tag__:__client_ip__": "8.136.51.6", "__tag__:__hostname__": "game10001", "__tag__:__pack_id__": "5D46BC1D6FF38282-115B", "__tag__:__path__": "/home/fengyan/Server/kbengine/assets/logs/logger_cellapp.log", "__tag__:__receive_time__": "1786125025", "__tag__:__user_defined_id__": "erce", "__topic__": "", "class": "Monster", "component": "800029", "content": "  S_WARN    cellapp39 1000 800029  [2026-08-08 01:50:24 957] - [Monster(81839735)]:goDie 11685426 1 90020066 False", "entityId": "81839735", "gbId": "", "levelInt": "1000", "logLevel": "S_WARN", "message": ":goDie 11685426 1 90020066 False", "process": "cellapp39", "thredRef": "", "time": "2026-08-08 01:50:24 957"}
{"__tag__:__client_ip__": "8.136.51.6", "__tag__:__hostname__": "game10001", "__tag__:__pack_id__": "5D46BC1D6FF38282-115B", "__tag__:__path__": "/home/fengyan/Server/kbengine/assets/logs/logger_cellapp.log", "__tag__:__receive_time__": "1786125025", "__tag__:__user_defined_id__": "erce", "__topic__": "", "class": "Avatar", "component": "800029", "content": "  S_INFO    cellapp39 1000 800029  [2026-08-08 01:50:24 958] - [Avatar(11685426-2815091099660032409)]:getExpDecayRate 2 36 1 1", "entityId": "11685426", "gbId": "2815091099660032409", "levelInt": "1000", "logLevel": "S_INFO", "message": ":getExpDecayRate 2 36 1 1", "process": "cellapp39", "thredRef": "", "time": "2026-08-08 01:50:24 958"}
{"__tag__:__client_ip__": "8.136.51.6", "__tag__:__hostname__": "game10001", "__tag__:__pack_id__": "5D46BC1D6FF38282-115B", "__tag__:__path__": "/home/fengyan/Server/kbengine/assets/logs/logger_cellapp.log", "__tag__:__receive_time__": "1786125025", "__tag__:__user_defined_id__": "erce", "__topic__": "", "class": "Avatar", "component": "800029", "content": "  S_INFO    cellapp39 1000 800029  [2026-08-08 01:50:24 958] - [Avatar(11685426-2815091099660032409)]:getExpDecayRate, level: 2 rate: 1.05 worldLevelRatio: 1.05", "entityId": "11685426", "gbId": "2815091099660032409", "levelInt": "1000", "logLevel": "S_INFO", "message": ":getExpDecayRate, level: 2 rate: 1.05 worldLevelRatio: 1.05", "process": "cellapp39", "thredRef": "", "time": "2026-08-08 01:50:24 958"}
{"__tag__:__client_ip__": "8.136.51.6", "__tag__:__hostname__": "game10001", "__tag__:__pack_id__": "5D46BC1D6FF38282-115B", "__tag__:__path__": "/home/fengyan/Server/kbengine/assets/logs/logger_cellapp.log", "__tag__:__receive_time__": "1786125025", "__tag__:__user_defined_id__": "erce", "__topic__": "", "class": "Avatar", "component": "800029", "content": "  S_INFO    cellapp39 1000 800029  [2026-08-08 01:50:24 958] - [Avatar(18779126-2815091073957337555)]:_useSkillBySkillObj: skill:90020030, tgt:81839364, arr:[0.8800263404846191, 0.0, 0.474924772977829, 0.6400003180681171], True", "entityId": "18779126", "gbId": "2815091073957337555", "levelInt": "1000", "logLevel": "S_INFO", "message": ":_useSkillBySkillObj: skill:90020030, tgt:81839364, arr:[0.8800263404846191, 0.0, 0.474924772977829, 0.6400003180681171], True", "process": "cellapp39", "thredRef": "", "time": "2026-08-08 01:50:24 958"}
{"__tag__:__client_ip__": "8.136.51.6", "__tag__:__hostname__": "game10001", "__tag__:__pack_id__": "5D46BC1D6FF38282-115B", "__tag__:__path__": "/home/fengyan/Server/kbengine/assets/logs/logger_cellapp.log", "__tag__:__receive_time__": "1786125025", "__tag__:__user_defined_id__": "erce", "__topic__": "", "class": "Avatar", "component": "800029", "content": "  S_INFO    cellapp39 1000 800029  [2026-08-08 01:50:24 959] - [Avatar(18134-2815091074731326395)]:_useSkillBySkillObj: skill:90010015, tgt:81839812, arr:[-0.5436441898345947, 0.0, -0.8393157720565796], True", "entityId": "18134", "gbId": "2815091074731326395", "levelInt": "1000", "logLevel": "S_INFO", "message": ":_useSkillBySkillObj: skill:90010015, tgt:81839812, arr:[-0.5436441898345947, 0.0, -0.8393157720565796], True", "process": "cellapp39", "thredRef": "", "time": "2026-08-08 01:50:24 959"}
{"__tag__:__client_ip__": "8.136.51.6", "__tag__:__hostname__": "game10001", "__tag__:__pack_id__": "5D46BC1D6FF38282-115B", "__tag__:__path__": "/home/fengyan/Server/kbengine/assets/logs/logger_cellapp.log", "__tag__:__receive_time__": "1786125025", "__tag__:__user_defined_id__": "erce", "__topic__": "", "class": "Creation", "component": "800035", "content": "  S_INFO    cellapp19 1000 800035  [2026-08-08 01:50:24 985] - [Creation(60230)]:_useSkillBySkillObj: skill:91024099, tgt:60230, arr:[0.7859245538711548, 0.0, 0.6183223724365234, 0.6724156826138473], False", "entityId": "60230", "gbId": "", "levelInt": "1000", "logLevel": "S_INFO", "message": ":_useSkillBySkillObj: skill:91024099, tgt:60230, arr:[0.7859245538711548, 0.0, 0.6183223724365234, 0.6724156826138473], False", "process": "cellapp19", "thredRef": "", "time": "2026-08-08 01:50:24 985"}
{"__tag__:__client_ip__": "8.136.51.6", "__tag__:__hostname__": "game10001", "__tag__:__pack_id__": "5D46BC1D6FF38282-115B", "__tag__:__path__": "/home/fengyan/Server/kbengine/assets/logs/logger_cellapp.log", "__tag__:__receive_time__": "1786125025", "__tag__:__user_defined_id__": "erce", "__topic__": "", "class": "Creation", "component": "800035", "content": "  S_INFO    cellapp19 1000 800035  [2026-08-08 01:50:24 986] - [Creation(60210)]:_useSkillBySkillObj: skill:91024099, tgt:60210, arr:[0.9992198944091797, 0.0, 0.03949163481593132, 0.8460182542891705], False", "entityId": "60210", "gbId": "", "levelInt": "1000", "logLevel": "S_INFO", "message": ":_useSkillBySkillObj: skill:91024099, tgt:60210, arr:[0.9992198944091797, 0.0, 0.03949163481593132, 0.8460182542891705], False", "process": "cellapp19", "thredRef": "", "time": "2026-08-08 01:50:24 986"}
{"__tag__:__client_ip__": "8.136.51.6", "__tag__:__hostname__": "game10001", "__tag__:__pack_id__": "5D46BC1D6FF38282-115B", "__tag__:__path__": "/home/fengyan/Server/kbengine/assets/logs/logger_cellapp.log", "__tag__:__receive_time__": "1786125025", "__tag__:__user_defined_id__": "erce", "__topic__": "", "class": "Avatar", "component": "800035", "content": "  S_INFO    cellapp19 1000 800035  [2026-08-08 01:50:24 987] - [Avatar(115250-2815091076442602429)]:_useSkillBySkillObj: skill:90010015, tgt:81857078, arr:[0.7557188272476196, 0.0, -0.6548961400985718], True", "entityId": "115250", "gbId": "2815091076442602429", "levelInt": "1000", "logLevel": "S_INFO", "message": ":_useSkillBySkillObj: skill:90010015, tgt:81857078, arr:[0.7557188272476196, 0.0, -0.6548961400985718], True", "process": "cellapp19", "thredRef": "", "time": "2026-08-08 01:50:24 987"}
{"__tag__:__client_ip__": "8.136.51.6", "__tag__:__hostname__": "game10001", "__tag__:__pack_id__": "5D46BC1D6FF38282-115B", "__tag__:__path__": "/home/fengyan/Server/kbengine/assets/logs/logger_cellapp.log", "__tag__:__receive_time__": "1786125025", "__tag__:__user_defined_id__": "erce", "__topic__": "", "class": "Monster", "component": "800035", "content": "  S_INFO    cellapp19 1000 800035  [2026-08-08 01:50:24 989] - [Monster(81857102)]:_useSkillBySkillObj: skill:91000345, tgt:3752, arr:[-0.8128159642219543, 0.0, 0.582520604133606], False", "entityId": "81857102", "gbId": "", "levelInt": "1000", "logLevel": "S_INFO", "message": ":_useSkillBySkillObj: skill:91000345, tgt:3752, arr:[-0.8128159642219543, 0.0, 0.582520604133606], False", "process": "cellapp19", "thredRef": "", "time": "2026-08-08 01:50:24 989"}
{"__tag__:__client_ip__": "8.136.51.6", "__tag__:__hostname__": "game10001", "__tag__:__pack_id__": "5D46BC1D6FF38282-115B", "__tag__:__path__": "/home/fengyan/Server/kbengine/assets/logs/logger_cellapp.log", "__tag__:__receive_time__": "1786125025", "__tag__:__user_defined_id__": "erce", "__topic__": "", "class": "Monster", "component": "800035", "content": "  S_WARN    cellapp19 1000 800035  [2026-08-08 01:50:24 989] - [Monster(81857102)]:has conflict evId=[29100015] _state=[13] val=[3]", "entityId": "81857102", "gbId": "", "levelInt": "1000", "logLevel": "S_WARN", "message": ":has conflict evId=[29100015] _state=[13] val=[3]", "process": "cellapp19", "thredRef": "", "time": "2026-08-08 01:50:24 989"}
{"__tag__:__client_ip__": "8.136.51.6", "__tag__:__hostname__": "game10001", "__tag__:__pack_id__": "5D46BC1D6FF38282-115B", "__tag__:__path__": "/home/fengyan/Server/kbengine/assets/logs/logger_cellapp.log", "__tag__:__receive_time__": "1786125025", "__tag__:__user_defined_id__": "erce", "__topic__": "", "class": "Monster", "component": "800035", "content": "  S_WARN    cellapp19 1000 800035  [2026-08-08 01:50:24 989] - [Monster(81857102)]:Spell::doUseSkill(8200):skillID=91000345 _ret=8 tNextCast=0", "entityId": "81857102", "gbId": "", "levelInt": "1000", "logLevel": "S_WARN", "message": ":Spell::doUseSkill(8200):skillID=91000345 _ret=8 tNextCast=0", "process": "cellapp19", "thredRef": "", "time": "2026-08-08 01:50:24 989"}
{"__tag__:__client_ip__": "8.136.51.6", "__tag__:__hostname__": "game10001", "__tag__:__pack_id__": "5D46BC1D6FF38282-115B", "__tag__:__path__": "/home/fengyan/Server/kbengine/assets/logs/logger_cellapp.log", "__tag__:__receive_time__": "1786125025", "__tag__:__user_defined_id__": "erce", "__topic__": "", "class": "WorldLineSpaceMgr", "component": "800035", "content": "  S_INFO    cellapp19 1000 800035  [2026-08-08 01:50:24 990] - [WorldLineSpaceMgr(60116)]:IShowMapEntityType::removeEntById 81857151", "entityId": "60116", "gbId": "", "levelInt": "1000", "logLevel": "S_INFO", "message": ":IShowMapEntityType::removeEntById 81857151", "process": "cellapp19", "thredRef": "", "time": "2026-08-08 01:50:24 990"}
{"__tag__:__client_ip__": "8.136.51.6", "__tag__:__hostname__": "game10001", "__tag__:__pack_id__": "5D46BC1D6FF38282-115B", "__tag__:__path__": "/home/fengyan/Server/kbengine/assets/logs/logger_cellapp.log", "__tag__:__receive_time__": "1786125025", "__tag__:__user_defined_id__": "erce", "__topic__": "", "component": "800035", "content": "    INFO    cellapp19 1000 800035  [2026-08-08 01:50:24 990] - Monster::onDestroy(): 81857151, entityDBID:0!", "levelInt": "1000", "logLevel": "INFO", "message": "Monster::onDestroy(): 81857151, entityDBID:0!", "process": "cellapp19", "thredRef": "", "time": "2026-08-08 01:50:24 990"}
{"__tag__:__client_ip__": "8.136.51.6", "__tag__:__hostname__": "game10001", "__tag__:__pack_id__": "5D46BC1D6FF38282-115B", "__tag__:__path__": "/home/fengyan/Server/kbengine/assets/logs/logger_cellapp.log", "__tag__:__receive_time__": "1786125025", "__tag__:__user_defined_id__": "erce", "__topic__": "", "class": "Creation", "component": "800035", "content": "  S_INFO    cellapp19 1000 800035  [2026-08-08 01:50:24 991] - [Creation(81857290)]:_useSkillBySkillObj: skill:90010041, tgt:81857290, arr:[], False", "entityId": "81857290", "gbId": "", "levelInt": "1000", "logLevel": "S_INFO", "message": ":_useSkillBySkillObj: skill:90010041, tgt:81857290, arr:[], False", "process": "cellapp19", "thredRef": "", "time": "2026-08-08 01:50:24 991"}
{"__tag__:__client_ip__": "8.136.51.6", "__tag__:__hostname__": "game10001", "__tag__:__pack_id__": "5D46BC1D6FF38282-115B", "__tag__:__path__": "/home/fengyan/Server/kbengine/assets/logs/logger_cellapp.log", "__tag__:__receive_time__": "1786125025", "__tag__:__user_defined_id__": "erce", "__topic__": "", "class": "Creation", "component": "800035", "content": "  S_INFO    cellapp19 1000 800035  [2026-08-08 01:50:24 991] - [Creation(81857295)]:_useSkillBySkillObj: skill:90020011, tgt:81857295, arr:[], False", "entityId": "81857295", "gbId": "", "levelInt": "1000", "logLevel": "S_INFO", "message": ":_useSkillBySkillObj: skill:90020011, tgt:81857295, arr:[], False", "process": "cellapp19", "thredRef": "", "time": "2026-08-08 01:50:24 991"}
{"__tag__:__client_ip__": "8.136.51.6", "__tag__:__hostname__": "game10001", "__tag__:__pack_id__": "5D46BC1D6FF38282-115B", "__tag__:__path__": "/home/fengyan/Server/kbengine/assets/logs/logger_cellapp.log", "__tag__:__receive_time__": "1786125025", "__tag__:__user_defined_id__": "erce", "__topic__": "", "class": "Creation", "component": "800035", "content": "  S_INFO    cellapp19 1000 800035  [2026-08-08 01:50:24 992] - [Creation(81857300)]:_useSkillBySkillObj: skill:90010068, tgt:81857300, arr:[], False", "entityId": "81857300", "gbId": "", "levelInt": "1000", "logLevel": "S_INFO", "message": ":_useSkillBySkillObj: skill:90010068, tgt:81857300, arr:[], False", "process": "cellapp19", "thredRef": "", "time": "2026-08-08 01:50:24 992"}
{"__tag__:__client_ip__": "8.136.51.6", "__tag__:__hostname__": "game10001", "__tag__:__pack_id__": "5D46BC1D6FF38282-115B", "__tag__:__path__": "/home/fengyan/Server/kbengine/assets/logs/logger_cellapp.log", "__tag__:__receive_time__": "1786125025", "__tag__:__user_defined_id__": "erce", "__topic__": "", "class": "Creation", "component": "800035", "content": "  S_INFO    cellapp19 1000 800035  [2026-08-08 01:50:24 992] - [Creation(81857343)]:_useSkillBySkillObj: skill:90010026, tgt:81857343, arr:[], False", "entityId": "81857343", "gbId": "", "levelInt": "1000", "logLevel": "S_INFO", "message": ":_useSkillBySkillObj: skill:90010026, tgt:81857343, arr:[], False", "process": "cellapp19", "thredRef": "", "time": "2026-08-08 01:50:24 992"}
{"__tag__:__client_ip__": "8.136.51.6", "__tag__:__hostname__": "game10001", "__tag__:__pack_id__": "5D46BC1D6FF38282-115B", "__tag__:__path__": "/home/fengyan/Server/kbengine/assets/logs/logger_cellapp.log", "__tag__:__receive_time__": "1786125025", "__tag__:__user_defined_id__": "erce", "__topic__": "", "class": "Avatar", "component": "800035", "content": "  S_INFO    cellapp19 1000 800035  [2026-08-08 01:50:24 994] - [Avatar(26294156-2815091073948389665)]:_useSkillBySkillObj: skill:90020056, tgt:81857198, arr:[], False", "entityId": "26294156", "gbId": "2815091073948389665", "levelInt": "1000", "logLevel": "S_INFO", "message": ":_useSkillBySkillObj: skill:90020056, tgt:81857198, arr:[], False", "process": "cellapp19", "thredRef": "", "time": "2026-08-08 01:50:24 994"}
{"__tag__:__client_ip__": "8.136.51.6", "__tag__:__hostname__": "game10001", "__tag__:__pack_id__": "5D46BC1D6FF38282-115B", "__tag__:__path__": "/home/fengyan/Server/kbengine/assets/logs/logger_cellapp.log", "__tag__:__receive_time__": "1786125025", "__tag__:__user_defined_id__": "erce", "__topic__": "", "class": "Monster", "component": "800035", "content": "  S_WARN    cellapp19 1000 800035  [2026-08-08 01:50:24 995] - [Monster(81857198)]:goDie 26294156 1 90020056 False", "entityId": "81857198", "gbId": "", "levelInt": "1000", "logLevel": "S_WARN", "message": ":goDie 26294156 1 90020056 False", "process": "cellapp19", "thredRef": "", "time": "2026-08-08 01:50:24 995"}
{"__tag__:__client_ip__": "8.136.51.6", "__tag__:__hostname__": "game10001", "__tag__:__pack_id__": "5D46BC1D6FF38282-115B", "__tag__:__path__": "/home/fengyan/Server/kbengine/assets/logs/logger_cellapp.log", "__tag__:__receive_time__": "1786125025", "__tag__:__user_defined_id__": "erce", "__topic__": "", "class": "Avatar", "component": "800035", "content": "  S_INFO    cellapp19 1000 800035  [2026-08-08 01:50:24 995] - [Avatar(26294156-2815091073948389665)]:getExpDecayRate 2 37 0 1", "entityId": "26294156", "gbId": "2815091073948389665", "levelInt": "1000", "logLevel": "S_INFO", "message": ":getExpDecayRate 2 37 0 1", "process": "cellapp19", "thredRef": "", "time": "2026-08-08 01:50:24 995"}
{"__tag__:__client_ip__": "8.136.51.6", "__tag__:__hostname__": "game10001", "__tag__:__pack_id__": "5D46BC1D6FF38282-115B", "__tag__:__path__": "/home/fengyan/Server/kbengine/assets/logs/logger_cellapp.log", "__tag__:__receive_time__": "1786125025", "__tag__:__user_defined_id__": "erce", "__topic__": "", "class": "Avatar", "component": "800035", "content": "  S_INFO    cellapp19 1000 800035  [2026-08-08 01:50:24 995] - [Avatar(26294156-2815091073948389665)]:getExpDecayRate, level: 2 rate: 1.0 worldLevelRatio: 1.0", "entityId": "26294156", "gbId": "2815091073948389665", "levelInt": "1000", "logLevel": "S_INFO", "message": ":getExpDecayRate, level: 2 rate: 1.0 worldLevelRatio: 1.0", "process": "cellapp19", "thredRef": "", "time": "2026-08-08 01:50:24 995"}
{"__tag__:__client_ip__": "8.136.51.6", "__tag__:__hostname__": "game10001", "__tag__:__pack_id__": "5D46BC1D6FF38282-115B", "__tag__:__path__": "/home/fengyan/Server/kbengine/assets/logs/logger_cellapp.log", "__tag__:__receive_time__": "1786125025", "__tag__:__user_defined_id__": "erce", "__topic__": "", "class": "Monster", "component": "800035", "content": "  S_WARN    cellapp19 1000 800035  [2026-08-08 01:50:24 996] - [Monster(81857194)]:goDie 26294156 1 90020056 False", "entityId": "81857194", "gbId": "", "levelInt": "1000", "logLevel": "S_WARN", "message": ":goDie 26294156 1 90020056 False", "process": "cellapp19", "thredRef": "", "time": "2026-08-08 01:50:24 996"}
{"__tag__:__client_ip__": "8.136.51.6", "__tag__:__hostname__": "game10001", "__tag__:__pack_id__": "5D46BC1D6FF38282-115B", "__tag__:__path__": "/home/fengyan/Server/kbengine/assets/logs/logger_cellapp.log", "__tag__:__receive_time__": "1786125025", "__tag__:__user_defined_id__": "erce", "__topic__": "", "class": "Avatar", "component": "800035", "content": "  S_INFO    cellapp19 1000 800035  [2026-08-08 01:50:24 996] - [Avatar(26294156-2815091073948389665)]:getExpDecayRate 2 37 0 1", "entityId": "26294156", "gbId": "2815091073948389665", "levelInt": "1000", "logLevel": "S_INFO", "message": ":getExpDecayRate 2 37 0 1", "process": "cellapp19", "thredRef": "", "time": "2026-08-08 01:50:24 996"}
{"__tag__:__client_ip__": "8.136.51.6", "__tag__:__hostname__": "game10001", "__tag__:__pack_id__": "5D46BC1D6FF38282-115B", "__tag__:__path__": "/home/fengyan/Server/kbengine/assets/logs/logger_cellapp.log", "__tag__:__receive_time__": "1786125025", "__tag__:__user_defined_id__": "erce", "__topic__": "", "class": "Avatar", "component": "800035", "content": "  S_INFO    cellapp19 1000 800035  [2026-08-08 01:50:24 996] - [Avatar(26294156-2815091073948389665)]:getExpDecayRate, level: 2 rate: 1.0 worldLevelRatio: 1.0", "entityId": "26294156", "gbId": "2815091073948389665", "levelInt": "1000", "logLevel": "S_INFO", "message": ":getExpDecayRate, level: 2 rate: 1.0 worldLevelRatio: 1.0", "process": "cellapp19", "thredRef": "", "time": "2026-08-08 01:50:24 996"}
{"__tag__:__client_ip__": "8.136.51.6", "__tag__:__hostname__": "game10001", "__tag__:__pack_id__": "5D46BC1D6FF38282-115B", "__tag__:__path__": "/home/fengyan/Server/kbengine/assets/logs/logger_cellapp.log", "__tag__:__receive_time__": "1786125025", "__tag__:__user_defined_id__": "erce", "__topic__": "", "class": "Summon", "component": "800035", "content": "  S_WARN    cellapp19 1000 800035  [2026-08-08 01:50:24 997] - [Summon(81786038)]:goDie 81857287 1 91000351 False", "entityId": "81786038", "gbId": "", "levelInt": "1000", "logLevel": "S_WARN", "message": ":goDie 81857287 1 91000351 False", "process": "cellapp19", "thredRef": "", "time": "2026-08-08 01:50:24 997"}
{"__tag__:__client_ip__": "8.136.51.6", "__tag__:__hostname__": "game10001", "__tag__:__pack_id__": "5D46BC1D6FF38282-115B", "__tag__:__path__": "/home/fengyan/Server/kbengine/assets/logs/logger_cellapp.log", "__tag__:__receive_time__": "1786125025", "__tag__:__user_defined_id__": "erce", "__topic__": "", "component": "800035", "content": "    INFO    cellapp19 1000 800035  [2026-08-08 01:50:24 999] - Creation::onDestroy(): 81857256, entityDBID:0!", "levelInt": "1000", "logLevel": "INFO", "message": "Creation::onDestroy(): 81857256, entityDBID:0!", "process": "cellapp19", "thredRef": "", "time": "2026-08-08 01:50:24 999"}
{"__tag__:__client_ip__": "8.136.51.6", "__tag__:__hostname__": "game10001", "__tag__:__pack_id__": "5D46BC1D6FF38282-115B", "__tag__:__path__": "/home/fengyan/Server/kbengine/assets/logs/logger_cellapp.log", "__tag__:__receive_time__": "1786125025", "__tag__:__user_defined_id__": "erce", "__topic__": "", "class": "Avatar", "component": "800035", "content": "  S_INFO    cellapp19 1000 800035  [2026-08-08 01:50:25 000] - [Avatar(94907-2815091192104729529)]:_useSkillBySkillObj: skill:90010035, tgt:81857177, arr:[], True", "entityId": "94907", "gbId": "2815091192104729529", "levelInt": "1000", "logLevel": "S_INFO", "message": ":_useSkillBySkillObj: skill:90010035, tgt:81857177, arr:[], True", "process": "cellapp19", "thredRef": "", "time": "2026-08-08 01:50:25 000"}
{"__tag__:__client_ip__": "8.136.51.6", "__tag__:__hostname__": "game10001", "__tag__:__pack_id__": "5D46BC1D6FF38282-115B", "__tag__:__path__": "/home/fengyan/Server/kbengine/assets/logs/logger_cellapp.log", "__tag__:__receive_time__": "1786125025", "__tag__:__user_defined_id__": "erce", "__topic__": "", "class": "Avatar", "component": "800035", "content": "  S_INFO    cellapp19 1000 800035  [2026-08-08 01:50:25 001] - [Avatar(95988-2815091077574505267)]:_useSkillBySkillObj: skill:90010055, tgt:81857159, arr:[0.7023054957389832, 0.0, 0.7118756771087646, 255.50579833984375, 118.77433776855469, 428.3459777832031], True", "entityId": "95988", "gbId": "2815091077574505267", "levelInt": "1000", "logLevel": "S_INFO", "message": ":_useSkillBySkillObj: skill:90010055, tgt:81857159, arr:[0.7023054957389832, 0.0, 0.7118756771087646, 255.50579833984375, 118.77433776855469, 428.3459777832031], True", "process": "cellapp19", "thredRef": "", "time": "2026-08-08 01:50:25 001"}
{"__tag__:__client_ip__": "8.136.51.6", "__tag__:__hostname__": "game10001", "__tag__:__pack_id__": "5D46BC1D6FF38282-115B", "__tag__:__path__": "/home/fengyan/Server/kbengine/assets/logs/logger_cellapp.log", "__tag__:__receive_time__": "1786125025", "__tag__:__user_defined_id__": "erce", "__topic__": "", "class": "Summon", "component": "800035", "content": "  S_INFO    cellapp19 1000 800035  [2026-08-08 01:50:25 002] - [Summon(81857323)]:_useSkillBySkillObj: skill:91001020, tgt:81857187, arr:[0.8453331589698792, 0.0, -0.534239649772644], False", "entityId": "81857323", "gbId": "", "levelInt": "1000", "logLevel": "S_INFO", "message": ":_useSkillBySkillObj: skill:91001020, tgt:81857187, arr:[0.8453331589698792, 0.0, -0.534239649772644], False", "process": "cellapp19", "thredRef": "", "time": "2026-08-08 01:50:25 002"}
{"__tag__:__client_ip__": "8.136.51.6", "__tag__:__hostname__": "game10001", "__tag__:__pack_id__": "5D46BC1D6FF38282-115B", "__tag__:__path__": "/home/fengyan/Server/kbengine/assets/logs/logger_cellapp.log", "__tag__:__receive_time__": "1786125025", "__tag__:__user_defined_id__": "erce", "__topic__": "", "class": "Monster", "component": "800035", "content": "  S_INFO    cellapp19 1000 800035  [2026-08-08 01:50:25 003] - [Monster(81857208)]:_useSkillBySkillObj: skill:91000292, tgt:18796595, arr:[0.7630999088287354, 0.0, -0.6462804675102234], False", "entityId": "81857208", "gbId": "", "levelInt": "1000", "logLevel": "S_INFO", "message": ":_useSkillBySkillObj: skill:91000292, tgt:18796595, arr:[0.7630999088287354, 0.0, -0.6462804675102234], False", "process": "cellapp19", "thredRef": "", "time": "2026-08-08 01:50:25 003"}
{"__tag__:__client_ip__": "8.136.51.6", "__tag__:__hostname__": "game10001", "__tag__:__pack_id__": "5D46BC1D6FF38282-115B", "__tag__:__path__": "/home/fengyan/Server/kbengine/assets/logs/logger_cellapp.log", "__tag__:__receive_time__": "1786125025", "__tag__:__user_defined_id__": "erce", "__topic__": "", "class": "Avatar", "component": "800035", "content": "  S_INFO    cellapp19 1000 800035  [2026-08-08 01:50:25 003] - [Avatar(20070763-2815091085605199324)]:_useSkillBySkillObj: skill:90030020, tgt:81857287, arr:[-0.36456504464149475, 0.0, -0.9311779737472534], True", "entityId": "20070763", "gbId": "2815091085605199324", "levelInt": "1000", "logLevel": "S_INFO", "message": ":_useSkillBySkillObj: skill:90030020, tgt:81857287, arr:[-0.36456504464149475, 0.0, -0.9311779737472534], True", "process": "cellapp19", "thredRef": "", "time": "2026-08-08 01:50:25 003"}
{"__tag__:__client_ip__": "8.136.51.6", "__tag__:__hostname__": "game10001", "__tag__:__pack_id__": "5D46BC1D6FF38282-115B", "__tag__:__path__": "/home/fengyan/Server/kbengine/assets/logs/logger_cellapp.log", "__tag__:__receive_time__": "1786125025", "__tag__:__user_defined_id__": "erce", "__topic__": "", "class": "Avatar", "component": "800035", "content": "  S_INFO    cellapp19 1000 800035  [2026-08-08 01:50:25 003] - [Avatar(87363-2815091156427420468)]:_useSkillBySkillObj: skill:90010015, tgt:81857074, arr:[0.7853826284408569, 0.0, -0.6190107464790344], True", "entityId": "87363", "gbId": "2815091156427420468", "levelInt": "1000", "logLevel": "S_INFO", "message": ":_useSkillBySkillObj: skill:90010015, tgt:81857074, arr:[0.7853826284408569, 0.0, -0.6190107464790344], True", "process": "cellapp19", "thredRef": "", "time": "2026-08-08 01:50:25 003"}
{"__tag__:__client_ip__": "8.136.51.6", "__tag__:__hostname__": "game10001", "__tag__:__pack_id__": "5D46BC1D6FF38282-115B", "__tag__:__path__": "/home/fengyan/Server/kbengine/assets/logs/logger_cellapp.log", "__tag__:__receive_time__": "1786125025", "__tag__:__user_defined_id__": "erce", "__topic__": "", "class": "Monster", "component": "800035", "content": "  S_INFO    cellapp19 1000 800035  [2026-08-08 01:50:25 004] - [Monster(81857271)]:_useSkillBySkillObj: skill:91000341, tgt:126996, arr:[-0.9999483823776245, 0.0, -0.010166878812015057], False", "entityId": "81857271", "gbId": "", "levelInt": "1000", "logLevel": "S_INFO", "message": ":_useSkillBySkillObj: skill:91000341, tgt:126996, arr:[-0.9999483823776245, 0.0, -0.010166878812015057], False", "process": "cellapp19", "thredRef": "", "time": "2026-08-08 01:50:25 004"}
{"__tag__:__client_ip__": "8.136.51.6", "__tag__:__hostname__": "game10001", "__tag__:__pack_id__": "5D46BC1D6FF38282-115B", "__tag__:__path__": "/home/fengyan/Server/kbengine/assets/logs/logger_cellapp.log", "__tag__:__receive_time__": "1786125025", "__tag__:__user_defined_id__": "erce", "__topic__": "", "component": "800035", "content": "    INFO    cellapp19 1000 800035  [2026-08-08 01:50:25 008] - Creation::~Creation(): 81857256", "levelInt": "1000", "logLevel": "INFO", "message": "Creation::~Creation(): 81857256", "process": "cellapp19", "thredRef": "", "time": "2026-08-08 01:50:25 008"}
{"__tag__:__client_ip__": "8.136.51.6", "__tag__:__hostname__": "game10001", "__tag__:__pack_id__": "5D46BC1D6FF38282-115B", "__tag__:__path__": "/home/fengyan/Server/kbengine/assets/logs/logger_cellapp.log", "__tag__:__receive_time__": "1786125025", "__tag__:__user_defined_id__": "erce", "__topic__": "", "component": "800035", "content": "    INFO    cellapp19 1000 800035  [2026-08-08 01:50:25 008] - Monster::~Monster(): 81857151", "levelInt": "1000", "logLevel": "INFO", "message": "Monster::~Monster(): 81857151", "process": "cellapp19", "thredRef": "", "time": "2026-08-08 01:50:25 008"}
{"__tag__:__client_ip__": "8.136.51.6", "__tag__:__hostname__": "game10001", "__tag__:__pack_id__": "5D46BC1D6FF38282-115B", "__tag__:__path__": "/home/fengyan/Server/kbengine/assets/logs/logger_cellapp.log", "__tag__:__receive_time__": "1786125025", "__tag__:__user_defined_id__": "erce", "__topic__": "", "class": "Monster", "component": "800013", "content": "  S_INFO    cellapp32 1000 800013  [2026-08-08 01:50:24 988] - [Monster(81854019)]:_useSkillBySkillObj: skill:91000572, tgt:54063, arr:[0.3249354064464569, 0.0, 0.9457362294197083], False", "entityId": "81854019", "gbId": "", "levelInt": "1000", "logLevel": "S_INFO", "message": ":_useSkillBySkillObj: skill:91000572, tgt:54063, arr:[0.3249354064464569, 0.0, 0.9457362294197083], False", "process": "cellapp32", "thredRef": "", "time": "2026-08-08 01:50:24 988"}
{"__tag__:__client_ip__": "8.136.51.6", "__tag__:__hostname__": "game10001", "__tag__:__pack_id__": "5D46BC1D6FF38282-115B", "__tag__:__path__": "/home/fengyan/Server/kbengine/assets/logs/logger_cellapp.log", "__tag__:__receive_time__": "1786125025", "__tag__:__user_defined_id__": "erce", "__topic__": "", "component": "800013", "content": "    INFO    cellapp32 1000 800013  [2026-08-08 01:50:24 989] - EntityApp::createEntity: new Monster 81854213", "levelInt": "1000", "logLevel": "INFO", "message": "EntityApp::createEntity: new Monster 81854213", "process": "cellapp32", "thredRef": "", "time": "2026-08-08 01:50:24 989"}
{"__tag__:__client_ip__": "8.136.51.6", "__tag__:__hostname__": "game10001", "__tag__:__pack_id__": "5D46BC1D6FF38282-115B", "__tag__:__path__": "/home/fengyan/Server/kbengine/assets/logs/logger_cellapp.log", "__tag__:__receive_time__": "1786125025", "__tag__:__user_defined_id__": "erce", "__topic__": "", "class": "WorldLineSpaceMgr", "component": "800013", "content": "  S_INFO    cellapp32 1000 800013  [2026-08-08 01:50:24 990] - [WorldLineSpaceMgr(108001)]:IShowMapEntityType::addEntity 81854213 ('11310113', 'gid_19010026', 'Monster')", "entityId": "108001", "gbId": "", "levelInt": "1000", "logLevel": "S_INFO", "message": ":IShowMapEntityType::addEntity 81854213 ('11310113', 'gid_19010026', 'Monster')", "process": "cellapp32", "thredRef": "", "time": "2026-08-08 01:50:24 990"}

===== [2026-08-11 17:19:11] query='' range=2026-08-08 01:50:25 ~ 2026-08-08 01:55:25 page=2 =====
{"__tag__:__client_ip__": "8.136.51.6", "__tag__:__hostname__": "game10001", "__tag__:__pack_id__": "5D46BC1D6FF38282-115B", "__tag__:__path__": "/home/fengyan/Server/kbengine/assets/logs/logger_cellapp.log", "__tag__:__receive_time__": "1786125025", "__tag__:__user_defined_id__": "erce", "__topic__": "", "class": "Monster", "component": "800013", "content": "  S_INFO    cellapp32 1000 800013  [2026-08-08 01:50:24 990] - [Monster(81854213)]:isFirstBloodRewardMonster False (1,)", "entityId": "81854213", "gbId": "", "levelInt": "1000", "logLevel": "S_INFO", "message": ":isFirstBloodRewardMonster False (1,)", "process": "cellapp32", "thredRef": "", "time": "2026-08-08 01:50:24 990"}
{"__tag__:__client_ip__": "8.136.51.6", "__tag__:__hostname__": "game10001", "__tag__:__pack_id__": "5D46BC1D6FF38282-115B", "__tag__:__path__": "/home/fengyan/Server/kbengine/assets/logs/logger_cellapp.log", "__tag__:__receive_time__": "1786125025", "__tag__:__user_defined_id__": "erce", "__topic__": "", "class": "Monster", "component": "800013", "content": "  S_INFO    cellapp32 1000 800013  [2026-08-08 01:50:24 990] - [Monster(81854213)]:on create 19010000 19010026001 11310113 0 Vector3(428.9837, 11.7072, 547.6874), ref=true", "entityId": "81854213", "gbId": "", "levelInt": "1000", "logLevel": "S_INFO", "message": ":on create 19010000 19010026001 11310113 0 Vector3(428.9837, 11.7072, 547.6874), ref=true", "process": "cellapp32", "thredRef": "", "time": "2026-08-08 01:50:24 990"}
{"__tag__:__client_ip__": "8.136.51.6", "__tag__:__hostname__": "game10001", "__tag__:__pack_id__": "5D46BC1D6FF38282-115B", "__tag__:__path__": "/home/fengyan/Server/kbengine/assets/logs/logger_cellapp.log", "__tag__:__receive_time__": "1786125025", "__tag__:__user_defined_id__": "erce", "__topic__": "", "class": "Creation", "component": "800013", "content": "  S_INFO    cellapp32 1000 800013  [2026-08-08 01:50:24 991] - [Creation(81854188)]:_useSkillBySkillObj: skill:90010026, tgt:81854188, arr:[], False", "entityId": "81854188", "gbId": "", "levelInt": "1000", "logLevel": "S_INFO", "message": ":_useSkillBySkillObj: skill:90010026, tgt:81854188, arr:[], False", "process": "cellapp32", "thredRef": "", "time": "2026-08-08 01:50:24 991"}
{"__tag__:__client_ip__": "8.136.51.6", "__tag__:__hostname__": "game10001", "__tag__:__pack_id__": "5D46BC1D6FF38282-115B", "__tag__:__path__": "/home/fengyan/Server/kbengine/assets/logs/logger_cellapp.log", "__tag__:__receive_time__": "1786125025", "__tag__:__user_defined_id__": "erce", "__topic__": "", "class": "Creation", "component": "800013", "content": "  S_INFO    cellapp32 1000 800013  [2026-08-08 01:50:24 992] - [Creation(81854203)]:_useSkillBySkillObj: skill:90020011, tgt:81854203, arr:[], False", "entityId": "81854203", "gbId": "", "levelInt": "1000", "logLevel": "S_INFO", "message": ":_useSkillBySkillObj: skill:90020011, tgt:81854203, arr:[], False", "process": "cellapp32", "thredRef": "", "time": "2026-08-08 01:50:24 992"}
{"__tag__:__client_ip__": "8.136.51.6", "__tag__:__hostname__": "game10001", "__tag__:__pack_id__": "5D46BC1D6FF38282-115B", "__tag__:__path__": "/home/fengyan/Server/kbengine/assets/logs/logger_cellapp.log", "__tag__:__receive_time__": "1786125025", "__tag__:__user_defined_id__": "erce", "__topic__": "", "class": "Creation", "component": "800013", "content": "  S_INFO    cellapp32 1000 800013  [2026-08-08 01:50:24 993] - [Creation(81854210)]:_useSkillBySkillObj: skill:90010041, tgt:81854210, arr:[], False", "entityId": "81854210", "gbId": "", "levelInt": "1000", "logLevel": "S_INFO", "message": ":_useSkillBySkillObj: skill:90010041, tgt:81854210, arr:[], False", "process": "cellapp32", "thredRef": "", "time": "2026-08-08 01:50:24 993"}
{"__tag__:__client_ip__": "8.136.51.6", "__tag__:__hostname__": "game10001", "__tag__:__pack_id__": "5D46BC1D6FF38282-115B", "__tag__:__path__": "/home/fengyan/Server/kbengine/assets/logs/logger_cellapp.log", "__tag__:__receive_time__": "1786125025", "__tag__:__user_defined_id__": "erce", "__topic__": "", "component": "800026", "content": "    INFO    cellapp07 1000 800026  [2026-08-08 01:50:25 002] - EntityApp::createEntity: new Monster 81848373", "levelInt": "1000", "logLevel": "INFO", "message": "EntityApp::createEntity: new Monster 81848373", "process": "cellapp07", "thredRef": "", "time": "2026-08-08 01:50:25 002"}
{"__tag__:__client_ip__": "8.136.51.6", "__tag__:__hostname__": "game10001", "__tag__:__pack_id__": "5D46BC1D6FF38282-115B", "__tag__:__path__": "/home/fengyan/Server/kbengine/assets/logs/logger_cellapp.log", "__tag__:__receive_time__": "1786125025", "__tag__:__user_defined_id__": "erce", "__topic__": "", "class": "WorldLineSpaceMgr", "component": "800026", "content": "  S_INFO    cellapp07 1000 800026  [2026-08-08 01:50:25 003] - [WorldLineSpaceMgr(32002)]:IShowMapEntityType::addEntity 81848373 ('11310041', 'gid_10100249', 'Monster')", "entityId": "32002", "gbId": "", "levelInt": "1000", "logLevel": "S_INFO", "message": ":IShowMapEntityType::addEntity 81848373 ('11310041', 'gid_10100249', 'Monster')", "process": "cellapp07", "thredRef": "", "time": "2026-08-08 01:50:25 003"}
{"__tag__:__client_ip__": "8.136.51.6", "__tag__:__hostname__": "game10001", "__tag__:__pack_id__": "5D46BC1D6FF38282-115B", "__tag__:__path__": "/home/fengyan/Server/kbengine/assets/logs/logger_cellapp.log", "__tag__:__receive_time__": "1786125025", "__tag__:__user_defined_id__": "erce", "__topic__": "", "class": "Monster", "component": "800026", "content": "  S_INFO    cellapp07 1000 800026  [2026-08-08 01:50:25 003] - [Monster(81848373)]:isFirstBloodRewardMonster False (1,)", "entityId": "81848373", "gbId": "", "levelInt": "1000", "logLevel": "S_INFO", "message": ":isFirstBloodRewardMonster False (1,)", "process": "cellapp07", "thredRef": "", "time": "2026-08-08 01:50:25 003"}
{"__tag__:__client_ip__": "8.136.51.6", "__tag__:__hostname__": "game10001", "__tag__:__pack_id__": "5D46BC1D6FF38282-115B", "__tag__:__path__": "/home/fengyan/Server/kbengine/assets/logs/logger_cellapp.log", "__tag__:__receive_time__": "1786125025", "__tag__:__user_defined_id__": "erce", "__topic__": "", "class": "Monster", "component": "800026", "content": "  S_INFO    cellapp07 1000 800026  [2026-08-08 01:50:25 003] - [Monster(81848373)]:on create 10100000 10100249001 11310041 0 Vector3(547.9740, 9.3262, 285.2632), ref=true", "entityId": "81848373", "gbId": "", "levelInt": "1000", "logLevel": "S_INFO", "message": ":on create 10100000 10100249001 11310041 0 Vector3(547.9740, 9.3262, 285.2632), ref=true", "process": "cellapp07", "thredRef": "", "time": "2026-08-08 01:50:25 003"}
{"__tag__:__client_ip__": "8.136.51.6", "__tag__:__hostname__": "game10001", "__tag__:__pack_id__": "5D46BC1D6FF38282-115B", "__tag__:__path__": "/home/fengyan/Server/kbengine/assets/logs/logger_cellapp.log", "__tag__:__receive_time__": "1786125025", "__tag__:__user_defined_id__": "erce", "__topic__": "", "class": "Avatar", "component": "800026", "content": "  S_INFO    cellapp07 1000 800026  [2026-08-08 01:50:25 006] - [Avatar(19784-2815091073950626645)]:_useSkillBySkillObj: skill:90010001, tgt:81848291, arr:[0.9027193188667297, 0.0, 0.43022990226745605], True", "entityId": "19784", "gbId": "2815091073950626645", "levelInt": "1000", "logLevel": "S_INFO", "message": ":_useSkillBySkillObj: skill:90010001, tgt:81848291, arr:[0.9027193188667297, 0.0, 0.43022990226745605], True", "process": "cellapp07", "thredRef": "", "time": "2026-08-08 01:50:25 006"}
{"__tag__:__client_ip__": "8.136.51.6", "__tag__:__hostname__": "game10001", "__tag__:__pack_id__": "5D46BC1D6FF38282-115B", "__tag__:__path__": "/home/fengyan/Server/kbengine/assets/logs/logger_cellapp.log", "__tag__:__receive_time__": "1786125025", "__tag__:__user_defined_id__": "erce", "__topic__": "", "component": "800026", "content": "    INFO    cellapp07 1000 800026  [2026-08-08 01:50:25 008] - Creation::onDestroy(): 81848337, entityDBID:0!", "levelInt": "1000", "logLevel": "INFO", "message": "Creation::onDestroy(): 81848337, entityDBID:0!", "process": "cellapp07", "thredRef": "", "time": "2026-08-08 01:50:25 008"}
{"__tag__:__client_ip__": "8.136.51.6", "__tag__:__hostname__": "game10001", "__tag__:__pack_id__": "5D46BC1D6FF38282-115B", "__tag__:__path__": "/home/fengyan/Server/kbengine/assets/logs/logger_cellapp.log", "__tag__:__receive_time__": "1786125025", "__tag__:__user_defined_id__": "erce", "__topic__": "", "class": "Summon", "component": "800026", "content": "  S_INFO    cellapp07 1000 800026  [2026-08-08 01:50:25 009] - [Summon(81553958)]:_useSkillBySkillObj: skill:91001020, tgt:81848190, arr:[-0.5587833523750305, 0.0, -0.8293136954307556], False", "entityId": "81553958", "gbId": "", "levelInt": "1000", "logLevel": "S_INFO", "message": ":_useSkillBySkillObj: skill:91001020, tgt:81848190, arr:[-0.5587833523750305, 0.0, -0.8293136954307556], False", "process": "cellapp07", "thredRef": "", "time": "2026-08-08 01:50:25 009"}
{"__tag__:__client_ip__": "8.136.51.6", "__tag__:__hostname__": "game10001", "__tag__:__pack_id__": "5D46BC1D6FF38282-115B", "__tag__:__path__": "/home/fengyan/Server/kbengine/assets/logs/logger_cellapp.log", "__tag__:__receive_time__": "1786125025", "__tag__:__user_defined_id__": "erce", "__topic__": "", "component": "800026", "content": "    INFO    cellapp07 1000 800026  [2026-08-08 01:50:25 012] - Creation::~Creation(): 81848337", "levelInt": "1000", "logLevel": "INFO", "message": "Creation::~Creation(): 81848337", "process": "cellapp07", "thredRef": "", "time": "2026-08-08 01:50:25 012"}
{"__tag__:__client_ip__": "8.136.51.6", "__tag__:__hostname__": "game10001", "__tag__:__pack_id__": "5D46BC1D6FF38282-115B", "__tag__:__path__": "/home/fengyan/Server/kbengine/assets/logs/logger_cellapp.log", "__tag__:__receive_time__": "1786125025", "__tag__:__user_defined_id__": "erce", "__topic__": "", "class": "Avatar", "component": "800026", "content": "  S_INFO    cellapp07 1000 800026  [2026-08-08 01:50:25 013] - [Avatar(11595467-2815091076442602428)]:doAction 5368377582990000128 30010005 11595467", "entityId": "11595467", "gbId": "2815091076442602428", "levelInt": "1000", "logLevel": "S_INFO", "message": ":doAction 5368377582990000128 30010005 11595467", "process": "cellapp07", "thredRef": "", "time": "2026-08-08 01:50:25 013"}
{"__tag__:__client_ip__": "8.136.51.6", "__tag__:__hostname__": "game10001", "__tag__:__pack_id__": "5D46BC1D6FF38282-115B", "__tag__:__path__": "/home/fengyan/Server/kbengine/assets/logs/logger_cellapp.log", "__tag__:__receive_time__": "1786125025", "__tag__:__user_defined_id__": "erce", "__topic__": "", "class": "Avatar", "component": "800026", "content": "  S_INFO    cellapp07 1000 800026  [2026-08-08 01:50:25 013] - [Avatar(98038-2815091073941678764)]:doAction 5368377582992097280 30010006 98038", "entityId": "98038", "gbId": "2815091073941678764", "levelInt": "1000", "logLevel": "S_INFO", "message": ":doAction 5368377582992097280 30010006 98038", "process": "cellapp07", "thredRef": "", "time": "2026-08-08 01:50:25 013"}
{"__tag__:__client_ip__": "8.136.51.6", "__tag__:__hostname__": "game10001", "__tag__:__pack_id__": "5D46BC1D6FF38282-115B", "__tag__:__path__": "/home/fengyan/Server/kbengine/assets/logs/logger_cellapp.log", "__tag__:__receive_time__": "1786125025", "__tag__:__user_defined_id__": "erce", "__topic__": "", "class": "Avatar", "component": "800026", "content": "  S_INFO    cellapp07 1000 800026  [2026-08-08 01:50:25 013] - [Avatar(23450306-2815091073979707143)]:doAction 5368377582992883712 30010005 23450306", "entityId": "23450306", "gbId": "2815091073979707143", "levelInt": "1000", "logLevel": "S_INFO", "message": ":doAction 5368377582992883712 30010005 23450306", "process": "cellapp07", "thredRef": "", "time": "2026-08-08 01:50:25 013"}
{"__tag__:__client_ip__": "8.136.51.6", "__tag__:__hostname__": "game10001", "__tag__:__pack_id__": "5D46BC1D6FF38282-115B", "__tag__:__path__": "/home/fengyan/Server/kbengine/assets/logs/logger_cellapp.log", "__tag__:__receive_time__": "1786125025", "__tag__:__user_defined_id__": "erce", "__topic__": "", "component": "800010", "content": "    INFO    cellapp40 1000 800010  [2026-08-08 01:50:24 985] - EntityApp::createEntity: new Monster 81811029", "levelInt": "1000", "logLevel": "INFO", "message": "EntityApp::createEntity: new Monster 81811029", "process": "cellapp40", "thredRef": "", "time": "2026-08-08 01:50:24 985"}
{"__tag__:__client_ip__": "8.136.51.6", "__tag__:__hostname__": "game10001", "__tag__:__pack_id__": "5D46BC1D6FF38282-115B", "__tag__:__path__": "/home/fengyan/Server/kbengine/assets/logs/logger_cellapp.log", "__tag__:__receive_time__": "1786125025", "__tag__:__user_defined_id__": "erce", "__topic__": "", "class": "WorldLineSpaceMgr", "component": "800010", "content": "  S_INFO    cellapp40 1000 800010  [2026-08-08 01:50:24 985] - [WorldLineSpaceMgr(138001)]:IShowMapEntityType::addEntity 81811029 ('11235121', 'gid_19090623', 'Monster')", "entityId": "138001", "gbId": "", "levelInt": "1000", "logLevel": "S_INFO", "message": ":IShowMapEntityType::addEntity 81811029 ('11235121', 'gid_19090623', 'Monster')", "process": "cellapp40", "thredRef": "", "time": "2026-08-08 01:50:24 985"}
{"__tag__:__client_ip__": "8.136.51.6", "__tag__:__hostname__": "game10001", "__tag__:__pack_id__": "5D46BC1D6FF38282-115B", "__tag__:__path__": "/home/fengyan/Server/kbengine/assets/logs/logger_cellapp.log", "__tag__:__receive_time__": "1786125025", "__tag__:__user_defined_id__": "erce", "__topic__": "", "class": "Monster", "component": "800010", "content": "  S_INFO    cellapp40 1000 800010  [2026-08-08 01:50:24 985] - [Monster(81811029)]:isFirstBloodRewardMonster False (1,)", "entityId": "81811029", "gbId": "", "levelInt": "1000", "logLevel": "S_INFO", "message": ":isFirstBloodRewardMonster False (1,)", "process": "cellapp40", "thredRef": "", "time": "2026-08-08 01:50:24 985"}
{"__tag__:__client_ip__": "8.136.51.6", "__tag__:__hostname__": "game10001", "__tag__:__pack_id__": "5D46BC1D6FF38282-115B", "__tag__:__path__": "/home/fengyan/Server/kbengine/assets/logs/logger_cellapp.log", "__tag__:__receive_time__": "1786125025", "__tag__:__user_defined_id__": "erce", "__topic__": "", "class": "Monster", "component": "800010", "content": "  S_INFO    cellapp40 1000 800010  [2026-08-08 01:50:24 986] - [Monster(81811029)]:on create 19090000 19090623001 11235121 0 Vector3(322.3359, 122.6742, 264.4652), ref=true", "entityId": "81811029", "gbId": "", "levelInt": "1000", "logLevel": "S_INFO", "message": ":on create 19090000 19090623001 11235121 0 Vector3(322.3359, 122.6742, 264.4652), ref=true", "process": "cellapp40", "thredRef": "", "time": "2026-08-08 01:50:24 986"}
{"__tag__:__client_ip__": "8.136.51.6", "__tag__:__hostname__": "game10001", "__tag__:__pack_id__": "5D46BC1D6FF38282-115B", "__tag__:__path__": "/home/fengyan/Server/kbengine/assets/logs/logger_cellapp.log", "__tag__:__receive_time__": "1786125025", "__tag__:__user_defined_id__": "erce", "__topic__": "", "class": "WorldLineSpaceMgr", "component": "800010", "content": "  S_INFO    cellapp40 1000 800010  [2026-08-08 01:50:24 986] - [WorldLineSpaceMgr(138001)]:IShowMapEntityType::removeEntById 81810881", "entityId": "138001", "gbId": "", "levelInt": "1000", "logLevel": "S_INFO", "message": ":IShowMapEntityType::removeEntById 81810881", "process": "cellapp40", "thredRef": "", "time": "2026-08-08 01:50:24 986"}
{"__tag__:__client_ip__": "8.136.51.6", "__tag__:__hostname__": "game10001", "__tag__:__pack_id__": "5D46BC1D6FF38282-115B", "__tag__:__path__": "/home/fengyan/Server/kbengine/assets/logs/logger_cellapp.log", "__tag__:__receive_time__": "1786125025", "__tag__:__user_defined_id__": "erce", "__topic__": "", "component": "800010", "content": "    INFO    cellapp40 1000 800010  [2026-08-08 01:50:24 986] - Monster::onDestroy(): 81810881, entityDBID:0!", "levelInt": "1000", "logLevel": "INFO", "message": "Monster::onDestroy(): 81810881, entityDBID:0!", "process": "cellapp40", "thredRef": "", "time": "2026-08-08 01:50:24 986"}
{"__tag__:__client_ip__": "8.136.51.6", "__tag__:__hostname__": "game10001", "__tag__:__pack_id__": "5D46BC1D6FF38282-115B", "__tag__:__path__": "/home/fengyan/Server/kbengine/assets/logs/logger_cellapp.log", "__tag__:__receive_time__": "1786125025", "__tag__:__user_defined_id__": "erce", "__topic__": "", "class": "Avatar", "component": "800010", "content": "  S_INFO    cellapp40 1000 800010  [2026-08-08 01:50:24 988] - [Avatar(21540968-2815091075512026180)]:_useSkillBySkillObj: skill:90010001, tgt:81810584, arr:[-0.802570641040802, 0.0, 0.5965570211410522], True", "entityId": "21540968", "gbId": "2815091075512026180", "levelInt": "1000", "logLevel": "S_INFO", "message": ":_useSkillBySkillObj: skill:90010001, tgt:81810584, arr:[-0.802570641040802, 0.0, 0.5965570211410522], True", "process": "cellapp40", "thredRef": "", "time": "2026-08-08 01:50:24 988"}
{"__tag__:__client_ip__": "8.136.51.6", "__tag__:__hostname__": "game10001", "__tag__:__pack_id__": "5D46BC1D6FF38282-115B", "__tag__:__path__": "/home/fengyan/Server/kbengine/assets/logs/logger_cellapp.log", "__tag__:__receive_time__": "1786125025", "__tag__:__user_defined_id__": "erce", "__topic__": "", "class": "Avatar", "component": "800010", "content": "  S_INFO    cellapp40 1000 800010  [2026-08-08 01:50:24 989] - [Avatar(3844-2815091074386834228)]:_useSkillBySkillObj: skill:90030020, tgt:81810995, arr:[-0.13808824121952057, 0.0, 0.9904199838638306], True", "entityId": "3844", "gbId": "2815091074386834228", "levelInt": "1000", "logLevel": "S_INFO", "message": ":_useSkillBySkillObj: skill:90030020, tgt:81810995, arr:[-0.13808824121952057, 0.0, 0.9904199838638306], True", "process": "cellapp40", "thredRef": "", "time": "2026-08-08 01:50:24 989"}
{"__tag__:__client_ip__": "8.136.51.6", "__tag__:__hostname__": "game10001", "__tag__:__pack_id__": "5D46BC1D6FF38282-115B", "__tag__:__path__": "/home/fengyan/Server/kbengine/assets/logs/logger_cellapp.log", "__tag__:__receive_time__": "1786125025", "__tag__:__user_defined_id__": "erce", "__topic__": "", "class": "Avatar", "component": "800010", "content": "  S_INFO    cellapp40 1000 800010  [2026-08-08 01:50:24 990] - [Avatar(127827-2815091073966285357)]:_useSkillBySkillObj: skill:90020001, tgt:81810967, arr:[0.996080219745636, 0.0, -0.08845404535531998], True", "entityId": "127827", "gbId": "2815091073966285357", "levelInt": "1000", "logLevel": "S_INFO", "message": ":_useSkillBySkillObj: skill:90020001, tgt:81810967, arr:[0.996080219745636, 0.0, -0.08845404535531998], True", "process": "cellapp40", "thredRef": "", "time": "2026-08-08 01:50:24 990"}
{"__tag__:__client_ip__": "8.136.51.6", "__tag__:__hostname__": "game10001", "__tag__:__pack_id__": "5D46BC1D6FF38282-115B", "__tag__:__path__": "/home/fengyan/Server/kbengine/assets/logs/logger_cellapp.log", "__tag__:__receive_time__": "1786125025", "__tag__:__user_defined_id__": "erce", "__topic__": "", "component": "800010", "content": "    INFO    cellapp40 1000 800010  [2026-08-08 01:50:24 991] - Monster::~Monster(): 81810881", "levelInt": "1000", "logLevel": "INFO", "message": "Monster::~Monster(): 81810881", "process": "cellapp40", "thredRef": "", "time": "2026-08-08 01:50:24 991"}
{"__tag__:__client_ip__": "8.136.51.6", "__tag__:__hostname__": "game10001", "__tag__:__pack_id__": "5D46BC1D6FF38282-115B", "__tag__:__path__": "/home/fengyan/Server/kbengine/assets/logs/logger_cellapp.log", "__tag__:__receive_time__": "1786125025", "__tag__:__user_defined_id__": "erce", "__topic__": "", "class": "Avatar", "component": "800002", "content": "  S_INFO    cellapp33 1000 800002  [2026-08-08 01:50:24 978] - [Avatar(22818414-2815091080849417831)]:_useSkillBySkillObj: skill:90010001, tgt:81861178, arr:[-0.32607752084732056, 0.0, 0.9453430771827698], True", "entityId": "22818414", "gbId": "2815091080849417831", "levelInt": "1000", "logLevel": "S_INFO", "message": ":_useSkillBySkillObj: skill:90010001, tgt:81861178, arr:[-0.32607752084732056, 0.0, 0.9453430771827698], True", "process": "cellapp33", "thredRef": "", "time": "2026-08-08 01:50:24 978"}
{"__tag__:__client_ip__": "8.136.51.6", "__tag__:__hostname__": "game10001", "__tag__:__pack_id__": "5D46BC1D6FF38282-115B", "__tag__:__path__": "/home/fengyan/Server/kbengine/assets/logs/logger_cellapp.log", "__tag__:__receive_time__": "1786125025", "__tag__:__user_defined_id__": "erce", "__topic__": "", "class": "Avatar", "component": "800002", "content": "  S_INFO    cellapp33 1000 800002  [2026-08-08 01:50:24 979] - [Avatar(87832-2815091084437505091)]:_useSkillBySkillObj: skill:90010065, tgt:81861275, arr:[0.5447229146957397, 0.0, 0.8386161923408508], True", "entityId": "87832", "gbId": "2815091084437505091", "levelInt": "1000", "logLevel": "S_INFO", "message": ":_useSkillBySkillObj: skill:90010065, tgt:81861275, arr:[0.5447229146957397, 0.0, 0.8386161923408508], True", "process": "cellapp33", "thredRef": "", "time": "2026-08-08 01:50:24 979"}
{"__tag__:__client_ip__": "8.136.51.6", "__tag__:__hostname__": "game10001", "__tag__:__pack_id__": "5D46BC1D6FF38282-115B", "__tag__:__path__": "/home/fengyan/Server/kbengine/assets/logs/logger_cellapp.log", "__tag__:__receive_time__": "1786125025", "__tag__:__user_defined_id__": "erce", "__topic__": "", "component": "800002", "content": "    INFO    cellapp33 1000 800002  [2026-08-08 01:50:24 981] - EntityApp::createEntity: new Monster 81861394", "levelInt": "1000", "logLevel": "INFO", "message": "EntityApp::createEntity: new Monster 81861394", "process": "cellapp33", "thredRef": "", "time": "2026-08-08 01:50:24 981"}
{"__tag__:__client_ip__": "8.136.51.6", "__tag__:__hostname__": "game10001", "__tag__:__pack_id__": "5D46BC1D6FF38282-115B", "__tag__:__path__": "/home/fengyan/Server/kbengine/assets/logs/logger_cellapp.log", "__tag__:__receive_time__": "1786125025", "__tag__:__user_defined_id__": "erce", "__topic__": "", "class": "WorldLineSpaceMgr", "component": "800002", "content": "  S_INFO    cellapp33 1000 800002  [2026-08-08 01:50:24 982] - [WorldLineSpaceMgr(116001)]:IShowMapEntityType::addEntity 81861394 ('11240147', 'gid_19020689', 'Monster')", "entityId": "116001", "gbId": "", "levelInt": "1000", "logLevel": "S_INFO", "message": ":IShowMapEntityType::addEntity 81861394 ('11240147', 'gid_19020689', 'Monster')", "process": "cellapp33", "thredRef": "", "time": "2026-08-08 01:50:24 982"}
{"__tag__:__client_ip__": "8.136.51.6", "__tag__:__hostname__": "game10001", "__tag__:__pack_id__": "5D46BC1D6FF38282-115B", "__tag__:__path__": "/home/fengyan/Server/kbengine/assets/logs/logger_cellapp.log", "__tag__:__receive_time__": "1786125025", "__tag__:__user_defined_id__": "erce", "__topic__": "", "class": "Monster", "component": "800002", "content": "  S_INFO    cellapp33 1000 800002  [2026-08-08 01:50:24 982] - [Monster(81861394)]:isFirstBloodRewardMonster False (1,)", "entityId": "81861394", "gbId": "", "levelInt": "1000", "logLevel": "S_INFO", "message": ":isFirstBloodRewardMonster False (1,)", "process": "cellapp33", "thredRef": "", "time": "2026-08-08 01:50:24 982"}
{"__tag__:__client_ip__": "8.136.51.6", "__tag__:__hostname__": "game10001", "__tag__:__pack_id__": "5D46BC1D6FF38282-115B", "__tag__:__path__": "/home/fengyan/Server/kbengine/assets/logs/logger_cellapp.log", "__tag__:__receive_time__": "1786125025", "__tag__:__user_defined_id__": "erce", "__topic__": "", "class": "Monster", "component": "800002", "content": "  S_INFO    cellapp33 1000 800002  [2026-08-08 01:50:24 982] - [Monster(81861394)]:on create 19020000 19020689001 11240147 0 Vector3(388.7732, 151.6133, 192.3898), ref=true", "entityId": "81861394", "gbId": "", "levelInt": "1000", "logLevel": "S_INFO", "message": ":on create 19020000 19020689001 11240147 0 Vector3(388.7732, 151.6133, 192.3898), ref=true", "process": "cellapp33", "thredRef": "", "time": "2026-08-08 01:50:24 982"}
{"__tag__:__client_ip__": "8.136.51.6", "__tag__:__hostname__": "game10001", "__tag__:__pack_id__": "5D46BC1D6FF38282-115B", "__tag__:__path__": "/home/fengyan/Server/kbengine/assets/logs/logger_cellapp.log", "__tag__:__receive_time__": "1786125025", "__tag__:__user_defined_id__": "erce", "__topic__": "", "class": "Monster", "component": "800002", "content": "  S_INFO    cellapp33 1000 800002  [2026-08-08 01:50:24 983] - [Monster(81861144)]:_useSkillBySkillObj: skill:91000621, tgt:41227, arr:[-0.7626436948776245, 0.0, -0.6468188762664795], False", "entityId": "81861144", "gbId": "", "levelInt": "1000", "logLevel": "S_INFO", "message": ":_useSkillBySkillObj: skill:91000621, tgt:41227, arr:[-0.7626436948776245, 0.0, -0.6468188762664795], False", "process": "cellapp33", "thredRef": "", "time": "2026-08-08 01:50:24 983"}
{"__tag__:__client_ip__": "8.136.51.6", "__tag__:__hostname__": "game10001", "__tag__:__pack_id__": "5D46BC1D6FF38282-115B", "__tag__:__path__": "/home/fengyan/Server/kbengine/assets/logs/logger_cellapp.log", "__tag__:__receive_time__": "1786125025", "__tag__:__user_defined_id__": "erce", "__topic__": "", "class": "Summon", "component": "800002", "content": "  S_INFO    cellapp33 1000 800002  [2026-08-08 01:50:24 984] - [Summon(81861221)]:_useSkillBySkillObj: skill:91001025, tgt:81861233, arr:[0.6874026656150818, 0.0, 0.7262763381004333], False", "entityId": "81861221", "gbId": "", "levelInt": "1000", "logLevel": "S_INFO", "message": ":_useSkillBySkillObj: skill:91001025, tgt:81861233, arr:[0.6874026656150818, 0.0, 0.7262763381004333], False", "process": "cellapp33", "thredRef": "", "time": "2026-08-08 01:50:24 984"}
{"__tag__:__client_ip__": "8.136.51.6", "__tag__:__hostname__": "game10001", "__tag__:__pack_id__": "5D46BC1D6FF38282-115B", "__tag__:__path__": "/home/fengyan/Server/kbengine/assets/logs/logger_cellapp.log", "__tag__:__receive_time__": "1786125025", "__tag__:__user_defined_id__": "erce", "__topic__": "", "class": "Monster", "component": "800002", "content": "  S_INFO    cellapp33 1000 800002  [2026-08-08 01:50:24 984] - [Monster(81861193)]:_useSkillBySkillObj: skill:91000621, tgt:23450527, arr:[-0.8277103900909424, 0.0, 0.5611554980278015], False", "entityId": "81861193", "gbId": "", "levelInt": "1000", "logLevel": "S_INFO", "message": ":_useSkillBySkillObj: skill:91000621, tgt:23450527, arr:[-0.8277103900909424, 0.0, 0.5611554980278015], False", "process": "cellapp33", "thredRef": "", "time": "2026-08-08 01:50:24 984"}
{"__tag__:__client_ip__": "8.136.51.6", "__tag__:__hostname__": "game10001", "__tag__:__pack_id__": "5D46BC1D6FF38282-115B", "__tag__:__path__": "/home/fengyan/Server/kbengine/assets/logs/logger_cellapp.log", "__tag__:__receive_time__": "1786125025", "__tag__:__user_defined_id__": "erce", "__topic__": "", "class": "WorldLineSpaceMgr", "component": "800002", "content": "  S_INFO    cellapp33 1000 800002  [2026-08-08 01:50:24 985] - [WorldLineSpaceMgr(116001)]:IShowMapEntityType::removeEntById 81861092", "entityId": "116001", "gbId": "", "levelInt": "1000", "logLevel": "S_INFO", "message": ":IShowMapEntityType::removeEntById 81861092", "process": "cellapp33", "thredRef": "", "time": "2026-08-08 01:50:24 985"}
{"__tag__:__client_ip__": "8.136.51.6", "__tag__:__hostname__": "game10001", "__tag__:__pack_id__": "5D46BC1D6FF38282-115B", "__tag__:__path__": "/home/fengyan/Server/kbengine/assets/logs/logger_cellapp.log", "__tag__:__receive_time__": "1786125025", "__tag__:__user_defined_id__": "erce", "__topic__": "", "component": "800002", "content": "    INFO    cellapp33 1000 800002  [2026-08-08 01:50:24 985] - Monster::onDestroy(): 81861092, entityDBID:0!", "levelInt": "1000", "logLevel": "INFO", "message": "Monster::onDestroy(): 81861092, entityDBID:0!", "process": "cellapp33", "thredRef": "", "time": "2026-08-08 01:50:24 985"}
{"__tag__:__client_ip__": "8.136.51.6", "__tag__:__hostname__": "game10001", "__tag__:__pack_id__": "5D46BC1D6FF38282-115B", "__tag__:__path__": "/home/fengyan/Server/kbengine/assets/logs/logger_cellapp.log", "__tag__:__receive_time__": "1786125025", "__tag__:__user_defined_id__": "erce", "__topic__": "", "class": "WorldLineSpaceMgr", "component": "800002", "content": "  S_INFO    cellapp33 1000 800002  [2026-08-08 01:50:24 985] - [WorldLineSpaceMgr(116001)]:IShowMapEntityType::removeEntById 81861177", "entityId": "116001", "gbId": "", "levelInt": "1000", "logLevel": "S_INFO", "message": ":IShowMapEntityType::removeEntById 81861177", "process": "cellapp33", "thredRef": "", "time": "2026-08-08 01:50:24 985"}
{"__tag__:__client_ip__": "8.136.51.6", "__tag__:__hostname__": "game10001", "__tag__:__pack_id__": "5D46BC1D6FF38282-115B", "__tag__:__path__": "/home/fengyan/Server/kbengine/assets/logs/logger_cellapp.log", "__tag__:__receive_time__": "1786125025", "__tag__:__user_defined_id__": "erce", "__topic__": "", "component": "800002", "content": "    INFO    cellapp33 1000 800002  [2026-08-08 01:50:24 985] - Monster::onDestroy(): 81861177, entityDBID:0!", "levelInt": "1000", "logLevel": "INFO", "message": "Monster::onDestroy(): 81861177, entityDBID:0!", "process": "cellapp33", "thredRef": "", "time": "2026-08-08 01:50:24 985"}
{"__tag__:__client_ip__": "8.136.51.6", "__tag__:__hostname__": "game10001", "__tag__:__pack_id__": "5D46BC1D6FF38282-115B", "__tag__:__path__": "/home/fengyan/Server/kbengine/assets/logs/logger_cellapp.log", "__tag__:__receive_time__": "1786125025", "__tag__:__user_defined_id__": "erce", "__topic__": "", "class": "Creation", "component": "800002", "content": "  S_INFO    cellapp33 1000 800002  [2026-08-08 01:50:24 986] - [Creation(81861315)]:_useSkillBySkillObj: skill:90010026, tgt:81861315, arr:[], False", "entityId": "81861315", "gbId": "", "levelInt": "1000", "logLevel": "S_INFO", "message": ":_useSkillBySkillObj: skill:90010026, tgt:81861315, arr:[], False", "process": "cellapp33", "thredRef": "", "time": "2026-08-08 01:50:24 986"}
{"__tag__:__client_ip__": "8.136.51.6", "__tag__:__hostname__": "game10001", "__tag__:__pack_id__": "5D46BC1D6FF38282-115B", "__tag__:__path__": "/home/fengyan/Server/kbengine/assets/logs/logger_cellapp.log", "__tag__:__receive_time__": "1786125025", "__tag__:__user_defined_id__": "erce", "__topic__": "", "class": "WorldLineSpaceMgr", "component": "800002", "content": "  S_INFO    cellapp33 1000 800002  [2026-08-08 01:50:24 986] - [WorldLineSpaceMgr(116001)]:IShowMapEntityType::removeEntById 81860719", "entityId": "116001", "gbId": "", "levelInt": "1000", "logLevel": "S_INFO", "message": ":IShowMapEntityType::removeEntById 81860719", "process": "cellapp33", "thredRef": "", "time": "2026-08-08 01:50:24 986"}
{"__tag__:__client_ip__": "8.136.51.6", "__tag__:__hostname__": "game10001", "__tag__:__pack_id__": "5D46BC1D6FF38282-115B", "__tag__:__path__": "/home/fengyan/Server/kbengine/assets/logs/logger_cellapp.log", "__tag__:__receive_time__": "1786125025", "__tag__:__user_defined_id__": "erce", "__topic__": "", "component": "800002", "content": "    INFO    cellapp33 1000 800002  [2026-08-08 01:50:24 986] - Monster::onDestroy(): 81860719, entityDBID:0!", "levelInt": "1000", "logLevel": "INFO", "message": "Monster::onDestroy(): 81860719, entityDBID:0!", "process": "cellapp33", "thredRef": "", "time": "2026-08-08 01:50:24 986"}
{"__tag__:__client_ip__": "8.136.51.6", "__tag__:__hostname__": "game10001", "__tag__:__pack_id__": "5D46BC1D6FF38282-115B", "__tag__:__path__": "/home/fengyan/Server/kbengine/assets/logs/logger_cellapp.log", "__tag__:__receive_time__": "1786125025", "__tag__:__user_defined_id__": "erce", "__topic__": "", "class": "WorldLineSpaceMgr", "component": "800002", "content": "  S_INFO    cellapp33 1000 800002  [2026-08-08 01:50:24 987] - [WorldLineSpaceMgr(116001)]:IShowMapEntityType::removeEntById 81860295", "entityId": "116001", "gbId": "", "levelInt": "1000", "logLevel": "S_INFO", "message": ":IShowMapEntityType::removeEntById 81860295", "process": "cellapp33", "thredRef": "", "time": "2026-08-08 01:50:24 987"}
{"__tag__:__client_ip__": "8.136.51.6", "__tag__:__hostname__": "game10001", "__tag__:__pack_id__": "5D46BC1D6FF38282-115B", "__tag__:__path__": "/home/fengyan/Server/kbengine/assets/logs/logger_cellapp.log", "__tag__:__receive_time__": "1786125025", "__tag__:__user_defined_id__": "erce", "__topic__": "", "component": "800002", "content": "    INFO    cellapp33 1000 800002  [2026-08-08 01:50:24 987] - Monster::onDestroy(): 81860295, entityDBID:0!", "levelInt": "1000", "logLevel": "INFO", "message": "Monster::onDestroy(): 81860295, entityDBID:0!", "process": "cellapp33", "thredRef": "", "time": "2026-08-08 01:50:24 987"}
{"__tag__:__client_ip__": "8.136.51.6", "__tag__:__hostname__": "game10001", "__tag__:__pack_id__": "5D46BC1D6FF38282-115B", "__tag__:__path__": "/home/fengyan/Server/kbengine/assets/logs/logger_cellapp.log", "__tag__:__receive_time__": "1786125025", "__tag__:__user_defined_id__": "erce", "__topic__": "", "class": "WorldLineSpaceMgr", "component": "800002", "content": "  S_INFO    cellapp33 1000 800002  [2026-08-08 01:50:24 987] - [WorldLineSpaceMgr(116001)]:IShowMapEntityType::removeEntById 81860942", "entityId": "116001", "gbId": "", "levelInt": "1000", "logLevel": "S_INFO", "message": ":IShowMapEntityType::removeEntById 81860942", "process": "cellapp33", "thredRef": "", "time": "2026-08-08 01:50:24 987"}
{"__tag__:__client_ip__": "8.136.51.6", "__tag__:__hostname__": "game10001", "__tag__:__pack_id__": "5D46BC1D6FF38282-115B", "__tag__:__path__": "/home/fengyan/Server/kbengine/assets/logs/logger_cellapp.log", "__tag__:__receive_time__": "1786125025", "__tag__:__user_defined_id__": "erce", "__topic__": "", "component": "800002", "content": "    INFO    cellapp33 1000 800002  [2026-08-08 01:50:24 987] - Monster::onDestroy(): 81860942, entityDBID:0!", "levelInt": "1000", "logLevel": "INFO", "message": "Monster::onDestroy(): 81860942, entityDBID:0!", "process": "cellapp33", "thredRef": "", "time": "2026-08-08 01:50:24 987"}
{"__tag__:__client_ip__": "8.136.51.6", "__tag__:__hostname__": "game10001", "__tag__:__pack_id__": "5D46BC1D6FF38282-115B", "__tag__:__path__": "/home/fengyan/Server/kbengine/assets/logs/logger_cellapp.log", "__tag__:__receive_time__": "1786125025", "__tag__:__user_defined_id__": "erce", "__topic__": "", "component": "800002", "content": "    INFO    cellapp33 1000 800002  [2026-08-08 01:50:24 990] - EntityApp::createEntity: new Creation 81861395", "levelInt": "1000", "logLevel": "INFO", "message": "EntityApp::createEntity: new Creation 81861395", "process": "cellapp33", "thredRef": "", "time": "2026-08-08 01:50:24 990"}
{"__tag__:__client_ip__": "8.136.51.6", "__tag__:__hostname__": "game10001", "__tag__:__pack_id__": "5D46BC1D6FF38282-115B", "__tag__:__path__": "/home/fengyan/Server/kbengine/assets/logs/logger_cellapp.log", "__tag__:__receive_time__": "1786125025", "__tag__:__user_defined_id__": "erce", "__topic__": "", "class": "WorldLineSpaceMgr", "component": "800002", "content": "  S_INFO    cellapp33 1000 800002  [2026-08-08 01:50:24 990] - [WorldLineSpaceMgr(116001)]:IShowMapEntityType::addEntity 81861395 ('65000015', 'Creation')", "entityId": "116001", "gbId": "", "levelInt": "1000", "logLevel": "S_INFO", "message": ":IShowMapEntityType::addEntity 81861395 ('65000015', 'Creation')", "process": "cellapp33", "thredRef": "", "time": "2026-08-08 01:50:24 990"}
{"__tag__:__client_ip__": "8.136.51.6", "__tag__:__hostname__": "game10001", "__tag__:__pack_id__": "5D46BC1D6FF38282-115B", "__tag__:__path__": "/home/fengyan/Server/kbengine/assets/logs/logger_cellapp.log", "__tag__:__receive_time__": "1786125025", "__tag__:__user_defined_id__": "erce", "__topic__": "", "class": "Creation", "component": "800002", "content": "  S_INFO    cellapp33 1000 800002  [2026-08-08 01:50:24 991] - [Creation(81861375)]:_useSkillBySkillObj: skill:90020011, tgt:81861375, arr:[], False", "entityId": "81861375", "gbId": "", "levelInt": "1000", "logLevel": "S_INFO", "message": ":_useSkillBySkillObj: skill:90020011, tgt:81861375, arr:[], False", "process": "cellapp33", "thredRef": "", "time": "2026-08-08 01:50:24 991"}
{"__tag__:__client_ip__": "8.136.51.6", "__tag__:__hostname__": "game10001", "__tag__:__pack_id__": "5D46BC1D6FF38282-115B", "__tag__:__path__": "/home/fengyan/Server/kbengine/assets/logs/logger_cellapp.log", "__tag__:__receive_time__": "1786125025", "__tag__:__user_defined_id__": "erce", "__topic__": "", "class": "Avatar", "component": "800002", "content": "  S_INFO    cellapp33 1000 800002  [2026-08-08 01:50:24 994] - [Avatar(104087-2815091073995365893)]:_useSkillBySkillObj: skill:90010055, tgt:81861230, arr:[0.1685318797826767, 0.0, 0.9856961369514465, 366.03143310546875, 113.87921142578125, 139.92384338378906], True", "entityId": "104087", "gbId": "2815091073995365893", "levelInt": "1000", "logLevel": "S_INFO", "message": ":_useSkillBySkillObj: skill:90010055, tgt:81861230, arr:[0.1685318797826767, 0.0, 0.9856961369514465, 366.03143310546875, 113.87921142578125, 139.92384338378906], True", "process": "cellapp33", "thredRef": "", "time": "2026-08-08 01:50:24 994"}

===== [2026-08-11 17:19:14] query='' range=2026-08-08 01:50:25 ~ 2026-08-08 01:55:25 page=1 =====
{"__tag__:__client_ip__": "8.136.51.6", "__tag__:__hostname__": "game10001", "__tag__:__pack_id__": "5D46BC1D6FF38282-115B", "__tag__:__path__": "/home/fengyan/Server/kbengine/assets/logs/logger_cellapp.log", "__tag__:__receive_time__": "1786125025", "__tag__:__user_defined_id__": "erce", "__topic__": "", "class": "Summon", "component": "800021", "content": "  S_INFO    cellapp11 1000 800021  [2026-08-08 01:50:24 942] - [Summon(81137422)]:_useSkillBySkillObj: skill:91001020, tgt:81137731, arr:[0.92104572057724, 0.0, 0.38945436477661133], False", "entityId": "81137422", "gbId": "", "levelInt": "1000", "logLevel": "S_INFO", "message": ":_useSkillBySkillObj: skill:91001020, tgt:81137731, arr:[0.92104572057724, 0.0, 0.38945436477661133], False", "process": "cellapp11", "thredRef": "", "time": "2026-08-08 01:50:24 942"}
{"__tag__:__client_ip__": "8.136.51.6", "__tag__:__hostname__": "game10001", "__tag__:__pack_id__": "5D46BC1D6FF38282-115B", "__tag__:__path__": "/home/fengyan/Server/kbengine/assets/logs/logger_cellapp.log", "__tag__:__receive_time__": "1786125025", "__tag__:__user_defined_id__": "erce", "__topic__": "", "class": "Avatar", "component": "800029", "content": "  S_INFO    cellapp39 1000 800029  [2026-08-08 01:50:24 946] - [Avatar(40745-2815091073975233231)]:_useSkillBySkillObj: skill:90020001, tgt:81839763, arr:[-0.7320615649223328, 0.0, 0.6812384128570557], True", "entityId": "40745", "gbId": "2815091073975233231", "levelInt": "1000", "logLevel": "S_INFO", "message": ":_useSkillBySkillObj: skill:90020001, tgt:81839763, arr:[-0.7320615649223328, 0.0, 0.6812384128570557], True", "process": "cellapp39", "thredRef": "", "time": "2026-08-08 01:50:24 946"}
{"__tag__:__client_ip__": "8.136.51.6", "__tag__:__hostname__": "game10001", "__tag__:__pack_id__": "5D46BC1D6FF38282-115B", "__tag__:__path__": "/home/fengyan/Server/kbengine/assets/logs/logger_cellapp.log", "__tag__:__receive_time__": "1786125025", "__tag__:__user_defined_id__": "erce", "__topic__": "", "class": "Avatar", "component": "800029", "content": "  S_INFO    cellapp39 1000 800029  [2026-08-08 01:50:24 947] - [Avatar(10889545-2815091075136216539)]:_useSkillBySkillObj: skill:90020020, tgt:81839768, arr:[0.9706993699073792, 0.0, 0.24029701948165894], True", "entityId": "10889545", "gbId": "2815091075136216539", "levelInt": "1000", "logLevel": "S_INFO", "message": ":_useSkillBySkillObj: skill:90020020, tgt:81839768, arr:[0.9706993699073792, 0.0, 0.24029701948165894], True", "process": "cellapp39", "thredRef": "", "time": "2026-08-08 01:50:24 947"}
{"__tag__:__client_ip__": "8.136.51.6", "__tag__:__hostname__": "game10001", "__tag__:__pack_id__": "5D46BC1D6FF38282-115B", "__tag__:__path__": "/home/fengyan/Server/kbengine/assets/logs/logger_cellapp.log", "__tag__:__receive_time__": "1786125025", "__tag__:__user_defined_id__": "erce", "__topic__": "", "class": "Monster", "component": "800029", "content": "  S_INFO    cellapp39 1000 800029  [2026-08-08 01:50:24 948] - [Monster(81839780)]:_useSkillBySkillObj: skill:91000196, tgt:5882, arr:[-0.981421709060669, 0.0, 0.19186267256736755], False", "entityId": "81839780", "gbId": "", "levelInt": "1000", "logLevel": "S_INFO", "message": ":_useSkillBySkillObj: skill:91000196, tgt:5882, arr:[-0.981421709060669, 0.0, 0.19186267256736755], False", "process": "cellapp39", "thredRef": "", "time": "2026-08-08 01:50:24 948"}
{"__tag__:__client_ip__": "8.136.51.6", "__tag__:__hostname__": "game10001", "__tag__:__pack_id__": "5D46BC1D6FF38282-115B", "__tag__:__path__": "/home/fengyan/Server/kbengine/assets/logs/logger_cellapp.log", "__tag__:__receive_time__": "1786125025", "__tag__:__user_defined_id__": "erce", "__topic__": "", "class": "Creation", "component": "800029", "content": "  S_INFO    cellapp39 1000 800029  [2026-08-08 01:50:24 948] - [Creation(81839842)]:_useSkillBySkillObj: skill:90010026, tgt:81839842, arr:[], False", "entityId": "81839842", "gbId": "", "levelInt": "1000", "logLevel": "S_INFO", "message": ":_useSkillBySkillObj: skill:90010026, tgt:81839842, arr:[], False", "process": "cellapp39", "thredRef": "", "time": "2026-08-08 01:50:24 948"}
{"__tag__:__client_ip__": "8.136.51.6", "__tag__:__hostname__": "game10001", "__tag__:__pack_id__": "5D46BC1D6FF38282-115B", "__tag__:__path__": "/home/fengyan/Server/kbengine/assets/logs/logger_cellapp.log", "__tag__:__receive_time__": "1786125025", "__tag__:__user_defined_id__": "erce", "__topic__": "", "class": "Creation", "component": "800029", "content": "  S_INFO    cellapp39 1000 800029  [2026-08-08 01:50:24 949] - [Creation(81839843)]:_useSkillBySkillObj: skill:90010026, tgt:81839843, arr:[], False", "entityId": "81839843", "gbId": "", "levelInt": "1000", "logLevel": "S_INFO", "message": ":_useSkillBySkillObj: skill:90010026, tgt:81839843, arr:[], False", "process": "cellapp39", "thredRef": "", "time": "2026-08-08 01:50:24 949"}
{"__tag__:__client_ip__": "8.136.51.6", "__tag__:__hostname__": "game10001", "__tag__:__pack_id__": "5D46BC1D6FF38282-115B", "__tag__:__path__": "/home/fengyan/Server/kbengine/assets/logs/logger_cellapp.log", "__tag__:__receive_time__": "1786125025", "__tag__:__user_defined_id__": "erce", "__topic__": "", "component": "800029", "content": "    INFO    cellapp39 1000 800029  [2026-08-08 01:50:24 952] - EntityApp::createEntity: new Creation 81839876", "levelInt": "1000", "logLevel": "INFO", "message": "EntityApp::createEntity: new Creation 81839876", "process": "cellapp39", "thredRef": "", "time": "2026-08-08 01:50:24 952"}
{"__tag__:__client_ip__": "8.136.51.6", "__tag__:__hostname__": "game10001", "__tag__:__pack_id__": "5D46BC1D6FF38282-115B", "__tag__:__path__": "/home/fengyan/Server/kbengine/assets/logs/logger_cellapp.log", "__tag__:__receive_time__": "1786125025", "__tag__:__user_defined_id__": "erce", "__topic__": "", "class": "WorldLineSpaceMgr", "component": "800029", "content": "  S_INFO    cellapp39 1000 800029  [2026-08-08 01:50:24 952] - [WorldLineSpaceMgr(136001)]:IShowMapEntityType::addEntity 81839876 ('65000013', 'Creation')", "entityId": "136001", "gbId": "", "levelInt": "1000", "logLevel": "S_INFO", "message": ":IShowMapEntityType::addEntity 81839876 ('65000013', 'Creation')", "process": "cellapp39", "thredRef": "", "time": "2026-08-08 01:50:24 952"}
{"__tag__:__client_ip__": "8.136.51.6", "__tag__:__hostname__": "game10001", "__tag__:__pack_id__": "5D46BC1D6FF38282-115B", "__tag__:__path__": "/home/fengyan/Server/kbengine/assets/logs/logger_cellapp.log", "__tag__:__receive_time__": "1786125025", "__tag__:__user_defined_id__": "erce", "__topic__": "", "class": "Monster", "component": "800029", "content": "  S_WARN    cellapp39 1000 800029  [2026-08-08 01:50:24 953] - [Monster(81839748)]:goDie 81838318 1 91001025 False", "entityId": "81839748", "gbId": "", "levelInt": "1000", "logLevel": "S_WARN", "message": ":goDie 81838318 1 91001025 False", "process": "cellapp39", "thredRef": "", "time": "2026-08-08 01:50:24 953"}
{"__tag__:__client_ip__": "8.136.51.6", "__tag__:__hostname__": "game10001", "__tag__:__pack_id__": "5D46BC1D6FF38282-115B", "__tag__:__path__": "/home/fengyan/Server/kbengine/assets/logs/logger_cellapp.log", "__tag__:__receive_time__": "1786125025", "__tag__:__user_defined_id__": "erce", "__topic__": "", "class": "Avatar", "component": "800029", "content": "  S_INFO    cellapp39 1000 800029  [2026-08-08 01:50:24 953] - [Avatar(94047-2815091074078133473)]:getExpDecayRate 2 37 0 1", "entityId": "94047", "gbId": "2815091074078133473", "levelInt": "1000", "logLevel": "S_INFO", "message": ":getExpDecayRate 2 37 0 1", "process": "cellapp39", "thredRef": "", "time": "2026-08-08 01:50:24 953"}
{"__tag__:__client_ip__": "8.136.51.6", "__tag__:__hostname__": "game10001", "__tag__:__pack_id__": "5D46BC1D6FF38282-115B", "__tag__:__path__": "/home/fengyan/Server/kbengine/assets/logs/logger_cellapp.log", "__tag__:__receive_time__": "1786125025", "__tag__:__user_defined_id__": "erce", "__topic__": "", "class": "Avatar", "component": "800029", "content": "  S_INFO    cellapp39 1000 800029  [2026-08-08 01:50:24 953] - [Avatar(94047-2815091074078133473)]:getExpDecayRate, level: 2 rate: 1.0 worldLevelRatio: 1.0", "entityId": "94047", "gbId": "2815091074078133473", "levelInt": "1000", "logLevel": "S_INFO", "message": ":getExpDecayRate, level: 2 rate: 1.0 worldLevelRatio: 1.0", "process": "cellapp39", "thredRef": "", "time": "2026-08-08 01:50:24 953"}
{"__tag__:__client_ip__": "8.136.51.6", "__tag__:__hostname__": "game10001", "__tag__:__pack_id__": "5D46BC1D6FF38282-115B", "__tag__:__path__": "/home/fengyan/Server/kbengine/assets/logs/logger_cellapp.log", "__tag__:__receive_time__": "1786125025", "__tag__:__user_defined_id__": "erce", "__topic__": "", "class": "Creation", "component": "800029", "content": "  S_INFO    cellapp39 1000 800029  [2026-08-08 01:50:24 955] - [Creation(81839872)]:_useSkillBySkillObj: skill:90020016, tgt:81839872, arr:[], False", "entityId": "81839872", "gbId": "", "levelInt": "1000", "logLevel": "S_INFO", "message": ":_useSkillBySkillObj: skill:90020016, tgt:81839872, arr:[], False", "process": "cellapp39", "thredRef": "", "time": "2026-08-08 01:50:24 955"}
{"__tag__:__client_ip__": "8.136.51.6", "__tag__:__hostname__": "game10001", "__tag__:__pack_id__": "5D46BC1D6FF38282-115B", "__tag__:__path__": "/home/fengyan/Server/kbengine/assets/logs/logger_cellapp.log", "__tag__:__receive_time__": "1786125025", "__tag__:__user_defined_id__": "erce", "__topic__": "", "class": "Monster", "component": "800029", "content": "  S_WARN    cellapp39 1000 800029  [2026-08-08 01:50:24 957] - [Monster(81839735)]:goDie 11685426 1 90020066 False", "entityId": "81839735", "gbId": "", "levelInt": "1000", "logLevel": "S_WARN", "message": ":goDie 11685426 1 90020066 False", "process": "cellapp39", "thredRef": "", "time": "2026-08-08 01:50:24 957"}
{"__tag__:__client_ip__": "8.136.51.6", "__tag__:__hostname__": "game10001", "__tag__:__pack_id__": "5D46BC1D6FF38282-115B", "__tag__:__path__": "/home/fengyan/Server/kbengine/assets/logs/logger_cellapp.log", "__tag__:__receive_time__": "1786125025", "__tag__:__user_defined_id__": "erce", "__topic__": "", "class": "Avatar", "component": "800029", "content": "  S_INFO    cellapp39 1000 800029  [2026-08-08 01:50:24 958] - [Avatar(11685426-2815091099660032409)]:getExpDecayRate 2 36 1 1", "entityId": "11685426", "gbId": "2815091099660032409", "levelInt": "1000", "logLevel": "S_INFO", "message": ":getExpDecayRate 2 36 1 1", "process": "cellapp39", "thredRef": "", "time": "2026-08-08 01:50:24 958"}
{"__tag__:__client_ip__": "8.136.51.6", "__tag__:__hostname__": "game10001", "__tag__:__pack_id__": "5D46BC1D6FF38282-115B", "__tag__:__path__": "/home/fengyan/Server/kbengine/assets/logs/logger_cellapp.log", "__tag__:__receive_time__": "1786125025", "__tag__:__user_defined_id__": "erce", "__topic__": "", "class": "Avatar", "component": "800029", "content": "  S_INFO    cellapp39 1000 800029  [2026-08-08 01:50:24 958] - [Avatar(11685426-2815091099660032409)]:getExpDecayRate, level: 2 rate: 1.05 worldLevelRatio: 1.05", "entityId": "11685426", "gbId": "2815091099660032409", "levelInt": "1000", "logLevel": "S_INFO", "message": ":getExpDecayRate, level: 2 rate: 1.05 worldLevelRatio: 1.05", "process": "cellapp39", "thredRef": "", "time": "2026-08-08 01:50:24 958"}
{"__tag__:__client_ip__": "8.136.51.6", "__tag__:__hostname__": "game10001", "__tag__:__pack_id__": "5D46BC1D6FF38282-115B", "__tag__:__path__": "/home/fengyan/Server/kbengine/assets/logs/logger_cellapp.log", "__tag__:__receive_time__": "1786125025", "__tag__:__user_defined_id__": "erce", "__topic__": "", "class": "Avatar", "component": "800029", "content": "  S_INFO    cellapp39 1000 800029  [2026-08-08 01:50:24 958] - [Avatar(18779126-2815091073957337555)]:_useSkillBySkillObj: skill:90020030, tgt:81839364, arr:[0.8800263404846191, 0.0, 0.474924772977829, 0.6400003180681171], True", "entityId": "18779126", "gbId": "2815091073957337555", "levelInt": "1000", "logLevel": "S_INFO", "message": ":_useSkillBySkillObj: skill:90020030, tgt:81839364, arr:[0.8800263404846191, 0.0, 0.474924772977829, 0.6400003180681171], True", "process": "cellapp39", "thredRef": "", "time": "2026-08-08 01:50:24 958"}
{"__tag__:__client_ip__": "8.136.51.6", "__tag__:__hostname__": "game10001", "__tag__:__pack_id__": "5D46BC1D6FF38282-115B", "__tag__:__path__": "/home/fengyan/Server/kbengine/assets/logs/logger_cellapp.log", "__tag__:__receive_time__": "1786125025", "__tag__:__user_defined_id__": "erce", "__topic__": "", "class": "Avatar", "component": "800029", "content": "  S_INFO    cellapp39 1000 800029  [2026-08-08 01:50:24 959] - [Avatar(18134-2815091074731326395)]:_useSkillBySkillObj: skill:90010015, tgt:81839812, arr:[-0.5436441898345947, 0.0, -0.8393157720565796], True", "entityId": "18134", "gbId": "2815091074731326395", "levelInt": "1000", "logLevel": "S_INFO", "message": ":_useSkillBySkillObj: skill:90010015, tgt:81839812, arr:[-0.5436441898345947, 0.0, -0.8393157720565796], True", "process": "cellapp39", "thredRef": "", "time": "2026-08-08 01:50:24 959"}
{"__tag__:__client_ip__": "8.136.51.6", "__tag__:__hostname__": "game10001", "__tag__:__pack_id__": "5D46BC1D6FF38282-115B", "__tag__:__path__": "/home/fengyan/Server/kbengine/assets/logs/logger_cellapp.log", "__tag__:__receive_time__": "1786125025", "__tag__:__user_defined_id__": "erce", "__topic__": "", "class": "Creation", "component": "800035", "content": "  S_INFO    cellapp19 1000 800035  [2026-08-08 01:50:24 985] - [Creation(60230)]:_useSkillBySkillObj: skill:91024099, tgt:60230, arr:[0.7859245538711548, 0.0, 0.6183223724365234, 0.6724156826138473], False", "entityId": "60230", "gbId": "", "levelInt": "1000", "logLevel": "S_INFO", "message": ":_useSkillBySkillObj: skill:91024099, tgt:60230, arr:[0.7859245538711548, 0.0, 0.6183223724365234, 0.6724156826138473], False", "process": "cellapp19", "thredRef": "", "time": "2026-08-08 01:50:24 985"}
{"__tag__:__client_ip__": "8.136.51.6", "__tag__:__hostname__": "game10001", "__tag__:__pack_id__": "5D46BC1D6FF38282-115B", "__tag__:__path__": "/home/fengyan/Server/kbengine/assets/logs/logger_cellapp.log", "__tag__:__receive_time__": "1786125025", "__tag__:__user_defined_id__": "erce", "__topic__": "", "class": "Creation", "component": "800035", "content": "  S_INFO    cellapp19 1000 800035  [2026-08-08 01:50:24 986] - [Creation(60210)]:_useSkillBySkillObj: skill:91024099, tgt:60210, arr:[0.9992198944091797, 0.0, 0.03949163481593132, 0.8460182542891705], False", "entityId": "60210", "gbId": "", "levelInt": "1000", "logLevel": "S_INFO", "message": ":_useSkillBySkillObj: skill:91024099, tgt:60210, arr:[0.9992198944091797, 0.0, 0.03949163481593132, 0.8460182542891705], False", "process": "cellapp19", "thredRef": "", "time": "2026-08-08 01:50:24 986"}
{"__tag__:__client_ip__": "8.136.51.6", "__tag__:__hostname__": "game10001", "__tag__:__pack_id__": "5D46BC1D6FF38282-115B", "__tag__:__path__": "/home/fengyan/Server/kbengine/assets/logs/logger_cellapp.log", "__tag__:__receive_time__": "1786125025", "__tag__:__user_defined_id__": "erce", "__topic__": "", "class": "Avatar", "component": "800035", "content": "  S_INFO    cellapp19 1000 800035  [2026-08-08 01:50:24 987] - [Avatar(115250-2815091076442602429)]:_useSkillBySkillObj: skill:90010015, tgt:81857078, arr:[0.7557188272476196, 0.0, -0.6548961400985718], True", "entityId": "115250", "gbId": "2815091076442602429", "levelInt": "1000", "logLevel": "S_INFO", "message": ":_useSkillBySkillObj: skill:90010015, tgt:81857078, arr:[0.7557188272476196, 0.0, -0.6548961400985718], True", "process": "cellapp19", "thredRef": "", "time": "2026-08-08 01:50:24 987"}
{"__tag__:__client_ip__": "8.136.51.6", "__tag__:__hostname__": "game10001", "__tag__:__pack_id__": "5D46BC1D6FF38282-115B", "__tag__:__path__": "/home/fengyan/Server/kbengine/assets/logs/logger_cellapp.log", "__tag__:__receive_time__": "1786125025", "__tag__:__user_defined_id__": "erce", "__topic__": "", "class": "Monster", "component": "800035", "content": "  S_INFO    cellapp19 1000 800035  [2026-08-08 01:50:24 989] - [Monster(81857102)]:_useSkillBySkillObj: skill:91000345, tgt:3752, arr:[-0.8128159642219543, 0.0, 0.582520604133606], False", "entityId": "81857102", "gbId": "", "levelInt": "1000", "logLevel": "S_INFO", "message": ":_useSkillBySkillObj: skill:91000345, tgt:3752, arr:[-0.8128159642219543, 0.0, 0.582520604133606], False", "process": "cellapp19", "thredRef": "", "time": "2026-08-08 01:50:24 989"}
{"__tag__:__client_ip__": "8.136.51.6", "__tag__:__hostname__": "game10001", "__tag__:__pack_id__": "5D46BC1D6FF38282-115B", "__tag__:__path__": "/home/fengyan/Server/kbengine/assets/logs/logger_cellapp.log", "__tag__:__receive_time__": "1786125025", "__tag__:__user_defined_id__": "erce", "__topic__": "", "class": "Monster", "component": "800035", "content": "  S_WARN    cellapp19 1000 800035  [2026-08-08 01:50:24 989] - [Monster(81857102)]:has conflict evId=[29100015] _state=[13] val=[3]", "entityId": "81857102", "gbId": "", "levelInt": "1000", "logLevel": "S_WARN", "message": ":has conflict evId=[29100015] _state=[13] val=[3]", "process": "cellapp19", "thredRef": "", "time": "2026-08-08 01:50:24 989"}
{"__tag__:__client_ip__": "8.136.51.6", "__tag__:__hostname__": "game10001", "__tag__:__pack_id__": "5D46BC1D6FF38282-115B", "__tag__:__path__": "/home/fengyan/Server/kbengine/assets/logs/logger_cellapp.log", "__tag__:__receive_time__": "1786125025", "__tag__:__user_defined_id__": "erce", "__topic__": "", "class": "Monster", "component": "800035", "content": "  S_WARN    cellapp19 1000 800035  [2026-08-08 01:50:24 989] - [Monster(81857102)]:Spell::doUseSkill(8200):skillID=91000345 _ret=8 tNextCast=0", "entityId": "81857102", "gbId": "", "levelInt": "1000", "logLevel": "S_WARN", "message": ":Spell::doUseSkill(8200):skillID=91000345 _ret=8 tNextCast=0", "process": "cellapp19", "thredRef": "", "time": "2026-08-08 01:50:24 989"}
{"__tag__:__client_ip__": "8.136.51.6", "__tag__:__hostname__": "game10001", "__tag__:__pack_id__": "5D46BC1D6FF38282-115B", "__tag__:__path__": "/home/fengyan/Server/kbengine/assets/logs/logger_cellapp.log", "__tag__:__receive_time__": "1786125025", "__tag__:__user_defined_id__": "erce", "__topic__": "", "class": "WorldLineSpaceMgr", "component": "800035", "content": "  S_INFO    cellapp19 1000 800035  [2026-08-08 01:50:24 990] - [WorldLineSpaceMgr(60116)]:IShowMapEntityType::removeEntById 81857151", "entityId": "60116", "gbId": "", "levelInt": "1000", "logLevel": "S_INFO", "message": ":IShowMapEntityType::removeEntById 81857151", "process": "cellapp19", "thredRef": "", "time": "2026-08-08 01:50:24 990"}
{"__tag__:__client_ip__": "8.136.51.6", "__tag__:__hostname__": "game10001", "__tag__:__pack_id__": "5D46BC1D6FF38282-115B", "__tag__:__path__": "/home/fengyan/Server/kbengine/assets/logs/logger_cellapp.log", "__tag__:__receive_time__": "1786125025", "__tag__:__user_defined_id__": "erce", "__topic__": "", "component": "800035", "content": "    INFO    cellapp19 1000 800035  [2026-08-08 01:50:24 990] - Monster::onDestroy(): 81857151, entityDBID:0!", "levelInt": "1000", "logLevel": "INFO", "message": "Monster::onDestroy(): 81857151, entityDBID:0!", "process": "cellapp19", "thredRef": "", "time": "2026-08-08 01:50:24 990"}
{"__tag__:__client_ip__": "8.136.51.6", "__tag__:__hostname__": "game10001", "__tag__:__pack_id__": "5D46BC1D6FF38282-115B", "__tag__:__path__": "/home/fengyan/Server/kbengine/assets/logs/logger_cellapp.log", "__tag__:__receive_time__": "1786125025", "__tag__:__user_defined_id__": "erce", "__topic__": "", "class": "Creation", "component": "800035", "content": "  S_INFO    cellapp19 1000 800035  [2026-08-08 01:50:24 991] - [Creation(81857290)]:_useSkillBySkillObj: skill:90010041, tgt:81857290, arr:[], False", "entityId": "81857290", "gbId": "", "levelInt": "1000", "logLevel": "S_INFO", "message": ":_useSkillBySkillObj: skill:90010041, tgt:81857290, arr:[], False", "process": "cellapp19", "thredRef": "", "time": "2026-08-08 01:50:24 991"}
{"__tag__:__client_ip__": "8.136.51.6", "__tag__:__hostname__": "game10001", "__tag__:__pack_id__": "5D46BC1D6FF38282-115B", "__tag__:__path__": "/home/fengyan/Server/kbengine/assets/logs/logger_cellapp.log", "__tag__:__receive_time__": "1786125025", "__tag__:__user_defined_id__": "erce", "__topic__": "", "class": "Creation", "component": "800035", "content": "  S_INFO    cellapp19 1000 800035  [2026-08-08 01:50:24 991] - [Creation(81857295)]:_useSkillBySkillObj: skill:90020011, tgt:81857295, arr:[], False", "entityId": "81857295", "gbId": "", "levelInt": "1000", "logLevel": "S_INFO", "message": ":_useSkillBySkillObj: skill:90020011, tgt:81857295, arr:[], False", "process": "cellapp19", "thredRef": "", "time": "2026-08-08 01:50:24 991"}
{"__tag__:__client_ip__": "8.136.51.6", "__tag__:__hostname__": "game10001", "__tag__:__pack_id__": "5D46BC1D6FF38282-115B", "__tag__:__path__": "/home/fengyan/Server/kbengine/assets/logs/logger_cellapp.log", "__tag__:__receive_time__": "1786125025", "__tag__:__user_defined_id__": "erce", "__topic__": "", "class": "Creation", "component": "800035", "content": "  S_INFO    cellapp19 1000 800035  [2026-08-08 01:50:24 992] - [Creation(81857300)]:_useSkillBySkillObj: skill:90010068, tgt:81857300, arr:[], False", "entityId": "81857300", "gbId": "", "levelInt": "1000", "logLevel": "S_INFO", "message": ":_useSkillBySkillObj: skill:90010068, tgt:81857300, arr:[], False", "process": "cellapp19", "thredRef": "", "time": "2026-08-08 01:50:24 992"}
{"__tag__:__client_ip__": "8.136.51.6", "__tag__:__hostname__": "game10001", "__tag__:__pack_id__": "5D46BC1D6FF38282-115B", "__tag__:__path__": "/home/fengyan/Server/kbengine/assets/logs/logger_cellapp.log", "__tag__:__receive_time__": "1786125025", "__tag__:__user_defined_id__": "erce", "__topic__": "", "class": "Creation", "component": "800035", "content": "  S_INFO    cellapp19 1000 800035  [2026-08-08 01:50:24 992] - [Creation(81857343)]:_useSkillBySkillObj: skill:90010026, tgt:81857343, arr:[], False", "entityId": "81857343", "gbId": "", "levelInt": "1000", "logLevel": "S_INFO", "message": ":_useSkillBySkillObj: skill:90010026, tgt:81857343, arr:[], False", "process": "cellapp19", "thredRef": "", "time": "2026-08-08 01:50:24 992"}
{"__tag__:__client_ip__": "8.136.51.6", "__tag__:__hostname__": "game10001", "__tag__:__pack_id__": "5D46BC1D6FF38282-115B", "__tag__:__path__": "/home/fengyan/Server/kbengine/assets/logs/logger_cellapp.log", "__tag__:__receive_time__": "1786125025", "__tag__:__user_defined_id__": "erce", "__topic__": "", "class": "Avatar", "component": "800035", "content": "  S_INFO    cellapp19 1000 800035  [2026-08-08 01:50:24 994] - [Avatar(26294156-2815091073948389665)]:_useSkillBySkillObj: skill:90020056, tgt:81857198, arr:[], False", "entityId": "26294156", "gbId": "2815091073948389665", "levelInt": "1000", "logLevel": "S_INFO", "message": ":_useSkillBySkillObj: skill:90020056, tgt:81857198, arr:[], False", "process": "cellapp19", "thredRef": "", "time": "2026-08-08 01:50:24 994"}
{"__tag__:__client_ip__": "8.136.51.6", "__tag__:__hostname__": "game10001", "__tag__:__pack_id__": "5D46BC1D6FF38282-115B", "__tag__:__path__": "/home/fengyan/Server/kbengine/assets/logs/logger_cellapp.log", "__tag__:__receive_time__": "1786125025", "__tag__:__user_defined_id__": "erce", "__topic__": "", "class": "Monster", "component": "800035", "content": "  S_WARN    cellapp19 1000 800035  [2026-08-08 01:50:24 995] - [Monster(81857198)]:goDie 26294156 1 90020056 False", "entityId": "81857198", "gbId": "", "levelInt": "1000", "logLevel": "S_WARN", "message": ":goDie 26294156 1 90020056 False", "process": "cellapp19", "thredRef": "", "time": "2026-08-08 01:50:24 995"}
{"__tag__:__client_ip__": "8.136.51.6", "__tag__:__hostname__": "game10001", "__tag__:__pack_id__": "5D46BC1D6FF38282-115B", "__tag__:__path__": "/home/fengyan/Server/kbengine/assets/logs/logger_cellapp.log", "__tag__:__receive_time__": "1786125025", "__tag__:__user_defined_id__": "erce", "__topic__": "", "class": "Avatar", "component": "800035", "content": "  S_INFO    cellapp19 1000 800035  [2026-08-08 01:50:24 995] - [Avatar(26294156-2815091073948389665)]:getExpDecayRate 2 37 0 1", "entityId": "26294156", "gbId": "2815091073948389665", "levelInt": "1000", "logLevel": "S_INFO", "message": ":getExpDecayRate 2 37 0 1", "process": "cellapp19", "thredRef": "", "time": "2026-08-08 01:50:24 995"}
{"__tag__:__client_ip__": "8.136.51.6", "__tag__:__hostname__": "game10001", "__tag__:__pack_id__": "5D46BC1D6FF38282-115B", "__tag__:__path__": "/home/fengyan/Server/kbengine/assets/logs/logger_cellapp.log", "__tag__:__receive_time__": "1786125025", "__tag__:__user_defined_id__": "erce", "__topic__": "", "class": "Avatar", "component": "800035", "content": "  S_INFO    cellapp19 1000 800035  [2026-08-08 01:50:24 995] - [Avatar(26294156-2815091073948389665)]:getExpDecayRate, level: 2 rate: 1.0 worldLevelRatio: 1.0", "entityId": "26294156", "gbId": "2815091073948389665", "levelInt": "1000", "logLevel": "S_INFO", "message": ":getExpDecayRate, level: 2 rate: 1.0 worldLevelRatio: 1.0", "process": "cellapp19", "thredRef": "", "time": "2026-08-08 01:50:24 995"}
{"__tag__:__client_ip__": "8.136.51.6", "__tag__:__hostname__": "game10001", "__tag__:__pack_id__": "5D46BC1D6FF38282-115B", "__tag__:__path__": "/home/fengyan/Server/kbengine/assets/logs/logger_cellapp.log", "__tag__:__receive_time__": "1786125025", "__tag__:__user_defined_id__": "erce", "__topic__": "", "class": "Monster", "component": "800035", "content": "  S_WARN    cellapp19 1000 800035  [2026-08-08 01:50:24 996] - [Monster(81857194)]:goDie 26294156 1 90020056 False", "entityId": "81857194", "gbId": "", "levelInt": "1000", "logLevel": "S_WARN", "message": ":goDie 26294156 1 90020056 False", "process": "cellapp19", "thredRef": "", "time": "2026-08-08 01:50:24 996"}
{"__tag__:__client_ip__": "8.136.51.6", "__tag__:__hostname__": "game10001", "__tag__:__pack_id__": "5D46BC1D6FF38282-115B", "__tag__:__path__": "/home/fengyan/Server/kbengine/assets/logs/logger_cellapp.log", "__tag__:__receive_time__": "1786125025", "__tag__:__user_defined_id__": "erce", "__topic__": "", "class": "Avatar", "component": "800035", "content": "  S_INFO    cellapp19 1000 800035  [2026-08-08 01:50:24 996] - [Avatar(26294156-2815091073948389665)]:getExpDecayRate 2 37 0 1", "entityId": "26294156", "gbId": "2815091073948389665", "levelInt": "1000", "logLevel": "S_INFO", "message": ":getExpDecayRate 2 37 0 1", "process": "cellapp19", "thredRef": "", "time": "2026-08-08 01:50:24 996"}
{"__tag__:__client_ip__": "8.136.51.6", "__tag__:__hostname__": "game10001", "__tag__:__pack_id__": "5D46BC1D6FF38282-115B", "__tag__:__path__": "/home/fengyan/Server/kbengine/assets/logs/logger_cellapp.log", "__tag__:__receive_time__": "1786125025", "__tag__:__user_defined_id__": "erce", "__topic__": "", "class": "Avatar", "component": "800035", "content": "  S_INFO    cellapp19 1000 800035  [2026-08-08 01:50:24 996] - [Avatar(26294156-2815091073948389665)]:getExpDecayRate, level: 2 rate: 1.0 worldLevelRatio: 1.0", "entityId": "26294156", "gbId": "2815091073948389665", "levelInt": "1000", "logLevel": "S_INFO", "message": ":getExpDecayRate, level: 2 rate: 1.0 worldLevelRatio: 1.0", "process": "cellapp19", "thredRef": "", "time": "2026-08-08 01:50:24 996"}
{"__tag__:__client_ip__": "8.136.51.6", "__tag__:__hostname__": "game10001", "__tag__:__pack_id__": "5D46BC1D6FF38282-115B", "__tag__:__path__": "/home/fengyan/Server/kbengine/assets/logs/logger_cellapp.log", "__tag__:__receive_time__": "1786125025", "__tag__:__user_defined_id__": "erce", "__topic__": "", "class": "Summon", "component": "800035", "content": "  S_WARN    cellapp19 1000 800035  [2026-08-08 01:50:24 997] - [Summon(81786038)]:goDie 81857287 1 91000351 False", "entityId": "81786038", "gbId": "", "levelInt": "1000", "logLevel": "S_WARN", "message": ":goDie 81857287 1 91000351 False", "process": "cellapp19", "thredRef": "", "time": "2026-08-08 01:50:24 997"}
{"__tag__:__client_ip__": "8.136.51.6", "__tag__:__hostname__": "game10001", "__tag__:__pack_id__": "5D46BC1D6FF38282-115B", "__tag__:__path__": "/home/fengyan/Server/kbengine/assets/logs/logger_cellapp.log", "__tag__:__receive_time__": "1786125025", "__tag__:__user_defined_id__": "erce", "__topic__": "", "component": "800035", "content": "    INFO    cellapp19 1000 800035  [2026-08-08 01:50:24 999] - Creation::onDestroy(): 81857256, entityDBID:0!", "levelInt": "1000", "logLevel": "INFO", "message": "Creation::onDestroy(): 81857256, entityDBID:0!", "process": "cellapp19", "thredRef": "", "time": "2026-08-08 01:50:24 999"}
{"__tag__:__client_ip__": "8.136.51.6", "__tag__:__hostname__": "game10001", "__tag__:__pack_id__": "5D46BC1D6FF38282-115B", "__tag__:__path__": "/home/fengyan/Server/kbengine/assets/logs/logger_cellapp.log", "__tag__:__receive_time__": "1786125025", "__tag__:__user_defined_id__": "erce", "__topic__": "", "class": "Avatar", "component": "800035", "content": "  S_INFO    cellapp19 1000 800035  [2026-08-08 01:50:25 000] - [Avatar(94907-2815091192104729529)]:_useSkillBySkillObj: skill:90010035, tgt:81857177, arr:[], True", "entityId": "94907", "gbId": "2815091192104729529", "levelInt": "1000", "logLevel": "S_INFO", "message": ":_useSkillBySkillObj: skill:90010035, tgt:81857177, arr:[], True", "process": "cellapp19", "thredRef": "", "time": "2026-08-08 01:50:25 000"}
{"__tag__:__client_ip__": "8.136.51.6", "__tag__:__hostname__": "game10001", "__tag__:__pack_id__": "5D46BC1D6FF38282-115B", "__tag__:__path__": "/home/fengyan/Server/kbengine/assets/logs/logger_cellapp.log", "__tag__:__receive_time__": "1786125025", "__tag__:__user_defined_id__": "erce", "__topic__": "", "class": "Avatar", "component": "800035", "content": "  S_INFO    cellapp19 1000 800035  [2026-08-08 01:50:25 001] - [Avatar(95988-2815091077574505267)]:_useSkillBySkillObj: skill:90010055, tgt:81857159, arr:[0.7023054957389832, 0.0, 0.7118756771087646, 255.50579833984375, 118.77433776855469, 428.3459777832031], True", "entityId": "95988", "gbId": "2815091077574505267", "levelInt": "1000", "logLevel": "S_INFO", "message": ":_useSkillBySkillObj: skill:90010055, tgt:81857159, arr:[0.7023054957389832, 0.0, 0.7118756771087646, 255.50579833984375, 118.77433776855469, 428.3459777832031], True", "process": "cellapp19", "thredRef": "", "time": "2026-08-08 01:50:25 001"}
{"__tag__:__client_ip__": "8.136.51.6", "__tag__:__hostname__": "game10001", "__tag__:__pack_id__": "5D46BC1D6FF38282-115B", "__tag__:__path__": "/home/fengyan/Server/kbengine/assets/logs/logger_cellapp.log", "__tag__:__receive_time__": "1786125025", "__tag__:__user_defined_id__": "erce", "__topic__": "", "class": "Summon", "component": "800035", "content": "  S_INFO    cellapp19 1000 800035  [2026-08-08 01:50:25 002] - [Summon(81857323)]:_useSkillBySkillObj: skill:91001020, tgt:81857187, arr:[0.8453331589698792, 0.0, -0.534239649772644], False", "entityId": "81857323", "gbId": "", "levelInt": "1000", "logLevel": "S_INFO", "message": ":_useSkillBySkillObj: skill:91001020, tgt:81857187, arr:[0.8453331589698792, 0.0, -0.534239649772644], False", "process": "cellapp19", "thredRef": "", "time": "2026-08-08 01:50:25 002"}
{"__tag__:__client_ip__": "8.136.51.6", "__tag__:__hostname__": "game10001", "__tag__:__pack_id__": "5D46BC1D6FF38282-115B", "__tag__:__path__": "/home/fengyan/Server/kbengine/assets/logs/logger_cellapp.log", "__tag__:__receive_time__": "1786125025", "__tag__:__user_defined_id__": "erce", "__topic__": "", "class": "Monster", "component": "800035", "content": "  S_INFO    cellapp19 1000 800035  [2026-08-08 01:50:25 003] - [Monster(81857208)]:_useSkillBySkillObj: skill:91000292, tgt:18796595, arr:[0.7630999088287354, 0.0, -0.6462804675102234], False", "entityId": "81857208", "gbId": "", "levelInt": "1000", "logLevel": "S_INFO", "message": ":_useSkillBySkillObj: skill:91000292, tgt:18796595, arr:[0.7630999088287354, 0.0, -0.6462804675102234], False", "process": "cellapp19", "thredRef": "", "time": "2026-08-08 01:50:25 003"}
{"__tag__:__client_ip__": "8.136.51.6", "__tag__:__hostname__": "game10001", "__tag__:__pack_id__": "5D46BC1D6FF38282-115B", "__tag__:__path__": "/home/fengyan/Server/kbengine/assets/logs/logger_cellapp.log", "__tag__:__receive_time__": "1786125025", "__tag__:__user_defined_id__": "erce", "__topic__": "", "class": "Avatar", "component": "800035", "content": "  S_INFO    cellapp19 1000 800035  [2026-08-08 01:50:25 003] - [Avatar(20070763-2815091085605199324)]:_useSkillBySkillObj: skill:90030020, tgt:81857287, arr:[-0.36456504464149475, 0.0, -0.9311779737472534], True", "entityId": "20070763", "gbId": "2815091085605199324", "levelInt": "1000", "logLevel": "S_INFO", "message": ":_useSkillBySkillObj: skill:90030020, tgt:81857287, arr:[-0.36456504464149475, 0.0, -0.9311779737472534], True", "process": "cellapp19", "thredRef": "", "time": "2026-08-08 01:50:25 003"}
{"__tag__:__client_ip__": "8.136.51.6", "__tag__:__hostname__": "game10001", "__tag__:__pack_id__": "5D46BC1D6FF38282-115B", "__tag__:__path__": "/home/fengyan/Server/kbengine/assets/logs/logger_cellapp.log", "__tag__:__receive_time__": "1786125025", "__tag__:__user_defined_id__": "erce", "__topic__": "", "class": "Avatar", "component": "800035", "content": "  S_INFO    cellapp19 1000 800035  [2026-08-08 01:50:25 003] - [Avatar(87363-2815091156427420468)]:_useSkillBySkillObj: skill:90010015, tgt:81857074, arr:[0.7853826284408569, 0.0, -0.6190107464790344], True", "entityId": "87363", "gbId": "2815091156427420468", "levelInt": "1000", "logLevel": "S_INFO", "message": ":_useSkillBySkillObj: skill:90010015, tgt:81857074, arr:[0.7853826284408569, 0.0, -0.6190107464790344], True", "process": "cellapp19", "thredRef": "", "time": "2026-08-08 01:50:25 003"}
{"__tag__:__client_ip__": "8.136.51.6", "__tag__:__hostname__": "game10001", "__tag__:__pack_id__": "5D46BC1D6FF38282-115B", "__tag__:__path__": "/home/fengyan/Server/kbengine/assets/logs/logger_cellapp.log", "__tag__:__receive_time__": "1786125025", "__tag__:__user_defined_id__": "erce", "__topic__": "", "class": "Monster", "component": "800035", "content": "  S_INFO    cellapp19 1000 800035  [2026-08-08 01:50:25 004] - [Monster(81857271)]:_useSkillBySkillObj: skill:91000341, tgt:126996, arr:[-0.9999483823776245, 0.0, -0.010166878812015057], False", "entityId": "81857271", "gbId": "", "levelInt": "1000", "logLevel": "S_INFO", "message": ":_useSkillBySkillObj: skill:91000341, tgt:126996, arr:[-0.9999483823776245, 0.0, -0.010166878812015057], False", "process": "cellapp19", "thredRef": "", "time": "2026-08-08 01:50:25 004"}
{"__tag__:__client_ip__": "8.136.51.6", "__tag__:__hostname__": "game10001", "__tag__:__pack_id__": "5D46BC1D6FF38282-115B", "__tag__:__path__": "/home/fengyan/Server/kbengine/assets/logs/logger_cellapp.log", "__tag__:__receive_time__": "1786125025", "__tag__:__user_defined_id__": "erce", "__topic__": "", "component": "800035", "content": "    INFO    cellapp19 1000 800035  [2026-08-08 01:50:25 008] - Creation::~Creation(): 81857256", "levelInt": "1000", "logLevel": "INFO", "message": "Creation::~Creation(): 81857256", "process": "cellapp19", "thredRef": "", "time": "2026-08-08 01:50:25 008"}
{"__tag__:__client_ip__": "8.136.51.6", "__tag__:__hostname__": "game10001", "__tag__:__pack_id__": "5D46BC1D6FF38282-115B", "__tag__:__path__": "/home/fengyan/Server/kbengine/assets/logs/logger_cellapp.log", "__tag__:__receive_time__": "1786125025", "__tag__:__user_defined_id__": "erce", "__topic__": "", "component": "800035", "content": "    INFO    cellapp19 1000 800035  [2026-08-08 01:50:25 008] - Monster::~Monster(): 81857151", "levelInt": "1000", "logLevel": "INFO", "message": "Monster::~Monster(): 81857151", "process": "cellapp19", "thredRef": "", "time": "2026-08-08 01:50:25 008"}
{"__tag__:__client_ip__": "8.136.51.6", "__tag__:__hostname__": "game10001", "__tag__:__pack_id__": "5D46BC1D6FF38282-115B", "__tag__:__path__": "/home/fengyan/Server/kbengine/assets/logs/logger_cellapp.log", "__tag__:__receive_time__": "1786125025", "__tag__:__user_defined_id__": "erce", "__topic__": "", "class": "Monster", "component": "800013", "content": "  S_INFO    cellapp32 1000 800013  [2026-08-08 01:50:24 988] - [Monster(81854019)]:_useSkillBySkillObj: skill:91000572, tgt:54063, arr:[0.3249354064464569, 0.0, 0.9457362294197083], False", "entityId": "81854019", "gbId": "", "levelInt": "1000", "logLevel": "S_INFO", "message": ":_useSkillBySkillObj: skill:91000572, tgt:54063, arr:[0.3249354064464569, 0.0, 0.9457362294197083], False", "process": "cellapp32", "thredRef": "", "time": "2026-08-08 01:50:24 988"}
{"__tag__:__client_ip__": "8.136.51.6", "__tag__:__hostname__": "game10001", "__tag__:__pack_id__": "5D46BC1D6FF38282-115B", "__tag__:__path__": "/home/fengyan/Server/kbengine/assets/logs/logger_cellapp.log", "__tag__:__receive_time__": "1786125025", "__tag__:__user_defined_id__": "erce", "__topic__": "", "component": "800013", "content": "    INFO    cellapp32 1000 800013  [2026-08-08 01:50:24 989] - EntityApp::createEntity: new Monster 81854213", "levelInt": "1000", "logLevel": "INFO", "message": "EntityApp::createEntity: new Monster 81854213", "process": "cellapp32", "thredRef": "", "time": "2026-08-08 01:50:24 989"}
{"__tag__:__client_ip__": "8.136.51.6", "__tag__:__hostname__": "game10001", "__tag__:__pack_id__": "5D46BC1D6FF38282-115B", "__tag__:__path__": "/home/fengyan/Server/kbengine/assets/logs/logger_cellapp.log", "__tag__:__receive_time__": "1786125025", "__tag__:__user_defined_id__": "erce", "__topic__": "", "class": "WorldLineSpaceMgr", "component": "800013", "content": "  S_INFO    cellapp32 1000 800013  [2026-08-08 01:50:24 990] - [WorldLineSpaceMgr(108001)]:IShowMapEntityType::addEntity 81854213 ('11310113', 'gid_19010026', 'Monster')", "entityId": "108001", "gbId": "", "levelInt": "1000", "logLevel": "S_INFO", "message": ":IShowMapEntityType::addEntity 81854213 ('11310113', 'gid_19010026', 'Monster')", "process": "cellapp32", "thredRef": "", "time": "2026-08-08 01:50:24 990"}

===== [2026-08-11 17:19:14] query='' range=2026-08-08 01:50:25 ~ 2026-08-08 01:55:25 page=2 =====
{"__tag__:__client_ip__": "8.136.51.6", "__tag__:__hostname__": "game10001", "__tag__:__pack_id__": "5D46BC1D6FF38282-115B", "__tag__:__path__": "/home/fengyan/Server/kbengine/assets/logs/logger_cellapp.log", "__tag__:__receive_time__": "1786125025", "__tag__:__user_defined_id__": "erce", "__topic__": "", "class": "Monster", "component": "800013", "content": "  S_INFO    cellapp32 1000 800013  [2026-08-08 01:50:24 990] - [Monster(81854213)]:isFirstBloodRewardMonster False (1,)", "entityId": "81854213", "gbId": "", "levelInt": "1000", "logLevel": "S_INFO", "message": ":isFirstBloodRewardMonster False (1,)", "process": "cellapp32", "thredRef": "", "time": "2026-08-08 01:50:24 990"}
{"__tag__:__client_ip__": "8.136.51.6", "__tag__:__hostname__": "game10001", "__tag__:__pack_id__": "5D46BC1D6FF38282-115B", "__tag__:__path__": "/home/fengyan/Server/kbengine/assets/logs/logger_cellapp.log", "__tag__:__receive_time__": "1786125025", "__tag__:__user_defined_id__": "erce", "__topic__": "", "class": "Monster", "component": "800013", "content": "  S_INFO    cellapp32 1000 800013  [2026-08-08 01:50:24 990] - [Monster(81854213)]:on create 19010000 19010026001 11310113 0 Vector3(428.9837, 11.7072, 547.6874), ref=true", "entityId": "81854213", "gbId": "", "levelInt": "1000", "logLevel": "S_INFO", "message": ":on create 19010000 19010026001 11310113 0 Vector3(428.9837, 11.7072, 547.6874), ref=true", "process": "cellapp32", "thredRef": "", "time": "2026-08-08 01:50:24 990"}
{"__tag__:__client_ip__": "8.136.51.6", "__tag__:__hostname__": "game10001", "__tag__:__pack_id__": "5D46BC1D6FF38282-115B", "__tag__:__path__": "/home/fengyan/Server/kbengine/assets/logs/logger_cellapp.log", "__tag__:__receive_time__": "1786125025", "__tag__:__user_defined_id__": "erce", "__topic__": "", "class": "Creation", "component": "800013", "content": "  S_INFO    cellapp32 1000 800013  [2026-08-08 01:50:24 991] - [Creation(81854188)]:_useSkillBySkillObj: skill:90010026, tgt:81854188, arr:[], False", "entityId": "81854188", "gbId": "", "levelInt": "1000", "logLevel": "S_INFO", "message": ":_useSkillBySkillObj: skill:90010026, tgt:81854188, arr:[], False", "process": "cellapp32", "thredRef": "", "time": "2026-08-08 01:50:24 991"}
{"__tag__:__client_ip__": "8.136.51.6", "__tag__:__hostname__": "game10001", "__tag__:__pack_id__": "5D46BC1D6FF38282-115B", "__tag__:__path__": "/home/fengyan/Server/kbengine/assets/logs/logger_cellapp.log", "__tag__:__receive_time__": "1786125025", "__tag__:__user_defined_id__": "erce", "__topic__": "", "class": "Creation", "component": "800013", "content": "  S_INFO    cellapp32 1000 800013  [2026-08-08 01:50:24 992] - [Creation(81854203)]:_useSkillBySkillObj: skill:90020011, tgt:81854203, arr:[], False", "entityId": "81854203", "gbId": "", "levelInt": "1000", "logLevel": "S_INFO", "message": ":_useSkillBySkillObj: skill:90020011, tgt:81854203, arr:[], False", "process": "cellapp32", "thredRef": "", "time": "2026-08-08 01:50:24 992"}
{"__tag__:__client_ip__": "8.136.51.6", "__tag__:__hostname__": "game10001", "__tag__:__pack_id__": "5D46BC1D6FF38282-115B", "__tag__:__path__": "/home/fengyan/Server/kbengine/assets/logs/logger_cellapp.log", "__tag__:__receive_time__": "1786125025", "__tag__:__user_defined_id__": "erce", "__topic__": "", "class": "Creation", "component": "800013", "content": "  S_INFO    cellapp32 1000 800013  [2026-08-08 01:50:24 993] - [Creation(81854210)]:_useSkillBySkillObj: skill:90010041, tgt:81854210, arr:[], False", "entityId": "81854210", "gbId": "", "levelInt": "1000", "logLevel": "S_INFO", "message": ":_useSkillBySkillObj: skill:90010041, tgt:81854210, arr:[], False", "process": "cellapp32", "thredRef": "", "time": "2026-08-08 01:50:24 993"}
{"__tag__:__client_ip__": "8.136.51.6", "__tag__:__hostname__": "game10001", "__tag__:__pack_id__": "5D46BC1D6FF38282-115B", "__tag__:__path__": "/home/fengyan/Server/kbengine/assets/logs/logger_cellapp.log", "__tag__:__receive_time__": "1786125025", "__tag__:__user_defined_id__": "erce", "__topic__": "", "component": "800026", "content": "    INFO    cellapp07 1000 800026  [2026-08-08 01:50:25 002] - EntityApp::createEntity: new Monster 81848373", "levelInt": "1000", "logLevel": "INFO", "message": "EntityApp::createEntity: new Monster 81848373", "process": "cellapp07", "thredRef": "", "time": "2026-08-08 01:50:25 002"}
{"__tag__:__client_ip__": "8.136.51.6", "__tag__:__hostname__": "game10001", "__tag__:__pack_id__": "5D46BC1D6FF38282-115B", "__tag__:__path__": "/home/fengyan/Server/kbengine/assets/logs/logger_cellapp.log", "__tag__:__receive_time__": "1786125025", "__tag__:__user_defined_id__": "erce", "__topic__": "", "class": "WorldLineSpaceMgr", "component": "800026", "content": "  S_INFO    cellapp07 1000 800026  [2026-08-08 01:50:25 003] - [WorldLineSpaceMgr(32002)]:IShowMapEntityType::addEntity 81848373 ('11310041', 'gid_10100249', 'Monster')", "entityId": "32002", "gbId": "", "levelInt": "1000", "logLevel": "S_INFO", "message": ":IShowMapEntityType::addEntity 81848373 ('11310041', 'gid_10100249', 'Monster')", "process": "cellapp07", "thredRef": "", "time": "2026-08-08 01:50:25 003"}
{"__tag__:__client_ip__": "8.136.51.6", "__tag__:__hostname__": "game10001", "__tag__:__pack_id__": "5D46BC1D6FF38282-115B", "__tag__:__path__": "/home/fengyan/Server/kbengine/assets/logs/logger_cellapp.log", "__tag__:__receive_time__": "1786125025", "__tag__:__user_defined_id__": "erce", "__topic__": "", "class": "Monster", "component": "800026", "content": "  S_INFO    cellapp07 1000 800026  [2026-08-08 01:50:25 003] - [Monster(81848373)]:isFirstBloodRewardMonster False (1,)", "entityId": "81848373", "gbId": "", "levelInt": "1000", "logLevel": "S_INFO", "message": ":isFirstBloodRewardMonster False (1,)", "process": "cellapp07", "thredRef": "", "time": "2026-08-08 01:50:25 003"}
{"__tag__:__client_ip__": "8.136.51.6", "__tag__:__hostname__": "game10001", "__tag__:__pack_id__": "5D46BC1D6FF38282-115B", "__tag__:__path__": "/home/fengyan/Server/kbengine/assets/logs/logger_cellapp.log", "__tag__:__receive_time__": "1786125025", "__tag__:__user_defined_id__": "erce", "__topic__": "", "class": "Monster", "component": "800026", "content": "  S_INFO    cellapp07 1000 800026  [2026-08-08 01:50:25 003] - [Monster(81848373)]:on create 10100000 10100249001 11310041 0 Vector3(547.9740, 9.3262, 285.2632), ref=true", "entityId": "81848373", "gbId": "", "levelInt": "1000", "logLevel": "S_INFO", "message": ":on create 10100000 10100249001 11310041 0 Vector3(547.9740, 9.3262, 285.2632), ref=true", "process": "cellapp07", "thredRef": "", "time": "2026-08-08 01:50:25 003"}
{"__tag__:__client_ip__": "8.136.51.6", "__tag__:__hostname__": "game10001", "__tag__:__pack_id__": "5D46BC1D6FF38282-115B", "__tag__:__path__": "/home/fengyan/Server/kbengine/assets/logs/logger_cellapp.log", "__tag__:__receive_time__": "1786125025", "__tag__:__user_defined_id__": "erce", "__topic__": "", "class": "Avatar", "component": "800026", "content": "  S_INFO    cellapp07 1000 800026  [2026-08-08 01:50:25 006] - [Avatar(19784-2815091073950626645)]:_useSkillBySkillObj: skill:90010001, tgt:81848291, arr:[0.9027193188667297, 0.0, 0.43022990226745605], True", "entityId": "19784", "gbId": "2815091073950626645", "levelInt": "1000", "logLevel": "S_INFO", "message": ":_useSkillBySkillObj: skill:90010001, tgt:81848291, arr:[0.9027193188667297, 0.0, 0.43022990226745605], True", "process": "cellapp07", "thredRef": "", "time": "2026-08-08 01:50:25 006"}
{"__tag__:__client_ip__": "8.136.51.6", "__tag__:__hostname__": "game10001", "__tag__:__pack_id__": "5D46BC1D6FF38282-115B", "__tag__:__path__": "/home/fengyan/Server/kbengine/assets/logs/logger_cellapp.log", "__tag__:__receive_time__": "1786125025", "__tag__:__user_defined_id__": "erce", "__topic__": "", "component": "800026", "content": "    INFO    cellapp07 1000 800026  [2026-08-08 01:50:25 008] - Creation::onDestroy(): 81848337, entityDBID:0!", "levelInt": "1000", "logLevel": "INFO", "message": "Creation::onDestroy(): 81848337, entityDBID:0!", "process": "cellapp07", "thredRef": "", "time": "2026-08-08 01:50:25 008"}
{"__tag__:__client_ip__": "8.136.51.6", "__tag__:__hostname__": "game10001", "__tag__:__pack_id__": "5D46BC1D6FF38282-115B", "__tag__:__path__": "/home/fengyan/Server/kbengine/assets/logs/logger_cellapp.log", "__tag__:__receive_time__": "1786125025", "__tag__:__user_defined_id__": "erce", "__topic__": "", "class": "Summon", "component": "800026", "content": "  S_INFO    cellapp07 1000 800026  [2026-08-08 01:50:25 009] - [Summon(81553958)]:_useSkillBySkillObj: skill:91001020, tgt:81848190, arr:[-0.5587833523750305, 0.0, -0.8293136954307556], False", "entityId": "81553958", "gbId": "", "levelInt": "1000", "logLevel": "S_INFO", "message": ":_useSkillBySkillObj: skill:91001020, tgt:81848190, arr:[-0.5587833523750305, 0.0, -0.8293136954307556], False", "process": "cellapp07", "thredRef": "", "time": "2026-08-08 01:50:25 009"}
{"__tag__:__client_ip__": "8.136.51.6", "__tag__:__hostname__": "game10001", "__tag__:__pack_id__": "5D46BC1D6FF38282-115B", "__tag__:__path__": "/home/fengyan/Server/kbengine/assets/logs/logger_cellapp.log", "__tag__:__receive_time__": "1786125025", "__tag__:__user_defined_id__": "erce", "__topic__": "", "component": "800026", "content": "    INFO    cellapp07 1000 800026  [2026-08-08 01:50:25 012] - Creation::~Creation(): 81848337", "levelInt": "1000", "logLevel": "INFO", "message": "Creation::~Creation(): 81848337", "process": "cellapp07", "thredRef": "", "time": "2026-08-08 01:50:25 012"}
{"__tag__:__client_ip__": "8.136.51.6", "__tag__:__hostname__": "game10001", "__tag__:__pack_id__": "5D46BC1D6FF38282-115B", "__tag__:__path__": "/home/fengyan/Server/kbengine/assets/logs/logger_cellapp.log", "__tag__:__receive_time__": "1786125025", "__tag__:__user_defined_id__": "erce", "__topic__": "", "class": "Avatar", "component": "800026", "content": "  S_INFO    cellapp07 1000 800026  [2026-08-08 01:50:25 013] - [Avatar(11595467-2815091076442602428)]:doAction 5368377582990000128 30010005 11595467", "entityId": "11595467", "gbId": "2815091076442602428", "levelInt": "1000", "logLevel": "S_INFO", "message": ":doAction 5368377582990000128 30010005 11595467", "process": "cellapp07", "thredRef": "", "time": "2026-08-08 01:50:25 013"}
{"__tag__:__client_ip__": "8.136.51.6", "__tag__:__hostname__": "game10001", "__tag__:__pack_id__": "5D46BC1D6FF38282-115B", "__tag__:__path__": "/home/fengyan/Server/kbengine/assets/logs/logger_cellapp.log", "__tag__:__receive_time__": "1786125025", "__tag__:__user_defined_id__": "erce", "__topic__": "", "class": "Avatar", "component": "800026", "content": "  S_INFO    cellapp07 1000 800026  [2026-08-08 01:50:25 013] - [Avatar(98038-2815091073941678764)]:doAction 5368377582992097280 30010006 98038", "entityId": "98038", "gbId": "2815091073941678764", "levelInt": "1000", "logLevel": "S_INFO", "message": ":doAction 5368377582992097280 30010006 98038", "process": "cellapp07", "thredRef": "", "time": "2026-08-08 01:50:25 013"}
{"__tag__:__client_ip__": "8.136.51.6", "__tag__:__hostname__": "game10001", "__tag__:__pack_id__": "5D46BC1D6FF38282-115B", "__tag__:__path__": "/home/fengyan/Server/kbengine/assets/logs/logger_cellapp.log", "__tag__:__receive_time__": "1786125025", "__tag__:__user_defined_id__": "erce", "__topic__": "", "class": "Avatar", "component": "800026", "content": "  S_INFO    cellapp07 1000 800026  [2026-08-08 01:50:25 013] - [Avatar(23450306-2815091073979707143)]:doAction 5368377582992883712 30010005 23450306", "entityId": "23450306", "gbId": "2815091073979707143", "levelInt": "1000", "logLevel": "S_INFO", "message": ":doAction 5368377582992883712 30010005 23450306", "process": "cellapp07", "thredRef": "", "time": "2026-08-08 01:50:25 013"}
{"__tag__:__client_ip__": "8.136.51.6", "__tag__:__hostname__": "game10001", "__tag__:__pack_id__": "5D46BC1D6FF38282-115B", "__tag__:__path__": "/home/fengyan/Server/kbengine/assets/logs/logger_cellapp.log", "__tag__:__receive_time__": "1786125025", "__tag__:__user_defined_id__": "erce", "__topic__": "", "component": "800010", "content": "    INFO    cellapp40 1000 800010  [2026-08-08 01:50:24 985] - EntityApp::createEntity: new Monster 81811029", "levelInt": "1000", "logLevel": "INFO", "message": "EntityApp::createEntity: new Monster 81811029", "process": "cellapp40", "thredRef": "", "time": "2026-08-08 01:50:24 985"}
{"__tag__:__client_ip__": "8.136.51.6", "__tag__:__hostname__": "game10001", "__tag__:__pack_id__": "5D46BC1D6FF38282-115B", "__tag__:__path__": "/home/fengyan/Server/kbengine/assets/logs/logger_cellapp.log", "__tag__:__receive_time__": "1786125025", "__tag__:__user_defined_id__": "erce", "__topic__": "", "class": "WorldLineSpaceMgr", "component": "800010", "content": "  S_INFO    cellapp40 1000 800010  [2026-08-08 01:50:24 985] - [WorldLineSpaceMgr(138001)]:IShowMapEntityType::addEntity 81811029 ('11235121', 'gid_19090623', 'Monster')", "entityId": "138001", "gbId": "", "levelInt": "1000", "logLevel": "S_INFO", "message": ":IShowMapEntityType::addEntity 81811029 ('11235121', 'gid_19090623', 'Monster')", "process": "cellapp40", "thredRef": "", "time": "2026-08-08 01:50:24 985"}
{"__tag__:__client_ip__": "8.136.51.6", "__tag__:__hostname__": "game10001", "__tag__:__pack_id__": "5D46BC1D6FF38282-115B", "__tag__:__path__": "/home/fengyan/Server/kbengine/assets/logs/logger_cellapp.log", "__tag__:__receive_time__": "1786125025", "__tag__:__user_defined_id__": "erce", "__topic__": "", "class": "Monster", "component": "800010", "content": "  S_INFO    cellapp40 1000 800010  [2026-08-08 01:50:24 985] - [Monster(81811029)]:isFirstBloodRewardMonster False (1,)", "entityId": "81811029", "gbId": "", "levelInt": "1000", "logLevel": "S_INFO", "message": ":isFirstBloodRewardMonster False (1,)", "process": "cellapp40", "thredRef": "", "time": "2026-08-08 01:50:24 985"}
{"__tag__:__client_ip__": "8.136.51.6", "__tag__:__hostname__": "game10001", "__tag__:__pack_id__": "5D46BC1D6FF38282-115B", "__tag__:__path__": "/home/fengyan/Server/kbengine/assets/logs/logger_cellapp.log", "__tag__:__receive_time__": "1786125025", "__tag__:__user_defined_id__": "erce", "__topic__": "", "class": "Monster", "component": "800010", "content": "  S_INFO    cellapp40 1000 800010  [2026-08-08 01:50:24 986] - [Monster(81811029)]:on create 19090000 19090623001 11235121 0 Vector3(322.3359, 122.6742, 264.4652), ref=true", "entityId": "81811029", "gbId": "", "levelInt": "1000", "logLevel": "S_INFO", "message": ":on create 19090000 19090623001 11235121 0 Vector3(322.3359, 122.6742, 264.4652), ref=true", "process": "cellapp40", "thredRef": "", "time": "2026-08-08 01:50:24 986"}
{"__tag__:__client_ip__": "8.136.51.6", "__tag__:__hostname__": "game10001", "__tag__:__pack_id__": "5D46BC1D6FF38282-115B", "__tag__:__path__": "/home/fengyan/Server/kbengine/assets/logs/logger_cellapp.log", "__tag__:__receive_time__": "1786125025", "__tag__:__user_defined_id__": "erce", "__topic__": "", "class": "WorldLineSpaceMgr", "component": "800010", "content": "  S_INFO    cellapp40 1000 800010  [2026-08-08 01:50:24 986] - [WorldLineSpaceMgr(138001)]:IShowMapEntityType::removeEntById 81810881", "entityId": "138001", "gbId": "", "levelInt": "1000", "logLevel": "S_INFO", "message": ":IShowMapEntityType::removeEntById 81810881", "process": "cellapp40", "thredRef": "", "time": "2026-08-08 01:50:24 986"}
{"__tag__:__client_ip__": "8.136.51.6", "__tag__:__hostname__": "game10001", "__tag__:__pack_id__": "5D46BC1D6FF38282-115B", "__tag__:__path__": "/home/fengyan/Server/kbengine/assets/logs/logger_cellapp.log", "__tag__:__receive_time__": "1786125025", "__tag__:__user_defined_id__": "erce", "__topic__": "", "component": "800010", "content": "    INFO    cellapp40 1000 800010  [2026-08-08 01:50:24 986] - Monster::onDestroy(): 81810881, entityDBID:0!", "levelInt": "1000", "logLevel": "INFO", "message": "Monster::onDestroy(): 81810881, entityDBID:0!", "process": "cellapp40", "thredRef": "", "time": "2026-08-08 01:50:24 986"}
{"__tag__:__client_ip__": "8.136.51.6", "__tag__:__hostname__": "game10001", "__tag__:__pack_id__": "5D46BC1D6FF38282-115B", "__tag__:__path__": "/home/fengyan/Server/kbengine/assets/logs/logger_cellapp.log", "__tag__:__receive_time__": "1786125025", "__tag__:__user_defined_id__": "erce", "__topic__": "", "class": "Avatar", "component": "800010", "content": "  S_INFO    cellapp40 1000 800010  [2026-08-08 01:50:24 988] - [Avatar(21540968-2815091075512026180)]:_useSkillBySkillObj: skill:90010001, tgt:81810584, arr:[-0.802570641040802, 0.0, 0.5965570211410522], True", "entityId": "21540968", "gbId": "2815091075512026180", "levelInt": "1000", "logLevel": "S_INFO", "message": ":_useSkillBySkillObj: skill:90010001, tgt:81810584, arr:[-0.802570641040802, 0.0, 0.5965570211410522], True", "process": "cellapp40", "thredRef": "", "time": "2026-08-08 01:50:24 988"}
{"__tag__:__client_ip__": "8.136.51.6", "__tag__:__hostname__": "game10001", "__tag__:__pack_id__": "5D46BC1D6FF38282-115B", "__tag__:__path__": "/home/fengyan/Server/kbengine/assets/logs/logger_cellapp.log", "__tag__:__receive_time__": "1786125025", "__tag__:__user_defined_id__": "erce", "__topic__": "", "class": "Avatar", "component": "800010", "content": "  S_INFO    cellapp40 1000 800010  [2026-08-08 01:50:24 989] - [Avatar(3844-2815091074386834228)]:_useSkillBySkillObj: skill:90030020, tgt:81810995, arr:[-0.13808824121952057, 0.0, 0.9904199838638306], True", "entityId": "3844", "gbId": "2815091074386834228", "levelInt": "1000", "logLevel": "S_INFO", "message": ":_useSkillBySkillObj: skill:90030020, tgt:81810995, arr:[-0.13808824121952057, 0.0, 0.9904199838638306], True", "process": "cellapp40", "thredRef": "", "time": "2026-08-08 01:50:24 989"}
{"__tag__:__client_ip__": "8.136.51.6", "__tag__:__hostname__": "game10001", "__tag__:__pack_id__": "5D46BC1D6FF38282-115B", "__tag__:__path__": "/home/fengyan/Server/kbengine/assets/logs/logger_cellapp.log", "__tag__:__receive_time__": "1786125025", "__tag__:__user_defined_id__": "erce", "__topic__": "", "class": "Avatar", "component": "800010", "content": "  S_INFO    cellapp40 1000 800010  [2026-08-08 01:50:24 990] - [Avatar(127827-2815091073966285357)]:_useSkillBySkillObj: skill:90020001, tgt:81810967, arr:[0.996080219745636, 0.0, -0.08845404535531998], True", "entityId": "127827", "gbId": "2815091073966285357", "levelInt": "1000", "logLevel": "S_INFO", "message": ":_useSkillBySkillObj: skill:90020001, tgt:81810967, arr:[0.996080219745636, 0.0, -0.08845404535531998], True", "process": "cellapp40", "thredRef": "", "time": "2026-08-08 01:50:24 990"}
{"__tag__:__client_ip__": "8.136.51.6", "__tag__:__hostname__": "game10001", "__tag__:__pack_id__": "5D46BC1D6FF38282-115B", "__tag__:__path__": "/home/fengyan/Server/kbengine/assets/logs/logger_cellapp.log", "__tag__:__receive_time__": "1786125025", "__tag__:__user_defined_id__": "erce", "__topic__": "", "component": "800010", "content": "    INFO    cellapp40 1000 800010  [2026-08-08 01:50:24 991] - Monster::~Monster(): 81810881", "levelInt": "1000", "logLevel": "INFO", "message": "Monster::~Monster(): 81810881", "process": "cellapp40", "thredRef": "", "time": "2026-08-08 01:50:24 991"}
{"__tag__:__client_ip__": "8.136.51.6", "__tag__:__hostname__": "game10001", "__tag__:__pack_id__": "5D46BC1D6FF38282-115B", "__tag__:__path__": "/home/fengyan/Server/kbengine/assets/logs/logger_cellapp.log", "__tag__:__receive_time__": "1786125025", "__tag__:__user_defined_id__": "erce", "__topic__": "", "class": "Avatar", "component": "800002", "content": "  S_INFO    cellapp33 1000 800002  [2026-08-08 01:50:24 978] - [Avatar(22818414-2815091080849417831)]:_useSkillBySkillObj: skill:90010001, tgt:81861178, arr:[-0.32607752084732056, 0.0, 0.9453430771827698], True", "entityId": "22818414", "gbId": "2815091080849417831", "levelInt": "1000", "logLevel": "S_INFO", "message": ":_useSkillBySkillObj: skill:90010001, tgt:81861178, arr:[-0.32607752084732056, 0.0, 0.9453430771827698], True", "process": "cellapp33", "thredRef": "", "time": "2026-08-08 01:50:24 978"}
{"__tag__:__client_ip__": "8.136.51.6", "__tag__:__hostname__": "game10001", "__tag__:__pack_id__": "5D46BC1D6FF38282-115B", "__tag__:__path__": "/home/fengyan/Server/kbengine/assets/logs/logger_cellapp.log", "__tag__:__receive_time__": "1786125025", "__tag__:__user_defined_id__": "erce", "__topic__": "", "class": "Avatar", "component": "800002", "content": "  S_INFO    cellapp33 1000 800002  [2026-08-08 01:50:24 979] - [Avatar(87832-2815091084437505091)]:_useSkillBySkillObj: skill:90010065, tgt:81861275, arr:[0.5447229146957397, 0.0, 0.8386161923408508], True", "entityId": "87832", "gbId": "2815091084437505091", "levelInt": "1000", "logLevel": "S_INFO", "message": ":_useSkillBySkillObj: skill:90010065, tgt:81861275, arr:[0.5447229146957397, 0.0, 0.8386161923408508], True", "process": "cellapp33", "thredRef": "", "time": "2026-08-08 01:50:24 979"}
{"__tag__:__client_ip__": "8.136.51.6", "__tag__:__hostname__": "game10001", "__tag__:__pack_id__": "5D46BC1D6FF38282-115B", "__tag__:__path__": "/home/fengyan/Server/kbengine/assets/logs/logger_cellapp.log", "__tag__:__receive_time__": "1786125025", "__tag__:__user_defined_id__": "erce", "__topic__": "", "component": "800002", "content": "    INFO    cellapp33 1000 800002  [2026-08-08 01:50:24 981] - EntityApp::createEntity: new Monster 81861394", "levelInt": "1000", "logLevel": "INFO", "message": "EntityApp::createEntity: new Monster 81861394", "process": "cellapp33", "thredRef": "", "time": "2026-08-08 01:50:24 981"}
{"__tag__:__client_ip__": "8.136.51.6", "__tag__:__hostname__": "game10001", "__tag__:__pack_id__": "5D46BC1D6FF38282-115B", "__tag__:__path__": "/home/fengyan/Server/kbengine/assets/logs/logger_cellapp.log", "__tag__:__receive_time__": "1786125025", "__tag__:__user_defined_id__": "erce", "__topic__": "", "class": "WorldLineSpaceMgr", "component": "800002", "content": "  S_INFO    cellapp33 1000 800002  [2026-08-08 01:50:24 982] - [WorldLineSpaceMgr(116001)]:IShowMapEntityType::addEntity 81861394 ('11240147', 'gid_19020689', 'Monster')", "entityId": "116001", "gbId": "", "levelInt": "1000", "logLevel": "S_INFO", "message": ":IShowMapEntityType::addEntity 81861394 ('11240147', 'gid_19020689', 'Monster')", "process": "cellapp33", "thredRef": "", "time": "2026-08-08 01:50:24 982"}
{"__tag__:__client_ip__": "8.136.51.6", "__tag__:__hostname__": "game10001", "__tag__:__pack_id__": "5D46BC1D6FF38282-115B", "__tag__:__path__": "/home/fengyan/Server/kbengine/assets/logs/logger_cellapp.log", "__tag__:__receive_time__": "1786125025", "__tag__:__user_defined_id__": "erce", "__topic__": "", "class": "Monster", "component": "800002", "content": "  S_INFO    cellapp33 1000 800002  [2026-08-08 01:50:24 982] - [Monster(81861394)]:isFirstBloodRewardMonster False (1,)", "entityId": "81861394", "gbId": "", "levelInt": "1000", "logLevel": "S_INFO", "message": ":isFirstBloodRewardMonster False (1,)", "process": "cellapp33", "thredRef": "", "time": "2026-08-08 01:50:24 982"}
{"__tag__:__client_ip__": "8.136.51.6", "__tag__:__hostname__": "game10001", "__tag__:__pack_id__": "5D46BC1D6FF38282-115B", "__tag__:__path__": "/home/fengyan/Server/kbengine/assets/logs/logger_cellapp.log", "__tag__:__receive_time__": "1786125025", "__tag__:__user_defined_id__": "erce", "__topic__": "", "class": "Monster", "component": "800002", "content": "  S_INFO    cellapp33 1000 800002  [2026-08-08 01:50:24 982] - [Monster(81861394)]:on create 19020000 19020689001 11240147 0 Vector3(388.7732, 151.6133, 192.3898), ref=true", "entityId": "81861394", "gbId": "", "levelInt": "1000", "logLevel": "S_INFO", "message": ":on create 19020000 19020689001 11240147 0 Vector3(388.7732, 151.6133, 192.3898), ref=true", "process": "cellapp33", "thredRef": "", "time": "2026-08-08 01:50:24 982"}
{"__tag__:__client_ip__": "8.136.51.6", "__tag__:__hostname__": "game10001", "__tag__:__pack_id__": "5D46BC1D6FF38282-115B", "__tag__:__path__": "/home/fengyan/Server/kbengine/assets/logs/logger_cellapp.log", "__tag__:__receive_time__": "1786125025", "__tag__:__user_defined_id__": "erce", "__topic__": "", "class": "Monster", "component": "800002", "content": "  S_INFO    cellapp33 1000 800002  [2026-08-08 01:50:24 983] - [Monster(81861144)]:_useSkillBySkillObj: skill:91000621, tgt:41227, arr:[-0.7626436948776245, 0.0, -0.6468188762664795], False", "entityId": "81861144", "gbId": "", "levelInt": "1000", "logLevel": "S_INFO", "message": ":_useSkillBySkillObj: skill:91000621, tgt:41227, arr:[-0.7626436948776245, 0.0, -0.6468188762664795], False", "process": "cellapp33", "thredRef": "", "time": "2026-08-08 01:50:24 983"}
{"__tag__:__client_ip__": "8.136.51.6", "__tag__:__hostname__": "game10001", "__tag__:__pack_id__": "5D46BC1D6FF38282-115B", "__tag__:__path__": "/home/fengyan/Server/kbengine/assets/logs/logger_cellapp.log", "__tag__:__receive_time__": "1786125025", "__tag__:__user_defined_id__": "erce", "__topic__": "", "class": "Summon", "component": "800002", "content": "  S_INFO    cellapp33 1000 800002  [2026-08-08 01:50:24 984] - [Summon(81861221)]:_useSkillBySkillObj: skill:91001025, tgt:81861233, arr:[0.6874026656150818, 0.0, 0.7262763381004333], False", "entityId": "81861221", "gbId": "", "levelInt": "1000", "logLevel": "S_INFO", "message": ":_useSkillBySkillObj: skill:91001025, tgt:81861233, arr:[0.6874026656150818, 0.0, 0.7262763381004333], False", "process": "cellapp33", "thredRef": "", "time": "2026-08-08 01:50:24 984"}
{"__tag__:__client_ip__": "8.136.51.6", "__tag__:__hostname__": "game10001", "__tag__:__pack_id__": "5D46BC1D6FF38282-115B", "__tag__:__path__": "/home/fengyan/Server/kbengine/assets/logs/logger_cellapp.log", "__tag__:__receive_time__": "1786125025", "__tag__:__user_defined_id__": "erce", "__topic__": "", "class": "Monster", "component": "800002", "content": "  S_INFO    cellapp33 1000 800002  [2026-08-08 01:50:24 984] - [Monster(81861193)]:_useSkillBySkillObj: skill:91000621, tgt:23450527, arr:[-0.8277103900909424, 0.0, 0.5611554980278015], False", "entityId": "81861193", "gbId": "", "levelInt": "1000", "logLevel": "S_INFO", "message": ":_useSkillBySkillObj: skill:91000621, tgt:23450527, arr:[-0.8277103900909424, 0.0, 0.5611554980278015], False", "process": "cellapp33", "thredRef": "", "time": "2026-08-08 01:50:24 984"}
{"__tag__:__client_ip__": "8.136.51.6", "__tag__:__hostname__": "game10001", "__tag__:__pack_id__": "5D46BC1D6FF38282-115B", "__tag__:__path__": "/home/fengyan/Server/kbengine/assets/logs/logger_cellapp.log", "__tag__:__receive_time__": "1786125025", "__tag__:__user_defined_id__": "erce", "__topic__": "", "class": "WorldLineSpaceMgr", "component": "800002", "content": "  S_INFO    cellapp33 1000 800002  [2026-08-08 01:50:24 985] - [WorldLineSpaceMgr(116001)]:IShowMapEntityType::removeEntById 81861092", "entityId": "116001", "gbId": "", "levelInt": "1000", "logLevel": "S_INFO", "message": ":IShowMapEntityType::removeEntById 81861092", "process": "cellapp33", "thredRef": "", "time": "2026-08-08 01:50:24 985"}
{"__tag__:__client_ip__": "8.136.51.6", "__tag__:__hostname__": "game10001", "__tag__:__pack_id__": "5D46BC1D6FF38282-115B", "__tag__:__path__": "/home/fengyan/Server/kbengine/assets/logs/logger_cellapp.log", "__tag__:__receive_time__": "1786125025", "__tag__:__user_defined_id__": "erce", "__topic__": "", "component": "800002", "content": "    INFO    cellapp33 1000 800002  [2026-08-08 01:50:24 985] - Monster::onDestroy(): 81861092, entityDBID:0!", "levelInt": "1000", "logLevel": "INFO", "message": "Monster::onDestroy(): 81861092, entityDBID:0!", "process": "cellapp33", "thredRef": "", "time": "2026-08-08 01:50:24 985"}
{"__tag__:__client_ip__": "8.136.51.6", "__tag__:__hostname__": "game10001", "__tag__:__pack_id__": "5D46BC1D6FF38282-115B", "__tag__:__path__": "/home/fengyan/Server/kbengine/assets/logs/logger_cellapp.log", "__tag__:__receive_time__": "1786125025", "__tag__:__user_defined_id__": "erce", "__topic__": "", "class": "WorldLineSpaceMgr", "component": "800002", "content": "  S_INFO    cellapp33 1000 800002  [2026-08-08 01:50:24 985] - [WorldLineSpaceMgr(116001)]:IShowMapEntityType::removeEntById 81861177", "entityId": "116001", "gbId": "", "levelInt": "1000", "logLevel": "S_INFO", "message": ":IShowMapEntityType::removeEntById 81861177", "process": "cellapp33", "thredRef": "", "time": "2026-08-08 01:50:24 985"}
{"__tag__:__client_ip__": "8.136.51.6", "__tag__:__hostname__": "game10001", "__tag__:__pack_id__": "5D46BC1D6FF38282-115B", "__tag__:__path__": "/home/fengyan/Server/kbengine/assets/logs/logger_cellapp.log", "__tag__:__receive_time__": "1786125025", "__tag__:__user_defined_id__": "erce", "__topic__": "", "component": "800002", "content": "    INFO    cellapp33 1000 800002  [2026-08-08 01:50:24 985] - Monster::onDestroy(): 81861177, entityDBID:0!", "levelInt": "1000", "logLevel": "INFO", "message": "Monster::onDestroy(): 81861177, entityDBID:0!", "process": "cellapp33", "thredRef": "", "time": "2026-08-08 01:50:24 985"}
{"__tag__:__client_ip__": "8.136.51.6", "__tag__:__hostname__": "game10001", "__tag__:__pack_id__": "5D46BC1D6FF38282-115B", "__tag__:__path__": "/home/fengyan/Server/kbengine/assets/logs/logger_cellapp.log", "__tag__:__receive_time__": "1786125025", "__tag__:__user_defined_id__": "erce", "__topic__": "", "class": "Creation", "component": "800002", "content": "  S_INFO    cellapp33 1000 800002  [2026-08-08 01:50:24 986] - [Creation(81861315)]:_useSkillBySkillObj: skill:90010026, tgt:81861315, arr:[], False", "entityId": "81861315", "gbId": "", "levelInt": "1000", "logLevel": "S_INFO", "message": ":_useSkillBySkillObj: skill:90010026, tgt:81861315, arr:[], False", "process": "cellapp33", "thredRef": "", "time": "2026-08-08 01:50:24 986"}
{"__tag__:__client_ip__": "8.136.51.6", "__tag__:__hostname__": "game10001", "__tag__:__pack_id__": "5D46BC1D6FF38282-115B", "__tag__:__path__": "/home/fengyan/Server/kbengine/assets/logs/logger_cellapp.log", "__tag__:__receive_time__": "1786125025", "__tag__:__user_defined_id__": "erce", "__topic__": "", "class": "WorldLineSpaceMgr", "component": "800002", "content": "  S_INFO    cellapp33 1000 800002  [2026-08-08 01:50:24 986] - [WorldLineSpaceMgr(116001)]:IShowMapEntityType::removeEntById 81860719", "entityId": "116001", "gbId": "", "levelInt": "1000", "logLevel": "S_INFO", "message": ":IShowMapEntityType::removeEntById 81860719", "process": "cellapp33", "thredRef": "", "time": "2026-08-08 01:50:24 986"}
{"__tag__:__client_ip__": "8.136.51.6", "__tag__:__hostname__": "game10001", "__tag__:__pack_id__": "5D46BC1D6FF38282-115B", "__tag__:__path__": "/home/fengyan/Server/kbengine/assets/logs/logger_cellapp.log", "__tag__:__receive_time__": "1786125025", "__tag__:__user_defined_id__": "erce", "__topic__": "", "component": "800002", "content": "    INFO    cellapp33 1000 800002  [2026-08-08 01:50:24 986] - Monster::onDestroy(): 81860719, entityDBID:0!", "levelInt": "1000", "logLevel": "INFO", "message": "Monster::onDestroy(): 81860719, entityDBID:0!", "process": "cellapp33", "thredRef": "", "time": "2026-08-08 01:50:24 986"}
{"__tag__:__client_ip__": "8.136.51.6", "__tag__:__hostname__": "game10001", "__tag__:__pack_id__": "5D46BC1D6FF38282-115B", "__tag__:__path__": "/home/fengyan/Server/kbengine/assets/logs/logger_cellapp.log", "__tag__:__receive_time__": "1786125025", "__tag__:__user_defined_id__": "erce", "__topic__": "", "class": "WorldLineSpaceMgr", "component": "800002", "content": "  S_INFO    cellapp33 1000 800002  [2026-08-08 01:50:24 987] - [WorldLineSpaceMgr(116001)]:IShowMapEntityType::removeEntById 81860295", "entityId": "116001", "gbId": "", "levelInt": "1000", "logLevel": "S_INFO", "message": ":IShowMapEntityType::removeEntById 81860295", "process": "cellapp33", "thredRef": "", "time": "2026-08-08 01:50:24 987"}
{"__tag__:__client_ip__": "8.136.51.6", "__tag__:__hostname__": "game10001", "__tag__:__pack_id__": "5D46BC1D6FF38282-115B", "__tag__:__path__": "/home/fengyan/Server/kbengine/assets/logs/logger_cellapp.log", "__tag__:__receive_time__": "1786125025", "__tag__:__user_defined_id__": "erce", "__topic__": "", "component": "800002", "content": "    INFO    cellapp33 1000 800002  [2026-08-08 01:50:24 987] - Monster::onDestroy(): 81860295, entityDBID:0!", "levelInt": "1000", "logLevel": "INFO", "message": "Monster::onDestroy(): 81860295, entityDBID:0!", "process": "cellapp33", "thredRef": "", "time": "2026-08-08 01:50:24 987"}
{"__tag__:__client_ip__": "8.136.51.6", "__tag__:__hostname__": "game10001", "__tag__:__pack_id__": "5D46BC1D6FF38282-115B", "__tag__:__path__": "/home/fengyan/Server/kbengine/assets/logs/logger_cellapp.log", "__tag__:__receive_time__": "1786125025", "__tag__:__user_defined_id__": "erce", "__topic__": "", "class": "WorldLineSpaceMgr", "component": "800002", "content": "  S_INFO    cellapp33 1000 800002  [2026-08-08 01:50:24 987] - [WorldLineSpaceMgr(116001)]:IShowMapEntityType::removeEntById 81860942", "entityId": "116001", "gbId": "", "levelInt": "1000", "logLevel": "S_INFO", "message": ":IShowMapEntityType::removeEntById 81860942", "process": "cellapp33", "thredRef": "", "time": "2026-08-08 01:50:24 987"}
{"__tag__:__client_ip__": "8.136.51.6", "__tag__:__hostname__": "game10001", "__tag__:__pack_id__": "5D46BC1D6FF38282-115B", "__tag__:__path__": "/home/fengyan/Server/kbengine/assets/logs/logger_cellapp.log", "__tag__:__receive_time__": "1786125025", "__tag__:__user_defined_id__": "erce", "__topic__": "", "component": "800002", "content": "    INFO    cellapp33 1000 800002  [2026-08-08 01:50:24 987] - Monster::onDestroy(): 81860942, entityDBID:0!", "levelInt": "1000", "logLevel": "INFO", "message": "Monster::onDestroy(): 81860942, entityDBID:0!", "process": "cellapp33", "thredRef": "", "time": "2026-08-08 01:50:24 987"}
{"__tag__:__client_ip__": "8.136.51.6", "__tag__:__hostname__": "game10001", "__tag__:__pack_id__": "5D46BC1D6FF38282-115B", "__tag__:__path__": "/home/fengyan/Server/kbengine/assets/logs/logger_cellapp.log", "__tag__:__receive_time__": "1786125025", "__tag__:__user_defined_id__": "erce", "__topic__": "", "component": "800002", "content": "    INFO    cellapp33 1000 800002  [2026-08-08 01:50:24 990] - EntityApp::createEntity: new Creation 81861395", "levelInt": "1000", "logLevel": "INFO", "message": "EntityApp::createEntity: new Creation 81861395", "process": "cellapp33", "thredRef": "", "time": "2026-08-08 01:50:24 990"}
{"__tag__:__client_ip__": "8.136.51.6", "__tag__:__hostname__": "game10001", "__tag__:__pack_id__": "5D46BC1D6FF38282-115B", "__tag__:__path__": "/home/fengyan/Server/kbengine/assets/logs/logger_cellapp.log", "__tag__:__receive_time__": "1786125025", "__tag__:__user_defined_id__": "erce", "__topic__": "", "class": "WorldLineSpaceMgr", "component": "800002", "content": "  S_INFO    cellapp33 1000 800002  [2026-08-08 01:50:24 990] - [WorldLineSpaceMgr(116001)]:IShowMapEntityType::addEntity 81861395 ('65000015', 'Creation')", "entityId": "116001", "gbId": "", "levelInt": "1000", "logLevel": "S_INFO", "message": ":IShowMapEntityType::addEntity 81861395 ('65000015', 'Creation')", "process": "cellapp33", "thredRef": "", "time": "2026-08-08 01:50:24 990"}
{"__tag__:__client_ip__": "8.136.51.6", "__tag__:__hostname__": "game10001", "__tag__:__pack_id__": "5D46BC1D6FF38282-115B", "__tag__:__path__": "/home/fengyan/Server/kbengine/assets/logs/logger_cellapp.log", "__tag__:__receive_time__": "1786125025", "__tag__:__user_defined_id__": "erce", "__topic__": "", "class": "Creation", "component": "800002", "content": "  S_INFO    cellapp33 1000 800002  [2026-08-08 01:50:24 991] - [Creation(81861375)]:_useSkillBySkillObj: skill:90020011, tgt:81861375, arr:[], False", "entityId": "81861375", "gbId": "", "levelInt": "1000", "logLevel": "S_INFO", "message": ":_useSkillBySkillObj: skill:90020011, tgt:81861375, arr:[], False", "process": "cellapp33", "thredRef": "", "time": "2026-08-08 01:50:24 991"}
{"__tag__:__client_ip__": "8.136.51.6", "__tag__:__hostname__": "game10001", "__tag__:__pack_id__": "5D46BC1D6FF38282-115B", "__tag__:__path__": "/home/fengyan/Server/kbengine/assets/logs/logger_cellapp.log", "__tag__:__receive_time__": "1786125025", "__tag__:__user_defined_id__": "erce", "__topic__": "", "class": "Avatar", "component": "800002", "content": "  S_INFO    cellapp33 1000 800002  [2026-08-08 01:50:24 994] - [Avatar(104087-2815091073995365893)]:_useSkillBySkillObj: skill:90010055, tgt:81861230, arr:[0.1685318797826767, 0.0, 0.9856961369514465, 366.03143310546875, 113.87921142578125, 139.92384338378906], True", "entityId": "104087", "gbId": "2815091073995365893", "levelInt": "1000", "logLevel": "S_INFO", "message": ":_useSkillBySkillObj: skill:90010055, tgt:81861230, arr:[0.1685318797826767, 0.0, 0.9856961369514465, 366.03143310546875, 113.87921142578125, 139.92384338378906], True", "process": "cellapp33", "thredRef": "", "time": "2026-08-08 01:50:24 994"}

===== [2026-08-11 17:19:17] query='' range=2026-08-08 01:50:25 ~ 2026-08-08 01:55:25 page=3 =====
{"__tag__:__client_ip__": "8.136.51.6", "__tag__:__hostname__": "game10001", "__tag__:__pack_id__": "5D46BC1D6FF38282-115B", "__tag__:__path__": "/home/fengyan/Server/kbengine/assets/logs/logger_cellapp.log", "__tag__:__receive_time__": "1786125025", "__tag__:__user_defined_id__": "erce", "__topic__": "", "class": "Creation", "component": "800002", "content": "  S_INFO    cellapp33 1000 800002  [2026-08-08 01:50:24 995] - [Creation(81861391)]:_useSkillBySkillObj: skill:90010026, tgt:81861391, arr:[], False", "entityId": "81861391", "gbId": "", "levelInt": "1000", "logLevel": "S_INFO", "message": ":_useSkillBySkillObj: skill:90010026, tgt:81861391, arr:[], False", "process": "cellapp33", "thredRef": "", "time": "2026-08-08 01:50:24 995"}
{"__tag__:__client_ip__": "8.136.51.6", "__tag__:__hostname__": "game10001", "__tag__:__pack_id__": "5D46BC1D6FF38282-115B", "__tag__:__path__": "/home/fengyan/Server/kbengine/assets/logs/logger_cellapp.log", "__tag__:__receive_time__": "1786125025", "__tag__:__user_defined_id__": "erce", "__topic__": "", "class": "Avatar", "component": "800002", "content": "  S_INFO    cellapp33 1000 800002  [2026-08-08 01:50:24 997] - [Avatar(123188-2815091073986418025)]:_useSkillBySkillObj: skill:90020001, tgt:81860961, arr:[0.9712060689926147, 0.0, 0.2382408231496811], True", "entityId": "123188", "gbId": "2815091073986418025", "levelInt": "1000", "logLevel": "S_INFO", "message": ":_useSkillBySkillObj: skill:90020001, tgt:81860961, arr:[0.9712060689926147, 0.0, 0.2382408231496811], True", "process": "cellapp33", "thredRef": "", "time": "2026-08-08 01:50:24 997"}
{"__tag__:__client_ip__": "8.136.51.6", "__tag__:__hostname__": "game10001", "__tag__:__pack_id__": "5D46BC1D6FF38282-115B", "__tag__:__path__": "/home/fengyan/Server/kbengine/assets/logs/logger_cellapp.log", "__tag__:__receive_time__": "1786125025", "__tag__:__user_defined_id__": "erce", "__topic__": "", "class": "Monster", "component": "800002", "content": "  S_INFO    cellapp33 1000 800002  [2026-08-08 01:50:24 998] - [Monster(81861305)]:_useSkillBySkillObj: skill:91000469, tgt:13328, arr:[-0.8596578240394592, 0.0, 0.5108702182769775], False", "entityId": "81861305", "gbId": "", "levelInt": "1000", "logLevel": "S_INFO", "message": ":_useSkillBySkillObj: skill:91000469, tgt:13328, arr:[-0.8596578240394592, 0.0, 0.5108702182769775], False", "process": "cellapp33", "thredRef": "", "time": "2026-08-08 01:50:24 998"}
{"__tag__:__client_ip__": "8.136.51.6", "__tag__:__hostname__": "game10001", "__tag__:__pack_id__": "5D46BC1D6FF38282-115B", "__tag__:__path__": "/home/fengyan/Server/kbengine/assets/logs/logger_cellapp.log", "__tag__:__receive_time__": "1786125025", "__tag__:__user_defined_id__": "erce", "__topic__": "", "class": "Monster", "component": "800002", "content": "  S_INFO    cellapp33 1000 800002  [2026-08-08 01:50:24 999] - [Monster(81860812)]:_useSkillBySkillObj: skill:91000637, tgt:91630, arr:[-0.3287213444709778, 0.0, 0.944426953792572], False", "entityId": "81860812", "gbId": "", "levelInt": "1000", "logLevel": "S_INFO", "message": ":_useSkillBySkillObj: skill:91000637, tgt:91630, arr:[-0.3287213444709778, 0.0, 0.944426953792572], False", "process": "cellapp33", "thredRef": "", "time": "2026-08-08 01:50:24 999"}
{"__tag__:__client_ip__": "8.136.51.6", "__tag__:__hostname__": "game10001", "__tag__:__pack_id__": "5D46BC1D6FF38282-115B", "__tag__:__path__": "/home/fengyan/Server/kbengine/assets/logs/logger_cellapp.log", "__tag__:__receive_time__": "1786125025", "__tag__:__user_defined_id__": "erce", "__topic__": "", "class": "Summon", "component": "800002", "content": "  S_INFO    cellapp33 1000 800002  [2026-08-08 01:50:24 999] - [Summon(81825724)]:_useSkillBySkillObj: skill:91001020, tgt:81861203, arr:[-0.017661288380622864, 0.0, 0.9998440742492676], False", "entityId": "81825724", "gbId": "", "levelInt": "1000", "logLevel": "S_INFO", "message": ":_useSkillBySkillObj: skill:91001020, tgt:81861203, arr:[-0.017661288380622864, 0.0, 0.9998440742492676], False", "process": "cellapp33", "thredRef": "", "time": "2026-08-08 01:50:24 999"}
{"__tag__:__client_ip__": "8.136.51.6", "__tag__:__hostname__": "game10001", "__tag__:__pack_id__": "5D46BC1D6FF38282-115B", "__tag__:__path__": "/home/fengyan/Server/kbengine/assets/logs/logger_cellapp.log", "__tag__:__receive_time__": "1786125025", "__tag__:__user_defined_id__": "erce", "__topic__": "", "class": "Monster", "component": "800002", "content": "  S_INFO    cellapp33 1000 800002  [2026-08-08 01:50:25 000] - [Monster(81861323)]:_useSkillBySkillObj: skill:91000276, tgt:25538165, arr:[0.4226190745830536, 0.0, -0.9063073992729187], False", "entityId": "81861323", "gbId": "", "levelInt": "1000", "logLevel": "S_INFO", "message": ":_useSkillBySkillObj: skill:91000276, tgt:25538165, arr:[0.4226190745830536, 0.0, -0.9063073992729187], False", "process": "cellapp33", "thredRef": "", "time": "2026-08-08 01:50:25 000"}
{"__tag__:__client_ip__": "8.136.51.6", "__tag__:__hostname__": "game10001", "__tag__:__pack_id__": "5D46BC1D6FF38282-115B", "__tag__:__path__": "/home/fengyan/Server/kbengine/assets/logs/logger_cellapp.log", "__tag__:__receive_time__": "1786125025", "__tag__:__user_defined_id__": "erce", "__topic__": "", "component": "800002", "content": "    INFO    cellapp33 1000 800002  [2026-08-08 01:50:25 001] - Monster::~Monster(): 81861092", "levelInt": "1000", "logLevel": "INFO", "message": "Monster::~Monster(): 81861092", "process": "cellapp33", "thredRef": "", "time": "2026-08-08 01:50:25 001"}
{"__tag__:__client_ip__": "8.136.51.6", "__tag__:__hostname__": "game10001", "__tag__:__pack_id__": "5D46BC1D6FF38282-115B", "__tag__:__path__": "/home/fengyan/Server/kbengine/assets/logs/logger_cellapp.log", "__tag__:__receive_time__": "1786125025", "__tag__:__user_defined_id__": "erce", "__topic__": "", "component": "800002", "content": "    INFO    cellapp33 1000 800002  [2026-08-08 01:50:25 001] - Monster::~Monster(): 81861177", "levelInt": "1000", "logLevel": "INFO", "message": "Monster::~Monster(): 81861177", "process": "cellapp33", "thredRef": "", "time": "2026-08-08 01:50:25 001"}
{"__tag__:__client_ip__": "8.136.51.6", "__tag__:__hostname__": "game10001", "__tag__:__pack_id__": "5D46BC1D6FF38282-115B", "__tag__:__path__": "/home/fengyan/Server/kbengine/assets/logs/logger_cellapp.log", "__tag__:__receive_time__": "1786125025", "__tag__:__user_defined_id__": "erce", "__topic__": "", "component": "800002", "content": "    INFO    cellapp33 1000 800002  [2026-08-08 01:50:25 001] - Monster::~Monster(): 81860719", "levelInt": "1000", "logLevel": "INFO", "message": "Monster::~Monster(): 81860719", "process": "cellapp33", "thredRef": "", "time": "2026-08-08 01:50:25 001"}
{"__tag__:__client_ip__": "8.136.51.6", "__tag__:__hostname__": "game10001", "__tag__:__pack_id__": "5D46BC1D6FF38282-115B", "__tag__:__path__": "/home/fengyan/Server/kbengine/assets/logs/logger_cellapp.log", "__tag__:__receive_time__": "1786125025", "__tag__:__user_defined_id__": "erce", "__topic__": "", "component": "800002", "content": "    INFO    cellapp33 1000 800002  [2026-08-08 01:50:25 001] - Monster::~Monster(): 81860295", "levelInt": "1000", "logLevel": "INFO", "message": "Monster::~Monster(): 81860295", "process": "cellapp33", "thredRef": "", "time": "2026-08-08 01:50:25 001"}
{"__tag__:__client_ip__": "8.136.51.6", "__tag__:__hostname__": "game10001", "__tag__:__pack_id__": "5D46BC1D6FF38282-115B", "__tag__:__path__": "/home/fengyan/Server/kbengine/assets/logs/logger_cellapp.log", "__tag__:__receive_time__": "1786125025", "__tag__:__user_defined_id__": "erce", "__topic__": "", "component": "800002", "content": "    INFO    cellapp33 1000 800002  [2026-08-08 01:50:25 001] - Monster::~Monster(): 81860942", "levelInt": "1000", "logLevel": "INFO", "message": "Monster::~Monster(): 81860942", "process": "cellapp33", "thredRef": "", "time": "2026-08-08 01:50:25 001"}
{"__tag__:__client_ip__": "8.136.51.6", "__tag__:__hostname__": "game10001", "__tag__:__pack_id__": "5D46BC1D6FF38282-115B", "__tag__:__path__": "/home/fengyan/Server/kbengine/assets/logs/logger_cellapp.log", "__tag__:__receive_time__": "1786125025", "__tag__:__user_defined_id__": "erce", "__topic__": "", "class": "Avatar", "component": "800032", "content": "  S_INFO    cellapp17 1000 800032  [2026-08-08 01:50:25 003] - [Avatar(20070494-2815091229558186531)]:_useSkillBySkillObj: skill:90010015, tgt:81798683, arr:[-0.5400834083557129, 0.0, -0.8416114449501038], True", "entityId": "20070494", "gbId": "2815091229558186531", "levelInt": "1000", "logLevel": "S_INFO", "message": ":_useSkillBySkillObj: skill:90010015, tgt:81798683, arr:[-0.5400834083557129, 0.0, -0.8416114449501038], True", "process": "cellapp17", "thredRef": "", "time": "2026-08-08 01:50:25 003"}
{"__tag__:__client_ip__": "8.136.51.6", "__tag__:__hostname__": "game10001", "__tag__:__pack_id__": "5D46BC1D6FF38282-115B", "__tag__:__path__": "/home/fengyan/Server/kbengine/assets/logs/logger_cellapp.log", "__tag__:__receive_time__": "1786125025", "__tag__:__user_defined_id__": "erce", "__topic__": "", "component": "800032", "content": "    INFO    cellapp17 1000 800032  [2026-08-08 01:50:25 005] - EntityApp::createEntity: new Monster 81798722", "levelInt": "1000", "logLevel": "INFO", "message": "EntityApp::createEntity: new Monster 81798722", "process": "cellapp17", "thredRef": "", "time": "2026-08-08 01:50:25 005"}
{"__tag__:__client_ip__": "8.136.51.6", "__tag__:__hostname__": "game10001", "__tag__:__pack_id__": "5D46BC1D6FF38282-115B", "__tag__:__path__": "/home/fengyan/Server/kbengine/assets/logs/logger_cellapp.log", "__tag__:__receive_time__": "1786125025", "__tag__:__user_defined_id__": "erce", "__topic__": "", "class": "WorldLineSpaceMgr", "component": "800032", "content": "  S_INFO    cellapp17 1000 800032  [2026-08-08 01:50:25 006] - [WorldLineSpaceMgr(56001)]:IShowMapEntityType::addEntity 81798722 ('11223008', 'gid_10320178', 'Monster')", "entityId": "56001", "gbId": "", "levelInt": "1000", "logLevel": "S_INFO", "message": ":IShowMapEntityType::addEntity 81798722 ('11223008', 'gid_10320178', 'Monster')", "process": "cellapp17", "thredRef": "", "time": "2026-08-08 01:50:25 006"}
{"__tag__:__client_ip__": "8.136.51.6", "__tag__:__hostname__": "game10001", "__tag__:__pack_id__": "5D46BC1D6FF38282-115B", "__tag__:__path__": "/home/fengyan/Server/kbengine/assets/logs/logger_cellapp.log", "__tag__:__receive_time__": "1786125025", "__tag__:__user_defined_id__": "erce", "__topic__": "", "class": "Monster", "component": "800032", "content": "  S_INFO    cellapp17 1000 800032  [2026-08-08 01:50:25 006] - [Monster(81798722)]:isFirstBloodRewardMonster False (1,)", "entityId": "81798722", "gbId": "", "levelInt": "1000", "logLevel": "S_INFO", "message": ":isFirstBloodRewardMonster False (1,)", "process": "cellapp17", "thredRef": "", "time": "2026-08-08 01:50:25 006"}
{"__tag__:__client_ip__": "8.136.51.6", "__tag__:__hostname__": "game10001", "__tag__:__pack_id__": "5D46BC1D6FF38282-115B", "__tag__:__path__": "/home/fengyan/Server/kbengine/assets/logs/logger_cellapp.log", "__tag__:__receive_time__": "1786125025", "__tag__:__user_defined_id__": "erce", "__topic__": "", "class": "Monster", "component": "800032", "content": "  S_INFO    cellapp17 1000 800032  [2026-08-08 01:50:25 006] - [Monster(81798722)]:on create 10320000 10320178001 11223008 0 Vector3(321.3636, 205.8032, 315.4560), ref=true", "entityId": "81798722", "gbId": "", "levelInt": "1000", "logLevel": "S_INFO", "message": ":on create 10320000 10320178001 11223008 0 Vector3(321.3636, 205.8032, 315.4560), ref=true", "process": "cellapp17", "thredRef": "", "time": "2026-08-08 01:50:25 006"}
{"__tag__:__client_ip__": "8.136.51.6", "__tag__:__hostname__": "game10001", "__tag__:__pack_id__": "5D46BC1D6FF38282-115B", "__tag__:__path__": "/home/fengyan/Server/kbengine/assets/logs/logger_cellapp.log", "__tag__:__receive_time__": "1786125025", "__tag__:__user_defined_id__": "erce", "__topic__": "", "class": "Creation", "component": "800032", "content": "  S_INFO    cellapp17 1000 800032  [2026-08-08 01:50:25 006] - [Creation(81798712)]:_useSkillBySkillObj: skill:90020046, tgt:81798712, arr:[], False", "entityId": "81798712", "gbId": "", "levelInt": "1000", "logLevel": "S_INFO", "message": ":_useSkillBySkillObj: skill:90020046, tgt:81798712, arr:[], False", "process": "cellapp17", "thredRef": "", "time": "2026-08-08 01:50:25 006"}
{"__tag__:__client_ip__": "8.136.51.6", "__tag__:__hostname__": "game10001", "__tag__:__pack_id__": "5D46BC1D6FF38282-115B", "__tag__:__path__": "/home/fengyan/Server/kbengine/assets/logs/logger_cellapp.log", "__tag__:__receive_time__": "1786125025", "__tag__:__user_defined_id__": "erce", "__topic__": "", "class": "Creation", "component": "800032", "content": "  S_INFO    cellapp17 1000 800032  [2026-08-08 01:50:25 008] - [Creation(81798716)]:_useSkillBySkillObj: skill:90020011, tgt:81798716, arr:[], False", "entityId": "81798716", "gbId": "", "levelInt": "1000", "logLevel": "S_INFO", "message": ":_useSkillBySkillObj: skill:90020011, tgt:81798716, arr:[], False", "process": "cellapp17", "thredRef": "", "time": "2026-08-08 01:50:25 008"}
{"__tag__:__client_ip__": "8.136.51.6", "__tag__:__hostname__": "game10001", "__tag__:__pack_id__": "5D46BC1D6FF38282-115B", "__tag__:__path__": "/home/fengyan/Server/kbengine/assets/logs/logger_cellapp.log", "__tag__:__receive_time__": "1786125025", "__tag__:__user_defined_id__": "erce", "__topic__": "", "class": "Monster", "component": "800032", "content": "  S_WARN    cellapp17 1000 800032  [2026-08-08 01:50:25 008] - [Monster(81461295)]:goDie 107403 1 90020011 False", "entityId": "81461295", "gbId": "", "levelInt": "1000", "logLevel": "S_WARN", "message": ":goDie 107403 1 90020011 False", "process": "cellapp17", "thredRef": "", "time": "2026-08-08 01:50:25 008"}
{"__tag__:__client_ip__": "8.136.51.6", "__tag__:__hostname__": "game10001", "__tag__:__pack_id__": "5D46BC1D6FF38282-115B", "__tag__:__path__": "/home/fengyan/Server/kbengine/assets/logs/logger_cellapp.log", "__tag__:__receive_time__": "1786125025", "__tag__:__user_defined_id__": "erce", "__topic__": "", "class": "Avatar", "component": "800032", "content": "  S_INFO    cellapp17 1000 800032  [2026-08-08 01:50:25 008] - [Avatar(107403-2815091202965180687)]:getExpDecayRate 2 31 6 1", "entityId": "107403", "gbId": "2815091202965180687", "levelInt": "1000", "logLevel": "S_INFO", "message": ":getExpDecayRate 2 31 6 1", "process": "cellapp17", "thredRef": "", "time": "2026-08-08 01:50:25 008"}
{"__tag__:__client_ip__": "8.136.51.6", "__tag__:__hostname__": "game10001", "__tag__:__pack_id__": "5D46BC1D6FF38282-115B", "__tag__:__path__": "/home/fengyan/Server/kbengine/assets/logs/logger_cellapp.log", "__tag__:__receive_time__": "1786125025", "__tag__:__user_defined_id__": "erce", "__topic__": "", "class": "Avatar", "component": "800032", "content": "  S_INFO    cellapp17 1000 800032  [2026-08-08 01:50:25 008] - [Avatar(107403-2815091202965180687)]:getExpDecayRate, level: 2 rate: 1.3 worldLevelRatio: 1.3", "entityId": "107403", "gbId": "2815091202965180687", "levelInt": "1000", "logLevel": "S_INFO", "message": ":getExpDecayRate, level: 2 rate: 1.3 worldLevelRatio: 1.3", "process": "cellapp17", "thredRef": "", "time": "2026-08-08 01:50:25 008"}
{"__tag__:__client_ip__": "8.136.51.6", "__tag__:__hostname__": "game10001", "__tag__:__pack_id__": "5D46BC1D6FF38282-115B", "__tag__:__path__": "/home/fengyan/Server/kbengine/assets/logs/logger_cellapp.log", "__tag__:__receive_time__": "1786125025", "__tag__:__user_defined_id__": "erce", "__topic__": "", "class": "Avatar", "component": "800032", "content": "  S_INFO    cellapp17 1000 800032  [2026-08-08 01:50:25 010] - [Avatar(93612-2815091077760173126)]:_useSkillBySkillObj: skill:90020040, tgt:81798676, arr:[], True", "entityId": "93612", "gbId": "2815091077760173126", "levelInt": "1000", "logLevel": "S_INFO", "message": ":_useSkillBySkillObj: skill:90020040, tgt:81798676, arr:[], True", "process": "cellapp17", "thredRef": "", "time": "2026-08-08 01:50:25 010"}
{"__tag__:__client_ip__": "8.136.51.6", "__tag__:__hostname__": "game10001", "__tag__:__pack_id__": "5D46BC1D6FF38282-115B", "__tag__:__path__": "/home/fengyan/Server/kbengine/assets/logs/logger_cellapp.log", "__tag__:__receive_time__": "1786125025", "__tag__:__user_defined_id__": "erce", "__topic__": "", "class": "Avatar", "component": "800028", "content": "  S_INFO    cellapp09 1000 800028  [2026-08-08 01:50:24 975] - [Avatar(115858-2815091119658473881)]:_useSkillBySkillObj: skill:90020055, tgt:81874365, arr:[0.67584627866745, 0.0, -0.7370425462722778], True", "entityId": "115858", "gbId": "2815091119658473881", "levelInt": "1000", "logLevel": "S_INFO", "message": ":_useSkillBySkillObj: skill:90020055, tgt:81874365, arr:[0.67584627866745, 0.0, -0.7370425462722778], True", "process": "cellapp09", "thredRef": "", "time": "2026-08-08 01:50:24 975"}
{"__tag__:__client_ip__": "8.136.51.6", "__tag__:__hostname__": "game10001", "__tag__:__pack_id__": "5D46BC1D6FF38282-115B", "__tag__:__path__": "/home/fengyan/Server/kbengine/assets/logs/logger_cellapp.log", "__tag__:__receive_time__": "1786125025", "__tag__:__user_defined_id__": "erce", "__topic__": "", "component": "800028", "content": "    INFO    cellapp09 1000 800028  [2026-08-08 01:50:24 978] - EntityApp::createEntity: new Monster 81874764", "levelInt": "1000", "logLevel": "INFO", "message": "EntityApp::createEntity: new Monster 81874764", "process": "cellapp09", "thredRef": "", "time": "2026-08-08 01:50:24 978"}
{"__tag__:__client_ip__": "8.136.51.6", "__tag__:__hostname__": "game10001", "__tag__:__pack_id__": "5D46BC1D6FF38282-115B", "__tag__:__path__": "/home/fengyan/Server/kbengine/assets/logs/logger_cellapp.log", "__tag__:__receive_time__": "1786125025", "__tag__:__user_defined_id__": "erce", "__topic__": "", "class": "WorldLineSpaceMgr", "component": "800028", "content": "  S_INFO    cellapp09 1000 800028  [2026-08-08 01:50:24 978] - [WorldLineSpaceMgr(36001)]:IShowMapEntityType::addEntity 81874764 ('11231008', 'gid_10200553', 'Monster')", "entityId": "36001", "gbId": "", "levelInt": "1000", "logLevel": "S_INFO", "message": ":IShowMapEntityType::addEntity 81874764 ('11231008', 'gid_10200553', 'Monster')", "process": "cellapp09", "thredRef": "", "time": "2026-08-08 01:50:24 978"}
{"__tag__:__client_ip__": "8.136.51.6", "__tag__:__hostname__": "game10001", "__tag__:__pack_id__": "5D46BC1D6FF38282-115B", "__tag__:__path__": "/home/fengyan/Server/kbengine/assets/logs/logger_cellapp.log", "__tag__:__receive_time__": "1786125025", "__tag__:__user_defined_id__": "erce", "__topic__": "", "class": "Monster", "component": "800028", "content": "  S_INFO    cellapp09 1000 800028  [2026-08-08 01:50:24 979] - [Monster(81874764)]:isFirstBloodRewardMonster False (1,)", "entityId": "81874764", "gbId": "", "levelInt": "1000", "logLevel": "S_INFO", "message": ":isFirstBloodRewardMonster False (1,)", "process": "cellapp09", "thredRef": "", "time": "2026-08-08 01:50:24 979"}
{"__tag__:__client_ip__": "8.136.51.6", "__tag__:__hostname__": "game10001", "__tag__:__pack_id__": "5D46BC1D6FF38282-115B", "__tag__:__path__": "/home/fengyan/Server/kbengine/assets/logs/logger_cellapp.log", "__tag__:__receive_time__": "1786125025", "__tag__:__user_defined_id__": "erce", "__topic__": "", "class": "Monster", "component": "800028", "content": "  S_INFO    cellapp09 1000 800028  [2026-08-08 01:50:24 979] - [Monster(81874764)]:on create 10200000 10200553001 11231008 0 Vector3(318.3699, 128.3932, 155.5866), ref=true", "entityId": "81874764", "gbId": "", "levelInt": "1000", "logLevel": "S_INFO", "message": ":on create 10200000 10200553001 11231008 0 Vector3(318.3699, 128.3932, 155.5866), ref=true", "process": "cellapp09", "thredRef": "", "time": "2026-08-08 01:50:24 979"}
{"__tag__:__client_ip__": "8.136.51.6", "__tag__:__hostname__": "game10001", "__tag__:__pack_id__": "5D46BC1D6FF38282-115B", "__tag__:__path__": "/home/fengyan/Server/kbengine/assets/logs/logger_cellapp.log", "__tag__:__receive_time__": "1786125025", "__tag__:__user_defined_id__": "erce", "__topic__": "", "component": "800028", "content": "    INFO    cellapp09 1000 800028  [2026-08-08 01:50:24 980] - EntityApp::createEntity: new Monster 81874765", "levelInt": "1000", "logLevel": "INFO", "message": "EntityApp::createEntity: new Monster 81874765", "process": "cellapp09", "thredRef": "", "time": "2026-08-08 01:50:24 980"}
{"__tag__:__client_ip__": "8.136.51.6", "__tag__:__hostname__": "game10001", "__tag__:__pack_id__": "5D46BC1D6FF38282-115B", "__tag__:__path__": "/home/fengyan/Server/kbengine/assets/logs/logger_cellapp.log", "__tag__:__receive_time__": "1786125025", "__tag__:__user_defined_id__": "erce", "__topic__": "", "class": "WorldLineSpaceMgr", "component": "800028", "content": "  S_INFO    cellapp09 1000 800028  [2026-08-08 01:50:24 980] - [WorldLineSpaceMgr(36113)]:IShowMapEntityType::addEntity 81874765 ('11240034', 'gid_10111418', 'Monster')", "entityId": "36113", "gbId": "", "levelInt": "1000", "logLevel": "S_INFO", "message": ":IShowMapEntityType::addEntity 81874765 ('11240034', 'gid_10111418', 'Monster')", "process": "cellapp09", "thredRef": "", "time": "2026-08-08 01:50:24 980"}
{"__tag__:__client_ip__": "8.136.51.6", "__tag__:__hostname__": "game10001", "__tag__:__pack_id__": "5D46BC1D6FF38282-115B", "__tag__:__path__": "/home/fengyan/Server/kbengine/assets/logs/logger_cellapp.log", "__tag__:__receive_time__": "1786125025", "__tag__:__user_defined_id__": "erce", "__topic__": "", "class": "Monster", "component": "800028", "content": "  S_INFO    cellapp09 1000 800028  [2026-08-08 01:50:24 980] - [Monster(81874765)]:isFirstBloodRewardMonster False (1,)", "entityId": "81874765", "gbId": "", "levelInt": "1000", "logLevel": "S_INFO", "message": ":isFirstBloodRewardMonster False (1,)", "process": "cellapp09", "thredRef": "", "time": "2026-08-08 01:50:24 980"}
{"__tag__:__client_ip__": "8.136.51.6", "__tag__:__hostname__": "game10001", "__tag__:__pack_id__": "5D46BC1D6FF38282-115B", "__tag__:__path__": "/home/fengyan/Server/kbengine/assets/logs/logger_cellapp.log", "__tag__:__receive_time__": "1786125025", "__tag__:__user_defined_id__": "erce", "__topic__": "", "class": "Monster", "component": "800028", "content": "  S_INFO    cellapp09 1000 800028  [2026-08-08 01:50:24 980] - [Monster(81874765)]:on create 10110001 10111418001 11240034 0 Vector3(482.3852, 114.7117, 159.3665), ref=true", "entityId": "81874765", "gbId": "", "levelInt": "1000", "logLevel": "S_INFO", "message": ":on create 10110001 10111418001 11240034 0 Vector3(482.3852, 114.7117, 159.3665), ref=true", "process": "cellapp09", "thredRef": "", "time": "2026-08-08 01:50:24 980"}
{"__tag__:__client_ip__": "8.136.51.6", "__tag__:__hostname__": "game10001", "__tag__:__pack_id__": "5D46BC1D6FF38282-115B", "__tag__:__path__": "/home/fengyan/Server/kbengine/assets/logs/logger_cellapp.log", "__tag__:__receive_time__": "1786125025", "__tag__:__user_defined_id__": "erce", "__topic__": "", "class": "WorldLineSpaceMgr", "component": "800028", "content": "  S_INFO    cellapp09 1000 800028  [2026-08-08 01:50:24 982] - [WorldLineSpaceMgr(36001)]:IShowMapEntityType::removeEntById 81859843", "entityId": "36001", "gbId": "", "levelInt": "1000", "logLevel": "S_INFO", "message": ":IShowMapEntityType::removeEntById 81859843", "process": "cellapp09", "thredRef": "", "time": "2026-08-08 01:50:24 982"}
{"__tag__:__client_ip__": "8.136.51.6", "__tag__:__hostname__": "game10001", "__tag__:__pack_id__": "5D46BC1D6FF38282-115B", "__tag__:__path__": "/home/fengyan/Server/kbengine/assets/logs/logger_cellapp.log", "__tag__:__receive_time__": "1786125025", "__tag__:__user_defined_id__": "erce", "__topic__": "", "component": "800028", "content": "    INFO    cellapp09 1000 800028  [2026-08-08 01:50:24 982] - Monster::onDestroy(): 81859843, entityDBID:0!", "levelInt": "1000", "logLevel": "INFO", "message": "Monster::onDestroy(): 81859843, entityDBID:0!", "process": "cellapp09", "thredRef": "", "time": "2026-08-08 01:50:24 982"}
{"__tag__:__client_ip__": "8.136.51.6", "__tag__:__hostname__": "game10001", "__tag__:__pack_id__": "5D46BC1D6FF38282-115B", "__tag__:__path__": "/home/fengyan/Server/kbengine/assets/logs/logger_cellapp.log", "__tag__:__receive_time__": "1786125025", "__tag__:__user_defined_id__": "erce", "__topic__": "", "class": "Monster", "component": "800028", "content": "  S_INFO    cellapp09 1000 800028  [2026-08-08 01:50:24 982] - [Monster(81874582)]:_useSkillBySkillObj: skill:91000470, tgt:87652, arr:[-0.9968599081039429, 0.0, 0.07918591052293777], False", "entityId": "81874582", "gbId": "", "levelInt": "1000", "logLevel": "S_INFO", "message": ":_useSkillBySkillObj: skill:91000470, tgt:87652, arr:[-0.9968599081039429, 0.0, 0.07918591052293777], False", "process": "cellapp09", "thredRef": "", "time": "2026-08-08 01:50:24 982"}
{"__tag__:__client_ip__": "8.136.51.6", "__tag__:__hostname__": "game10001", "__tag__:__pack_id__": "5D46BC1D6FF38282-115B", "__tag__:__path__": "/home/fengyan/Server/kbengine/assets/logs/logger_cellapp.log", "__tag__:__receive_time__": "1786125025", "__tag__:__user_defined_id__": "erce", "__topic__": "", "class": "Monster", "component": "800028", "content": "  S_INFO    cellapp09 1000 800028  [2026-08-08 01:50:24 983] - [Monster(81874589)]:_useSkillBySkillObj: skill:91000012, tgt:77875, arr:[0.8118671774864197, 0.0, -0.5838420987129211], False", "entityId": "81874589", "gbId": "", "levelInt": "1000", "logLevel": "S_INFO", "message": ":_useSkillBySkillObj: skill:91000012, tgt:77875, arr:[0.8118671774864197, 0.0, -0.5838420987129211], False", "process": "cellapp09", "thredRef": "", "time": "2026-08-08 01:50:24 983"}
{"__tag__:__client_ip__": "8.136.51.6", "__tag__:__hostname__": "game10001", "__tag__:__pack_id__": "5D46BC1D6FF38282-115B", "__tag__:__path__": "/home/fengyan/Server/kbengine/assets/logs/logger_cellapp.log", "__tag__:__receive_time__": "1786125025", "__tag__:__user_defined_id__": "erce", "__topic__": "", "class": "Avatar", "component": "800028", "content": "  S_INFO    cellapp09 1000 800028  [2026-08-08 01:50:24 983] - [Avatar(21540705-2815091074292881821)]:changeSkillCDStatus,  90020005 1", "entityId": "21540705", "gbId": "2815091074292881821", "levelInt": "1000", "logLevel": "S_INFO", "message": ":changeSkillCDStatus,  90020005 1", "process": "cellapp09", "thredRef": "", "time": "2026-08-08 01:50:24 983"}
{"__tag__:__client_ip__": "8.136.51.6", "__tag__:__hostname__": "game10001", "__tag__:__pack_id__": "5D46BC1D6FF38282-115B", "__tag__:__path__": "/home/fengyan/Server/kbengine/assets/logs/logger_cellapp.log", "__tag__:__receive_time__": "1786125025", "__tag__:__user_defined_id__": "erce", "__topic__": "", "class": "Avatar", "component": "800028", "content": "  S_INFO    cellapp09 1000 800028  [2026-08-08 01:50:24 983] - [Avatar(21540705-2815091074292881821)]:changeSkillCDStatus,  90020005 1", "entityId": "21540705", "gbId": "2815091074292881821", "levelInt": "1000", "logLevel": "S_INFO", "message": ":changeSkillCDStatus,  90020005 1", "process": "cellapp09", "thredRef": "", "time": "2026-08-08 01:50:24 983"}
{"__tag__:__client_ip__": "8.136.51.6", "__tag__:__hostname__": "game10001", "__tag__:__pack_id__": "5D46BC1D6FF38282-115B", "__tag__:__path__": "/home/fengyan/Server/kbengine/assets/logs/logger_cellapp.log", "__tag__:__receive_time__": "1786125025", "__tag__:__user_defined_id__": "erce", "__topic__": "", "class": "Avatar", "component": "800028", "content": "  S_WARN    cellapp09 1000 800028  [2026-08-08 01:50:24 983] - [Avatar(21540705-2815091074292881821)]:changeSkillCDStatus, skill cd status change, same status, 90020005 1", "entityId": "21540705", "gbId": "2815091074292881821", "levelInt": "1000", "logLevel": "S_WARN", "message": ":changeSkillCDStatus, skill cd status change, same status, 90020005 1", "process": "cellapp09", "thredRef": "", "time": "2026-08-08 01:50:24 983"}
{"__tag__:__client_ip__": "8.136.51.6", "__tag__:__hostname__": "game10001", "__tag__:__pack_id__": "5D46BC1D6FF38282-115B", "__tag__:__path__": "/home/fengyan/Server/kbengine/assets/logs/logger_cellapp.log", "__tag__:__receive_time__": "1786125025", "__tag__:__user_defined_id__": "erce", "__topic__": "", "class": "Creation", "component": "800028", "content": "  S_INFO    cellapp09 1000 800028  [2026-08-08 01:50:24 984] - [Creation(81874728)]:_useSkillBySkillObj: skill:90020046, tgt:81874728, arr:[], False", "entityId": "81874728", "gbId": "", "levelInt": "1000", "logLevel": "S_INFO", "message": ":_useSkillBySkillObj: skill:90020046, tgt:81874728, arr:[], False", "process": "cellapp09", "thredRef": "", "time": "2026-08-08 01:50:24 984"}
{"__tag__:__client_ip__": "8.136.51.6", "__tag__:__hostname__": "game10001", "__tag__:__pack_id__": "5D46BC1D6FF38282-115B", "__tag__:__path__": "/home/fengyan/Server/kbengine/assets/logs/logger_cellapp.log", "__tag__:__receive_time__": "1786125025", "__tag__:__user_defined_id__": "erce", "__topic__": "", "class": "Summon", "component": "800028", "content": "  S_WARN    cellapp09 1000 800028  [2026-08-08 01:50:24 986] - [Summon(81757726)]:goDie 81874230 1 91000199 False", "entityId": "81757726", "gbId": "", "levelInt": "1000", "logLevel": "S_WARN", "message": ":goDie 81874230 1 91000199 False", "process": "cellapp09", "thredRef": "", "time": "2026-08-08 01:50:24 986"}
{"__tag__:__client_ip__": "8.136.51.6", "__tag__:__hostname__": "game10001", "__tag__:__pack_id__": "5D46BC1D6FF38282-115B", "__tag__:__path__": "/home/fengyan/Server/kbengine/assets/logs/logger_cellapp.log", "__tag__:__receive_time__": "1786125025", "__tag__:__user_defined_id__": "erce", "__topic__": "", "class": "Creation", "component": "800028", "content": "  S_INFO    cellapp09 1000 800028  [2026-08-08 01:50:24 987] - [Creation(81874737)]:_useSkillBySkillObj: skill:90020011, tgt:81874737, arr:[], False", "entityId": "81874737", "gbId": "", "levelInt": "1000", "logLevel": "S_INFO", "message": ":_useSkillBySkillObj: skill:90020011, tgt:81874737, arr:[], False", "process": "cellapp09", "thredRef": "", "time": "2026-08-08 01:50:24 987"}
{"__tag__:__client_ip__": "8.136.51.6", "__tag__:__hostname__": "game10001", "__tag__:__pack_id__": "5D46BC1D6FF38282-115B", "__tag__:__path__": "/home/fengyan/Server/kbengine/assets/logs/logger_cellapp.log", "__tag__:__receive_time__": "1786125025", "__tag__:__user_defined_id__": "erce", "__topic__": "", "class": "Monster", "component": "800028", "content": "  S_WARN    cellapp09 1000 800028  [2026-08-08 01:50:24 990] - [Monster(81874263)]:goDie 17710 1 90010001 False", "entityId": "81874263", "gbId": "", "levelInt": "1000", "logLevel": "S_WARN", "message": ":goDie 17710 1 90010001 False", "process": "cellapp09", "thredRef": "", "time": "2026-08-08 01:50:24 990"}
{"__tag__:__client_ip__": "8.136.51.6", "__tag__:__hostname__": "game10001", "__tag__:__pack_id__": "5D46BC1D6FF38282-115B", "__tag__:__path__": "/home/fengyan/Server/kbengine/assets/logs/logger_cellapp.log", "__tag__:__receive_time__": "1786125025", "__tag__:__user_defined_id__": "erce", "__topic__": "", "class": "Avatar", "component": "800028", "content": "  S_INFO    cellapp09 1000 800028  [2026-08-08 01:50:24 991] - [Avatar(17710-2815091076572346235)]:getExpDecayRate 2 34 3 1", "entityId": "17710", "gbId": "2815091076572346235", "levelInt": "1000", "logLevel": "S_INFO", "message": ":getExpDecayRate 2 34 3 1", "process": "cellapp09", "thredRef": "", "time": "2026-08-08 01:50:24 991"}
{"__tag__:__client_ip__": "8.136.51.6", "__tag__:__hostname__": "game10001", "__tag__:__pack_id__": "5D46BC1D6FF38282-115B", "__tag__:__path__": "/home/fengyan/Server/kbengine/assets/logs/logger_cellapp.log", "__tag__:__receive_time__": "1786125025", "__tag__:__user_defined_id__": "erce", "__topic__": "", "class": "Avatar", "component": "800028", "content": "  S_INFO    cellapp09 1000 800028  [2026-08-08 01:50:24 991] - [Avatar(17710-2815091076572346235)]:getExpDecayRate, level: 2 rate: 1.15 worldLevelRatio: 1.15", "entityId": "17710", "gbId": "2815091076572346235", "levelInt": "1000", "logLevel": "S_INFO", "message": ":getExpDecayRate, level: 2 rate: 1.15 worldLevelRatio: 1.15", "process": "cellapp09", "thredRef": "", "time": "2026-08-08 01:50:24 991"}
{"__tag__:__client_ip__": "8.136.51.6", "__tag__:__hostname__": "game10001", "__tag__:__pack_id__": "5D46BC1D6FF38282-115B", "__tag__:__path__": "/home/fengyan/Server/kbengine/assets/logs/logger_cellapp.log", "__tag__:__receive_time__": "1786125025", "__tag__:__user_defined_id__": "erce", "__topic__": "", "component": "800028", "content": "    INFO    cellapp09 1000 800028  [2026-08-08 01:50:24 992] - EntityApp::createEntity: new Creation 81874766", "levelInt": "1000", "logLevel": "INFO", "message": "EntityApp::createEntity: new Creation 81874766", "process": "cellapp09", "thredRef": "", "time": "2026-08-08 01:50:24 992"}
{"__tag__:__client_ip__": "8.136.51.6", "__tag__:__hostname__": "game10001", "__tag__:__pack_id__": "5D46BC1D6FF38282-115B", "__tag__:__path__": "/home/fengyan/Server/kbengine/assets/logs/logger_cellapp.log", "__tag__:__receive_time__": "1786125025", "__tag__:__user_defined_id__": "erce", "__topic__": "", "class": "WorldLineSpaceMgr", "component": "800028", "content": "  S_INFO    cellapp09 1000 800028  [2026-08-08 01:50:24 992] - [WorldLineSpaceMgr(36113)]:IShowMapEntityType::addEntity 81874766 ('65000002', 'Creation')", "entityId": "36113", "gbId": "", "levelInt": "1000", "logLevel": "S_INFO", "message": ":IShowMapEntityType::addEntity 81874766 ('65000002', 'Creation')", "process": "cellapp09", "thredRef": "", "time": "2026-08-08 01:50:24 992"}
{"__tag__:__client_ip__": "8.136.51.6", "__tag__:__hostname__": "game10001", "__tag__:__pack_id__": "5D46BC1D6FF38282-115B", "__tag__:__path__": "/home/fengyan/Server/kbengine/assets/logs/logger_cellapp.log", "__tag__:__receive_time__": "1786125025", "__tag__:__user_defined_id__": "erce", "__topic__": "", "component": "800028", "content": "    INFO    cellapp09 1000 800028  [2026-08-08 01:50:24 994] - Creation::onDestroy(): 81874608, entityDBID:0!", "levelInt": "1000", "logLevel": "INFO", "message": "Creation::onDestroy(): 81874608, entityDBID:0!", "process": "cellapp09", "thredRef": "", "time": "2026-08-08 01:50:24 994"}
{"__tag__:__client_ip__": "8.136.51.6", "__tag__:__hostname__": "game10001", "__tag__:__pack_id__": "5D46BC1D6FF38282-115B", "__tag__:__path__": "/home/fengyan/Server/kbengine/assets/logs/logger_cellapp.log", "__tag__:__receive_time__": "1786125025", "__tag__:__user_defined_id__": "erce", "__topic__": "", "class": "Creation", "component": "800028", "content": "  S_INFO    cellapp09 1000 800028  [2026-08-08 01:50:24 995] - [Creation(81874755)]:_useSkillBySkillObj: skill:90020011, tgt:81874755, arr:[], False", "entityId": "81874755", "gbId": "", "levelInt": "1000", "logLevel": "S_INFO", "message": ":_useSkillBySkillObj: skill:90020011, tgt:81874755, arr:[], False", "process": "cellapp09", "thredRef": "", "time": "2026-08-08 01:50:24 995"}
{"__tag__:__client_ip__": "8.136.51.6", "__tag__:__hostname__": "game10001", "__tag__:__pack_id__": "5D46BC1D6FF38282-115B", "__tag__:__path__": "/home/fengyan/Server/kbengine/assets/logs/logger_cellapp.log", "__tag__:__receive_time__": "1786125025", "__tag__:__user_defined_id__": "erce", "__topic__": "", "class": "Creation", "component": "800028", "content": "  S_INFO    cellapp09 1000 800028  [2026-08-08 01:50:24 998] - [Creation(81874757)]:_useSkillBySkillObj: skill:90010026, tgt:81874757, arr:[], False", "entityId": "81874757", "gbId": "", "levelInt": "1000", "logLevel": "S_INFO", "message": ":_useSkillBySkillObj: skill:90010026, tgt:81874757, arr:[], False", "process": "cellapp09", "thredRef": "", "time": "2026-08-08 01:50:24 998"}
{"__tag__:__client_ip__": "8.136.51.6", "__tag__:__hostname__": "game10001", "__tag__:__pack_id__": "5D46BC1D6FF38282-115B", "__tag__:__path__": "/home/fengyan/Server/kbengine/assets/logs/logger_cellapp.log", "__tag__:__receive_time__": "1786125025", "__tag__:__user_defined_id__": "erce", "__topic__": "", "class": "Monster", "component": "800028", "content": "  S_WARN    cellapp09 1000 800028  [2026-08-08 01:50:24 998] - [Monster(81874621)]:goDie 11688 1 90010026 False", "entityId": "81874621", "gbId": "", "levelInt": "1000", "logLevel": "S_WARN", "message": ":goDie 11688 1 90010026 False", "process": "cellapp09", "thredRef": "", "time": "2026-08-08 01:50:24 998"}

===== [2026-08-11 17:19:27] query='' range=2026-08-08 01:50:25 ~ 2026-08-08 01:55:25 page=2 =====
{"__tag__:__client_ip__": "8.136.51.6", "__tag__:__hostname__": "game10001", "__tag__:__pack_id__": "5D46BC1D6FF38282-115B", "__tag__:__path__": "/home/fengyan/Server/kbengine/assets/logs/logger_cellapp.log", "__tag__:__receive_time__": "1786125025", "__tag__:__user_defined_id__": "erce", "__topic__": "", "class": "Monster", "component": "800013", "content": "  S_INFO    cellapp32 1000 800013  [2026-08-08 01:50:24 990] - [Monster(81854213)]:isFirstBloodRewardMonster False (1,)", "entityId": "81854213", "gbId": "", "levelInt": "1000", "logLevel": "S_INFO", "message": ":isFirstBloodRewardMonster False (1,)", "process": "cellapp32", "thredRef": "", "time": "2026-08-08 01:50:24 990"}
{"__tag__:__client_ip__": "8.136.51.6", "__tag__:__hostname__": "game10001", "__tag__:__pack_id__": "5D46BC1D6FF38282-115B", "__tag__:__path__": "/home/fengyan/Server/kbengine/assets/logs/logger_cellapp.log", "__tag__:__receive_time__": "1786125025", "__tag__:__user_defined_id__": "erce", "__topic__": "", "class": "Monster", "component": "800013", "content": "  S_INFO    cellapp32 1000 800013  [2026-08-08 01:50:24 990] - [Monster(81854213)]:on create 19010000 19010026001 11310113 0 Vector3(428.9837, 11.7072, 547.6874), ref=true", "entityId": "81854213", "gbId": "", "levelInt": "1000", "logLevel": "S_INFO", "message": ":on create 19010000 19010026001 11310113 0 Vector3(428.9837, 11.7072, 547.6874), ref=true", "process": "cellapp32", "thredRef": "", "time": "2026-08-08 01:50:24 990"}
{"__tag__:__client_ip__": "8.136.51.6", "__tag__:__hostname__": "game10001", "__tag__:__pack_id__": "5D46BC1D6FF38282-115B", "__tag__:__path__": "/home/fengyan/Server/kbengine/assets/logs/logger_cellapp.log", "__tag__:__receive_time__": "1786125025", "__tag__:__user_defined_id__": "erce", "__topic__": "", "class": "Creation", "component": "800013", "content": "  S_INFO    cellapp32 1000 800013  [2026-08-08 01:50:24 991] - [Creation(81854188)]:_useSkillBySkillObj: skill:90010026, tgt:81854188, arr:[], False", "entityId": "81854188", "gbId": "", "levelInt": "1000", "logLevel": "S_INFO", "message": ":_useSkillBySkillObj: skill:90010026, tgt:81854188, arr:[], False", "process": "cellapp32", "thredRef": "", "time": "2026-08-08 01:50:24 991"}
{"__tag__:__client_ip__": "8.136.51.6", "__tag__:__hostname__": "game10001", "__tag__:__pack_id__": "5D46BC1D6FF38282-115B", "__tag__:__path__": "/home/fengyan/Server/kbengine/assets/logs/logger_cellapp.log", "__tag__:__receive_time__": "1786125025", "__tag__:__user_defined_id__": "erce", "__topic__": "", "class": "Creation", "component": "800013", "content": "  S_INFO    cellapp32 1000 800013  [2026-08-08 01:50:24 992] - [Creation(81854203)]:_useSkillBySkillObj: skill:90020011, tgt:81854203, arr:[], False", "entityId": "81854203", "gbId": "", "levelInt": "1000", "logLevel": "S_INFO", "message": ":_useSkillBySkillObj: skill:90020011, tgt:81854203, arr:[], False", "process": "cellapp32", "thredRef": "", "time": "2026-08-08 01:50:24 992"}
{"__tag__:__client_ip__": "8.136.51.6", "__tag__:__hostname__": "game10001", "__tag__:__pack_id__": "5D46BC1D6FF38282-115B", "__tag__:__path__": "/home/fengyan/Server/kbengine/assets/logs/logger_cellapp.log", "__tag__:__receive_time__": "1786125025", "__tag__:__user_defined_id__": "erce", "__topic__": "", "class": "Creation", "component": "800013", "content": "  S_INFO    cellapp32 1000 800013  [2026-08-08 01:50:24 993] - [Creation(81854210)]:_useSkillBySkillObj: skill:90010041, tgt:81854210, arr:[], False", "entityId": "81854210", "gbId": "", "levelInt": "1000", "logLevel": "S_INFO", "message": ":_useSkillBySkillObj: skill:90010041, tgt:81854210, arr:[], False", "process": "cellapp32", "thredRef": "", "time": "2026-08-08 01:50:24 993"}
{"__tag__:__client_ip__": "8.136.51.6", "__tag__:__hostname__": "game10001", "__tag__:__pack_id__": "5D46BC1D6FF38282-115B", "__tag__:__path__": "/home/fengyan/Server/kbengine/assets/logs/logger_cellapp.log", "__tag__:__receive_time__": "1786125025", "__tag__:__user_defined_id__": "erce", "__topic__": "", "component": "800026", "content": "    INFO    cellapp07 1000 800026  [2026-08-08 01:50:25 002] - EntityApp::createEntity: new Monster 81848373", "levelInt": "1000", "logLevel": "INFO", "message": "EntityApp::createEntity: new Monster 81848373", "process": "cellapp07", "thredRef": "", "time": "2026-08-08 01:50:25 002"}
{"__tag__:__client_ip__": "8.136.51.6", "__tag__:__hostname__": "game10001", "__tag__:__pack_id__": "5D46BC1D6FF38282-115B", "__tag__:__path__": "/home/fengyan/Server/kbengine/assets/logs/logger_cellapp.log", "__tag__:__receive_time__": "1786125025", "__tag__:__user_defined_id__": "erce", "__topic__": "", "class": "WorldLineSpaceMgr", "component": "800026", "content": "  S_INFO    cellapp07 1000 800026  [2026-08-08 01:50:25 003] - [WorldLineSpaceMgr(32002)]:IShowMapEntityType::addEntity 81848373 ('11310041', 'gid_10100249', 'Monster')", "entityId": "32002", "gbId": "", "levelInt": "1000", "logLevel": "S_INFO", "message": ":IShowMapEntityType::addEntity 81848373 ('11310041', 'gid_10100249', 'Monster')", "process": "cellapp07", "thredRef": "", "time": "2026-08-08 01:50:25 003"}
{"__tag__:__client_ip__": "8.136.51.6", "__tag__:__hostname__": "game10001", "__tag__:__pack_id__": "5D46BC1D6FF38282-115B", "__tag__:__path__": "/home/fengyan/Server/kbengine/assets/logs/logger_cellapp.log", "__tag__:__receive_time__": "1786125025", "__tag__:__user_defined_id__": "erce", "__topic__": "", "class": "Monster", "component": "800026", "content": "  S_INFO    cellapp07 1000 800026  [2026-08-08 01:50:25 003] - [Monster(81848373)]:isFirstBloodRewardMonster False (1,)", "entityId": "81848373", "gbId": "", "levelInt": "1000", "logLevel": "S_INFO", "message": ":isFirstBloodRewardMonster False (1,)", "process": "cellapp07", "thredRef": "", "time": "2026-08-08 01:50:25 003"}
{"__tag__:__client_ip__": "8.136.51.6", "__tag__:__hostname__": "game10001", "__tag__:__pack_id__": "5D46BC1D6FF38282-115B", "__tag__:__path__": "/home/fengyan/Server/kbengine/assets/logs/logger_cellapp.log", "__tag__:__receive_time__": "1786125025", "__tag__:__user_defined_id__": "erce", "__topic__": "", "class": "Monster", "component": "800026", "content": "  S_INFO    cellapp07 1000 800026  [2026-08-08 01:50:25 003] - [Monster(81848373)]:on create 10100000 10100249001 11310041 0 Vector3(547.9740, 9.3262, 285.2632), ref=true", "entityId": "81848373", "gbId": "", "levelInt": "1000", "logLevel": "S_INFO", "message": ":on create 10100000 10100249001 11310041 0 Vector3(547.9740, 9.3262, 285.2632), ref=true", "process": "cellapp07", "thredRef": "", "time": "2026-08-08 01:50:25 003"}
{"__tag__:__client_ip__": "8.136.51.6", "__tag__:__hostname__": "game10001", "__tag__:__pack_id__": "5D46BC1D6FF38282-115B", "__tag__:__path__": "/home/fengyan/Server/kbengine/assets/logs/logger_cellapp.log", "__tag__:__receive_time__": "1786125025", "__tag__:__user_defined_id__": "erce", "__topic__": "", "class": "Avatar", "component": "800026", "content": "  S_INFO    cellapp07 1000 800026  [2026-08-08 01:50:25 006] - [Avatar(19784-2815091073950626645)]:_useSkillBySkillObj: skill:90010001, tgt:81848291, arr:[0.9027193188667297, 0.0, 0.43022990226745605], True", "entityId": "19784", "gbId": "2815091073950626645", "levelInt": "1000", "logLevel": "S_INFO", "message": ":_useSkillBySkillObj: skill:90010001, tgt:81848291, arr:[0.9027193188667297, 0.0, 0.43022990226745605], True", "process": "cellapp07", "thredRef": "", "time": "2026-08-08 01:50:25 006"}
{"__tag__:__client_ip__": "8.136.51.6", "__tag__:__hostname__": "game10001", "__tag__:__pack_id__": "5D46BC1D6FF38282-115B", "__tag__:__path__": "/home/fengyan/Server/kbengine/assets/logs/logger_cellapp.log", "__tag__:__receive_time__": "1786125025", "__tag__:__user_defined_id__": "erce", "__topic__": "", "component": "800026", "content": "    INFO    cellapp07 1000 800026  [2026-08-08 01:50:25 008] - Creation::onDestroy(): 81848337, entityDBID:0!", "levelInt": "1000", "logLevel": "INFO", "message": "Creation::onDestroy(): 81848337, entityDBID:0!", "process": "cellapp07", "thredRef": "", "time": "2026-08-08 01:50:25 008"}
{"__tag__:__client_ip__": "8.136.51.6", "__tag__:__hostname__": "game10001", "__tag__:__pack_id__": "5D46BC1D6FF38282-115B", "__tag__:__path__": "/home/fengyan/Server/kbengine/assets/logs/logger_cellapp.log", "__tag__:__receive_time__": "1786125025", "__tag__:__user_defined_id__": "erce", "__topic__": "", "class": "Summon", "component": "800026", "content": "  S_INFO    cellapp07 1000 800026  [2026-08-08 01:50:25 009] - [Summon(81553958)]:_useSkillBySkillObj: skill:91001020, tgt:81848190, arr:[-0.5587833523750305, 0.0, -0.8293136954307556], False", "entityId": "81553958", "gbId": "", "levelInt": "1000", "logLevel": "S_INFO", "message": ":_useSkillBySkillObj: skill:91001020, tgt:81848190, arr:[-0.5587833523750305, 0.0, -0.8293136954307556], False", "process": "cellapp07", "thredRef": "", "time": "2026-08-08 01:50:25 009"}
{"__tag__:__client_ip__": "8.136.51.6", "__tag__:__hostname__": "game10001", "__tag__:__pack_id__": "5D46BC1D6FF38282-115B", "__tag__:__path__": "/home/fengyan/Server/kbengine/assets/logs/logger_cellapp.log", "__tag__:__receive_time__": "1786125025", "__tag__:__user_defined_id__": "erce", "__topic__": "", "component": "800026", "content": "    INFO    cellapp07 1000 800026  [2026-08-08 01:50:25 012] - Creation::~Creation(): 81848337", "levelInt": "1000", "logLevel": "INFO", "message": "Creation::~Creation(): 81848337", "process": "cellapp07", "thredRef": "", "time": "2026-08-08 01:50:25 012"}
{"__tag__:__client_ip__": "8.136.51.6", "__tag__:__hostname__": "game10001", "__tag__:__pack_id__": "5D46BC1D6FF38282-115B", "__tag__:__path__": "/home/fengyan/Server/kbengine/assets/logs/logger_cellapp.log", "__tag__:__receive_time__": "1786125025", "__tag__:__user_defined_id__": "erce", "__topic__": "", "class": "Avatar", "component": "800026", "content": "  S_INFO    cellapp07 1000 800026  [2026-08-08 01:50:25 013] - [Avatar(11595467-2815091076442602428)]:doAction 5368377582990000128 30010005 11595467", "entityId": "11595467", "gbId": "2815091076442602428", "levelInt": "1000", "logLevel": "S_INFO", "message": ":doAction 5368377582990000128 30010005 11595467", "process": "cellapp07", "thredRef": "", "time": "2026-08-08 01:50:25 013"}
{"__tag__:__client_ip__": "8.136.51.6", "__tag__:__hostname__": "game10001", "__tag__:__pack_id__": "5D46BC1D6FF38282-115B", "__tag__:__path__": "/home/fengyan/Server/kbengine/assets/logs/logger_cellapp.log", "__tag__:__receive_time__": "1786125025", "__tag__:__user_defined_id__": "erce", "__topic__": "", "class": "Avatar", "component": "800026", "content": "  S_INFO    cellapp07 1000 800026  [2026-08-08 01:50:25 013] - [Avatar(98038-2815091073941678764)]:doAction 5368377582992097280 30010006 98038", "entityId": "98038", "gbId": "2815091073941678764", "levelInt": "1000", "logLevel": "S_INFO", "message": ":doAction 5368377582992097280 30010006 98038", "process": "cellapp07", "thredRef": "", "time": "2026-08-08 01:50:25 013"}
{"__tag__:__client_ip__": "8.136.51.6", "__tag__:__hostname__": "game10001", "__tag__:__pack_id__": "5D46BC1D6FF38282-115B", "__tag__:__path__": "/home/fengyan/Server/kbengine/assets/logs/logger_cellapp.log", "__tag__:__receive_time__": "1786125025", "__tag__:__user_defined_id__": "erce", "__topic__": "", "class": "Avatar", "component": "800026", "content": "  S_INFO    cellapp07 1000 800026  [2026-08-08 01:50:25 013] - [Avatar(23450306-2815091073979707143)]:doAction 5368377582992883712 30010005 23450306", "entityId": "23450306", "gbId": "2815091073979707143", "levelInt": "1000", "logLevel": "S_INFO", "message": ":doAction 5368377582992883712 30010005 23450306", "process": "cellapp07", "thredRef": "", "time": "2026-08-08 01:50:25 013"}
{"__tag__:__client_ip__": "8.136.51.6", "__tag__:__hostname__": "game10001", "__tag__:__pack_id__": "5D46BC1D6FF38282-115B", "__tag__:__path__": "/home/fengyan/Server/kbengine/assets/logs/logger_cellapp.log", "__tag__:__receive_time__": "1786125025", "__tag__:__user_defined_id__": "erce", "__topic__": "", "component": "800010", "content": "    INFO    cellapp40 1000 800010  [2026-08-08 01:50:24 985] - EntityApp::createEntity: new Monster 81811029", "levelInt": "1000", "logLevel": "INFO", "message": "EntityApp::createEntity: new Monster 81811029", "process": "cellapp40", "thredRef": "", "time": "2026-08-08 01:50:24 985"}
{"__tag__:__client_ip__": "8.136.51.6", "__tag__:__hostname__": "game10001", "__tag__:__pack_id__": "5D46BC1D6FF38282-115B", "__tag__:__path__": "/home/fengyan/Server/kbengine/assets/logs/logger_cellapp.log", "__tag__:__receive_time__": "1786125025", "__tag__:__user_defined_id__": "erce", "__topic__": "", "class": "WorldLineSpaceMgr", "component": "800010", "content": "  S_INFO    cellapp40 1000 800010  [2026-08-08 01:50:24 985] - [WorldLineSpaceMgr(138001)]:IShowMapEntityType::addEntity 81811029 ('11235121', 'gid_19090623', 'Monster')", "entityId": "138001", "gbId": "", "levelInt": "1000", "logLevel": "S_INFO", "message": ":IShowMapEntityType::addEntity 81811029 ('11235121', 'gid_19090623', 'Monster')", "process": "cellapp40", "thredRef": "", "time": "2026-08-08 01:50:24 985"}
{"__tag__:__client_ip__": "8.136.51.6", "__tag__:__hostname__": "game10001", "__tag__:__pack_id__": "5D46BC1D6FF38282-115B", "__tag__:__path__": "/home/fengyan/Server/kbengine/assets/logs/logger_cellapp.log", "__tag__:__receive_time__": "1786125025", "__tag__:__user_defined_id__": "erce", "__topic__": "", "class": "Monster", "component": "800010", "content": "  S_INFO    cellapp40 1000 800010  [2026-08-08 01:50:24 985] - [Monster(81811029)]:isFirstBloodRewardMonster False (1,)", "entityId": "81811029", "gbId": "", "levelInt": "1000", "logLevel": "S_INFO", "message": ":isFirstBloodRewardMonster False (1,)", "process": "cellapp40", "thredRef": "", "time": "2026-08-08 01:50:24 985"}
{"__tag__:__client_ip__": "8.136.51.6", "__tag__:__hostname__": "game10001", "__tag__:__pack_id__": "5D46BC1D6FF38282-115B", "__tag__:__path__": "/home/fengyan/Server/kbengine/assets/logs/logger_cellapp.log", "__tag__:__receive_time__": "1786125025", "__tag__:__user_defined_id__": "erce", "__topic__": "", "class": "Monster", "component": "800010", "content": "  S_INFO    cellapp40 1000 800010  [2026-08-08 01:50:24 986] - [Monster(81811029)]:on create 19090000 19090623001 11235121 0 Vector3(322.3359, 122.6742, 264.4652), ref=true", "entityId": "81811029", "gbId": "", "levelInt": "1000", "logLevel": "S_INFO", "message": ":on create 19090000 19090623001 11235121 0 Vector3(322.3359, 122.6742, 264.4652), ref=true", "process": "cellapp40", "thredRef": "", "time": "2026-08-08 01:50:24 986"}
{"__tag__:__client_ip__": "8.136.51.6", "__tag__:__hostname__": "game10001", "__tag__:__pack_id__": "5D46BC1D6FF38282-115B", "__tag__:__path__": "/home/fengyan/Server/kbengine/assets/logs/logger_cellapp.log", "__tag__:__receive_time__": "1786125025", "__tag__:__user_defined_id__": "erce", "__topic__": "", "class": "WorldLineSpaceMgr", "component": "800010", "content": "  S_INFO    cellapp40 1000 800010  [2026-08-08 01:50:24 986] - [WorldLineSpaceMgr(138001)]:IShowMapEntityType::removeEntById 81810881", "entityId": "138001", "gbId": "", "levelInt": "1000", "logLevel": "S_INFO", "message": ":IShowMapEntityType::removeEntById 81810881", "process": "cellapp40", "thredRef": "", "time": "2026-08-08 01:50:24 986"}
{"__tag__:__client_ip__": "8.136.51.6", "__tag__:__hostname__": "game10001", "__tag__:__pack_id__": "5D46BC1D6FF38282-115B", "__tag__:__path__": "/home/fengyan/Server/kbengine/assets/logs/logger_cellapp.log", "__tag__:__receive_time__": "1786125025", "__tag__:__user_defined_id__": "erce", "__topic__": "", "component": "800010", "content": "    INFO    cellapp40 1000 800010  [2026-08-08 01:50:24 986] - Monster::onDestroy(): 81810881, entityDBID:0!", "levelInt": "1000", "logLevel": "INFO", "message": "Monster::onDestroy(): 81810881, entityDBID:0!", "process": "cellapp40", "thredRef": "", "time": "2026-08-08 01:50:24 986"}
{"__tag__:__client_ip__": "8.136.51.6", "__tag__:__hostname__": "game10001", "__tag__:__pack_id__": "5D46BC1D6FF38282-115B", "__tag__:__path__": "/home/fengyan/Server/kbengine/assets/logs/logger_cellapp.log", "__tag__:__receive_time__": "1786125025", "__tag__:__user_defined_id__": "erce", "__topic__": "", "class": "Avatar", "component": "800010", "content": "  S_INFO    cellapp40 1000 800010  [2026-08-08 01:50:24 988] - [Avatar(21540968-2815091075512026180)]:_useSkillBySkillObj: skill:90010001, tgt:81810584, arr:[-0.802570641040802, 0.0, 0.5965570211410522], True", "entityId": "21540968", "gbId": "2815091075512026180", "levelInt": "1000", "logLevel": "S_INFO", "message": ":_useSkillBySkillObj: skill:90010001, tgt:81810584, arr:[-0.802570641040802, 0.0, 0.5965570211410522], True", "process": "cellapp40", "thredRef": "", "time": "2026-08-08 01:50:24 988"}
{"__tag__:__client_ip__": "8.136.51.6", "__tag__:__hostname__": "game10001", "__tag__:__pack_id__": "5D46BC1D6FF38282-115B", "__tag__:__path__": "/home/fengyan/Server/kbengine/assets/logs/logger_cellapp.log", "__tag__:__receive_time__": "1786125025", "__tag__:__user_defined_id__": "erce", "__topic__": "", "class": "Avatar", "component": "800010", "content": "  S_INFO    cellapp40 1000 800010  [2026-08-08 01:50:24 989] - [Avatar(3844-2815091074386834228)]:_useSkillBySkillObj: skill:90030020, tgt:81810995, arr:[-0.13808824121952057, 0.0, 0.9904199838638306], True", "entityId": "3844", "gbId": "2815091074386834228", "levelInt": "1000", "logLevel": "S_INFO", "message": ":_useSkillBySkillObj: skill:90030020, tgt:81810995, arr:[-0.13808824121952057, 0.0, 0.9904199838638306], True", "process": "cellapp40", "thredRef": "", "time": "2026-08-08 01:50:24 989"}
{"__tag__:__client_ip__": "8.136.51.6", "__tag__:__hostname__": "game10001", "__tag__:__pack_id__": "5D46BC1D6FF38282-115B", "__tag__:__path__": "/home/fengyan/Server/kbengine/assets/logs/logger_cellapp.log", "__tag__:__receive_time__": "1786125025", "__tag__:__user_defined_id__": "erce", "__topic__": "", "class": "Avatar", "component": "800010", "content": "  S_INFO    cellapp40 1000 800010  [2026-08-08 01:50:24 990] - [Avatar(127827-2815091073966285357)]:_useSkillBySkillObj: skill:90020001, tgt:81810967, arr:[0.996080219745636, 0.0, -0.08845404535531998], True", "entityId": "127827", "gbId": "2815091073966285357", "levelInt": "1000", "logLevel": "S_INFO", "message": ":_useSkillBySkillObj: skill:90020001, tgt:81810967, arr:[0.996080219745636, 0.0, -0.08845404535531998], True", "process": "cellapp40", "thredRef": "", "time": "2026-08-08 01:50:24 990"}
{"__tag__:__client_ip__": "8.136.51.6", "__tag__:__hostname__": "game10001", "__tag__:__pack_id__": "5D46BC1D6FF38282-115B", "__tag__:__path__": "/home/fengyan/Server/kbengine/assets/logs/logger_cellapp.log", "__tag__:__receive_time__": "1786125025", "__tag__:__user_defined_id__": "erce", "__topic__": "", "component": "800010", "content": "    INFO    cellapp40 1000 800010  [2026-08-08 01:50:24 991] - Monster::~Monster(): 81810881", "levelInt": "1000", "logLevel": "INFO", "message": "Monster::~Monster(): 81810881", "process": "cellapp40", "thredRef": "", "time": "2026-08-08 01:50:24 991"}
{"__tag__:__client_ip__": "8.136.51.6", "__tag__:__hostname__": "game10001", "__tag__:__pack_id__": "5D46BC1D6FF38282-115B", "__tag__:__path__": "/home/fengyan/Server/kbengine/assets/logs/logger_cellapp.log", "__tag__:__receive_time__": "1786125025", "__tag__:__user_defined_id__": "erce", "__topic__": "", "class": "Avatar", "component": "800002", "content": "  S_INFO    cellapp33 1000 800002  [2026-08-08 01:50:24 978] - [Avatar(22818414-2815091080849417831)]:_useSkillBySkillObj: skill:90010001, tgt:81861178, arr:[-0.32607752084732056, 0.0, 0.9453430771827698], True", "entityId": "22818414", "gbId": "2815091080849417831", "levelInt": "1000", "logLevel": "S_INFO", "message": ":_useSkillBySkillObj: skill:90010001, tgt:81861178, arr:[-0.32607752084732056, 0.0, 0.9453430771827698], True", "process": "cellapp33", "thredRef": "", "time": "2026-08-08 01:50:24 978"}
{"__tag__:__client_ip__": "8.136.51.6", "__tag__:__hostname__": "game10001", "__tag__:__pack_id__": "5D46BC1D6FF38282-115B", "__tag__:__path__": "/home/fengyan/Server/kbengine/assets/logs/logger_cellapp.log", "__tag__:__receive_time__": "1786125025", "__tag__:__user_defined_id__": "erce", "__topic__": "", "class": "Avatar", "component": "800002", "content": "  S_INFO    cellapp33 1000 800002  [2026-08-08 01:50:24 979] - [Avatar(87832-2815091084437505091)]:_useSkillBySkillObj: skill:90010065, tgt:81861275, arr:[0.5447229146957397, 0.0, 0.8386161923408508], True", "entityId": "87832", "gbId": "2815091084437505091", "levelInt": "1000", "logLevel": "S_INFO", "message": ":_useSkillBySkillObj: skill:90010065, tgt:81861275, arr:[0.5447229146957397, 0.0, 0.8386161923408508], True", "process": "cellapp33", "thredRef": "", "time": "2026-08-08 01:50:24 979"}
{"__tag__:__client_ip__": "8.136.51.6", "__tag__:__hostname__": "game10001", "__tag__:__pack_id__": "5D46BC1D6FF38282-115B", "__tag__:__path__": "/home/fengyan/Server/kbengine/assets/logs/logger_cellapp.log", "__tag__:__receive_time__": "1786125025", "__tag__:__user_defined_id__": "erce", "__topic__": "", "component": "800002", "content": "    INFO    cellapp33 1000 800002  [2026-08-08 01:50:24 981] - EntityApp::createEntity: new Monster 81861394", "levelInt": "1000", "logLevel": "INFO", "message": "EntityApp::createEntity: new Monster 81861394", "process": "cellapp33", "thredRef": "", "time": "2026-08-08 01:50:24 981"}
{"__tag__:__client_ip__": "8.136.51.6", "__tag__:__hostname__": "game10001", "__tag__:__pack_id__": "5D46BC1D6FF38282-115B", "__tag__:__path__": "/home/fengyan/Server/kbengine/assets/logs/logger_cellapp.log", "__tag__:__receive_time__": "1786125025", "__tag__:__user_defined_id__": "erce", "__topic__": "", "class": "WorldLineSpaceMgr", "component": "800002", "content": "  S_INFO    cellapp33 1000 800002  [2026-08-08 01:50:24 982] - [WorldLineSpaceMgr(116001)]:IShowMapEntityType::addEntity 81861394 ('11240147', 'gid_19020689', 'Monster')", "entityId": "116001", "gbId": "", "levelInt": "1000", "logLevel": "S_INFO", "message": ":IShowMapEntityType::addEntity 81861394 ('11240147', 'gid_19020689', 'Monster')", "process": "cellapp33", "thredRef": "", "time": "2026-08-08 01:50:24 982"}
{"__tag__:__client_ip__": "8.136.51.6", "__tag__:__hostname__": "game10001", "__tag__:__pack_id__": "5D46BC1D6FF38282-115B", "__tag__:__path__": "/home/fengyan/Server/kbengine/assets/logs/logger_cellapp.log", "__tag__:__receive_time__": "1786125025", "__tag__:__user_defined_id__": "erce", "__topic__": "", "class": "Monster", "component": "800002", "content": "  S_INFO    cellapp33 1000 800002  [2026-08-08 01:50:24 982] - [Monster(81861394)]:isFirstBloodRewardMonster False (1,)", "entityId": "81861394", "gbId": "", "levelInt": "1000", "logLevel": "S_INFO", "message": ":isFirstBloodRewardMonster False (1,)", "process": "cellapp33", "thredRef": "", "time": "2026-08-08 01:50:24 982"}
{"__tag__:__client_ip__": "8.136.51.6", "__tag__:__hostname__": "game10001", "__tag__:__pack_id__": "5D46BC1D6FF38282-115B", "__tag__:__path__": "/home/fengyan/Server/kbengine/assets/logs/logger_cellapp.log", "__tag__:__receive_time__": "1786125025", "__tag__:__user_defined_id__": "erce", "__topic__": "", "class": "Monster", "component": "800002", "content": "  S_INFO    cellapp33 1000 800002  [2026-08-08 01:50:24 982] - [Monster(81861394)]:on create 19020000 19020689001 11240147 0 Vector3(388.7732, 151.6133, 192.3898), ref=true", "entityId": "81861394", "gbId": "", "levelInt": "1000", "logLevel": "S_INFO", "message": ":on create 19020000 19020689001 11240147 0 Vector3(388.7732, 151.6133, 192.3898), ref=true", "process": "cellapp33", "thredRef": "", "time": "2026-08-08 01:50:24 982"}
{"__tag__:__client_ip__": "8.136.51.6", "__tag__:__hostname__": "game10001", "__tag__:__pack_id__": "5D46BC1D6FF38282-115B", "__tag__:__path__": "/home/fengyan/Server/kbengine/assets/logs/logger_cellapp.log", "__tag__:__receive_time__": "1786125025", "__tag__:__user_defined_id__": "erce", "__topic__": "", "class": "Monster", "component": "800002", "content": "  S_INFO    cellapp33 1000 800002  [2026-08-08 01:50:24 983] - [Monster(81861144)]:_useSkillBySkillObj: skill:91000621, tgt:41227, arr:[-0.7626436948776245, 0.0, -0.6468188762664795], False", "entityId": "81861144", "gbId": "", "levelInt": "1000", "logLevel": "S_INFO", "message": ":_useSkillBySkillObj: skill:91000621, tgt:41227, arr:[-0.7626436948776245, 0.0, -0.6468188762664795], False", "process": "cellapp33", "thredRef": "", "time": "2026-08-08 01:50:24 983"}
{"__tag__:__client_ip__": "8.136.51.6", "__tag__:__hostname__": "game10001", "__tag__:__pack_id__": "5D46BC1D6FF38282-115B", "__tag__:__path__": "/home/fengyan/Server/kbengine/assets/logs/logger_cellapp.log", "__tag__:__receive_time__": "1786125025", "__tag__:__user_defined_id__": "erce", "__topic__": "", "class": "Summon", "component": "800002", "content": "  S_INFO    cellapp33 1000 800002  [2026-08-08 01:50:24 984] - [Summon(81861221)]:_useSkillBySkillObj: skill:91001025, tgt:81861233, arr:[0.6874026656150818, 0.0, 0.7262763381004333], False", "entityId": "81861221", "gbId": "", "levelInt": "1000", "logLevel": "S_INFO", "message": ":_useSkillBySkillObj: skill:91001025, tgt:81861233, arr:[0.6874026656150818, 0.0, 0.7262763381004333], False", "process": "cellapp33", "thredRef": "", "time": "2026-08-08 01:50:24 984"}
{"__tag__:__client_ip__": "8.136.51.6", "__tag__:__hostname__": "game10001", "__tag__:__pack_id__": "5D46BC1D6FF38282-115B", "__tag__:__path__": "/home/fengyan/Server/kbengine/assets/logs/logger_cellapp.log", "__tag__:__receive_time__": "1786125025", "__tag__:__user_defined_id__": "erce", "__topic__": "", "class": "Monster", "component": "800002", "content": "  S_INFO    cellapp33 1000 800002  [2026-08-08 01:50:24 984] - [Monster(81861193)]:_useSkillBySkillObj: skill:91000621, tgt:23450527, arr:[-0.8277103900909424, 0.0, 0.5611554980278015], False", "entityId": "81861193", "gbId": "", "levelInt": "1000", "logLevel": "S_INFO", "message": ":_useSkillBySkillObj: skill:91000621, tgt:23450527, arr:[-0.8277103900909424, 0.0, 0.5611554980278015], False", "process": "cellapp33", "thredRef": "", "time": "2026-08-08 01:50:24 984"}
{"__tag__:__client_ip__": "8.136.51.6", "__tag__:__hostname__": "game10001", "__tag__:__pack_id__": "5D46BC1D6FF38282-115B", "__tag__:__path__": "/home/fengyan/Server/kbengine/assets/logs/logger_cellapp.log", "__tag__:__receive_time__": "1786125025", "__tag__:__user_defined_id__": "erce", "__topic__": "", "class": "WorldLineSpaceMgr", "component": "800002", "content": "  S_INFO    cellapp33 1000 800002  [2026-08-08 01:50:24 985] - [WorldLineSpaceMgr(116001)]:IShowMapEntityType::removeEntById 81861092", "entityId": "116001", "gbId": "", "levelInt": "1000", "logLevel": "S_INFO", "message": ":IShowMapEntityType::removeEntById 81861092", "process": "cellapp33", "thredRef": "", "time": "2026-08-08 01:50:24 985"}
{"__tag__:__client_ip__": "8.136.51.6", "__tag__:__hostname__": "game10001", "__tag__:__pack_id__": "5D46BC1D6FF38282-115B", "__tag__:__path__": "/home/fengyan/Server/kbengine/assets/logs/logger_cellapp.log", "__tag__:__receive_time__": "1786125025", "__tag__:__user_defined_id__": "erce", "__topic__": "", "component": "800002", "content": "    INFO    cellapp33 1000 800002  [2026-08-08 01:50:24 985] - Monster::onDestroy(): 81861092, entityDBID:0!", "levelInt": "1000", "logLevel": "INFO", "message": "Monster::onDestroy(): 81861092, entityDBID:0!", "process": "cellapp33", "thredRef": "", "time": "2026-08-08 01:50:24 985"}
{"__tag__:__client_ip__": "8.136.51.6", "__tag__:__hostname__": "game10001", "__tag__:__pack_id__": "5D46BC1D6FF38282-115B", "__tag__:__path__": "/home/fengyan/Server/kbengine/assets/logs/logger_cellapp.log", "__tag__:__receive_time__": "1786125025", "__tag__:__user_defined_id__": "erce", "__topic__": "", "class": "WorldLineSpaceMgr", "component": "800002", "content": "  S_INFO    cellapp33 1000 800002  [2026-08-08 01:50:24 985] - [WorldLineSpaceMgr(116001)]:IShowMapEntityType::removeEntById 81861177", "entityId": "116001", "gbId": "", "levelInt": "1000", "logLevel": "S_INFO", "message": ":IShowMapEntityType::removeEntById 81861177", "process": "cellapp33", "thredRef": "", "time": "2026-08-08 01:50:24 985"}
{"__tag__:__client_ip__": "8.136.51.6", "__tag__:__hostname__": "game10001", "__tag__:__pack_id__": "5D46BC1D6FF38282-115B", "__tag__:__path__": "/home/fengyan/Server/kbengine/assets/logs/logger_cellapp.log", "__tag__:__receive_time__": "1786125025", "__tag__:__user_defined_id__": "erce", "__topic__": "", "component": "800002", "content": "    INFO    cellapp33 1000 800002  [2026-08-08 01:50:24 985] - Monster::onDestroy(): 81861177, entityDBID:0!", "levelInt": "1000", "logLevel": "INFO", "message": "Monster::onDestroy(): 81861177, entityDBID:0!", "process": "cellapp33", "thredRef": "", "time": "2026-08-08 01:50:24 985"}
{"__tag__:__client_ip__": "8.136.51.6", "__tag__:__hostname__": "game10001", "__tag__:__pack_id__": "5D46BC1D6FF38282-115B", "__tag__:__path__": "/home/fengyan/Server/kbengine/assets/logs/logger_cellapp.log", "__tag__:__receive_time__": "1786125025", "__tag__:__user_defined_id__": "erce", "__topic__": "", "class": "Creation", "component": "800002", "content": "  S_INFO    cellapp33 1000 800002  [2026-08-08 01:50:24 986] - [Creation(81861315)]:_useSkillBySkillObj: skill:90010026, tgt:81861315, arr:[], False", "entityId": "81861315", "gbId": "", "levelInt": "1000", "logLevel": "S_INFO", "message": ":_useSkillBySkillObj: skill:90010026, tgt:81861315, arr:[], False", "process": "cellapp33", "thredRef": "", "time": "2026-08-08 01:50:24 986"}
{"__tag__:__client_ip__": "8.136.51.6", "__tag__:__hostname__": "game10001", "__tag__:__pack_id__": "5D46BC1D6FF38282-115B", "__tag__:__path__": "/home/fengyan/Server/kbengine/assets/logs/logger_cellapp.log", "__tag__:__receive_time__": "1786125025", "__tag__:__user_defined_id__": "erce", "__topic__": "", "class": "WorldLineSpaceMgr", "component": "800002", "content": "  S_INFO    cellapp33 1000 800002  [2026-08-08 01:50:24 986] - [WorldLineSpaceMgr(116001)]:IShowMapEntityType::removeEntById 81860719", "entityId": "116001", "gbId": "", "levelInt": "1000", "logLevel": "S_INFO", "message": ":IShowMapEntityType::removeEntById 81860719", "process": "cellapp33", "thredRef": "", "time": "2026-08-08 01:50:24 986"}
{"__tag__:__client_ip__": "8.136.51.6", "__tag__:__hostname__": "game10001", "__tag__:__pack_id__": "5D46BC1D6FF38282-115B", "__tag__:__path__": "/home/fengyan/Server/kbengine/assets/logs/logger_cellapp.log", "__tag__:__receive_time__": "1786125025", "__tag__:__user_defined_id__": "erce", "__topic__": "", "component": "800002", "content": "    INFO    cellapp33 1000 800002  [2026-08-08 01:50:24 986] - Monster::onDestroy(): 81860719, entityDBID:0!", "levelInt": "1000", "logLevel": "INFO", "message": "Monster::onDestroy(): 81860719, entityDBID:0!", "process": "cellapp33", "thredRef": "", "time": "2026-08-08 01:50:24 986"}
{"__tag__:__client_ip__": "8.136.51.6", "__tag__:__hostname__": "game10001", "__tag__:__pack_id__": "5D46BC1D6FF38282-115B", "__tag__:__path__": "/home/fengyan/Server/kbengine/assets/logs/logger_cellapp.log", "__tag__:__receive_time__": "1786125025", "__tag__:__user_defined_id__": "erce", "__topic__": "", "class": "WorldLineSpaceMgr", "component": "800002", "content": "  S_INFO    cellapp33 1000 800002  [2026-08-08 01:50:24 987] - [WorldLineSpaceMgr(116001)]:IShowMapEntityType::removeEntById 81860295", "entityId": "116001", "gbId": "", "levelInt": "1000", "logLevel": "S_INFO", "message": ":IShowMapEntityType::removeEntById 81860295", "process": "cellapp33", "thredRef": "", "time": "2026-08-08 01:50:24 987"}
{"__tag__:__client_ip__": "8.136.51.6", "__tag__:__hostname__": "game10001", "__tag__:__pack_id__": "5D46BC1D6FF38282-115B", "__tag__:__path__": "/home/fengyan/Server/kbengine/assets/logs/logger_cellapp.log", "__tag__:__receive_time__": "1786125025", "__tag__:__user_defined_id__": "erce", "__topic__": "", "component": "800002", "content": "    INFO    cellapp33 1000 800002  [2026-08-08 01:50:24 987] - Monster::onDestroy(): 81860295, entityDBID:0!", "levelInt": "1000", "logLevel": "INFO", "message": "Monster::onDestroy(): 81860295, entityDBID:0!", "process": "cellapp33", "thredRef": "", "time": "2026-08-08 01:50:24 987"}
{"__tag__:__client_ip__": "8.136.51.6", "__tag__:__hostname__": "game10001", "__tag__:__pack_id__": "5D46BC1D6FF38282-115B", "__tag__:__path__": "/home/fengyan/Server/kbengine/assets/logs/logger_cellapp.log", "__tag__:__receive_time__": "1786125025", "__tag__:__user_defined_id__": "erce", "__topic__": "", "class": "WorldLineSpaceMgr", "component": "800002", "content": "  S_INFO    cellapp33 1000 800002  [2026-08-08 01:50:24 987] - [WorldLineSpaceMgr(116001)]:IShowMapEntityType::removeEntById 81860942", "entityId": "116001", "gbId": "", "levelInt": "1000", "logLevel": "S_INFO", "message": ":IShowMapEntityType::removeEntById 81860942", "process": "cellapp33", "thredRef": "", "time": "2026-08-08 01:50:24 987"}
{"__tag__:__client_ip__": "8.136.51.6", "__tag__:__hostname__": "game10001", "__tag__:__pack_id__": "5D46BC1D6FF38282-115B", "__tag__:__path__": "/home/fengyan/Server/kbengine/assets/logs/logger_cellapp.log", "__tag__:__receive_time__": "1786125025", "__tag__:__user_defined_id__": "erce", "__topic__": "", "component": "800002", "content": "    INFO    cellapp33 1000 800002  [2026-08-08 01:50:24 987] - Monster::onDestroy(): 81860942, entityDBID:0!", "levelInt": "1000", "logLevel": "INFO", "message": "Monster::onDestroy(): 81860942, entityDBID:0!", "process": "cellapp33", "thredRef": "", "time": "2026-08-08 01:50:24 987"}
{"__tag__:__client_ip__": "8.136.51.6", "__tag__:__hostname__": "game10001", "__tag__:__pack_id__": "5D46BC1D6FF38282-115B", "__tag__:__path__": "/home/fengyan/Server/kbengine/assets/logs/logger_cellapp.log", "__tag__:__receive_time__": "1786125025", "__tag__:__user_defined_id__": "erce", "__topic__": "", "component": "800002", "content": "    INFO    cellapp33 1000 800002  [2026-08-08 01:50:24 990] - EntityApp::createEntity: new Creation 81861395", "levelInt": "1000", "logLevel": "INFO", "message": "EntityApp::createEntity: new Creation 81861395", "process": "cellapp33", "thredRef": "", "time": "2026-08-08 01:50:24 990"}
{"__tag__:__client_ip__": "8.136.51.6", "__tag__:__hostname__": "game10001", "__tag__:__pack_id__": "5D46BC1D6FF38282-115B", "__tag__:__path__": "/home/fengyan/Server/kbengine/assets/logs/logger_cellapp.log", "__tag__:__receive_time__": "1786125025", "__tag__:__user_defined_id__": "erce", "__topic__": "", "class": "WorldLineSpaceMgr", "component": "800002", "content": "  S_INFO    cellapp33 1000 800002  [2026-08-08 01:50:24 990] - [WorldLineSpaceMgr(116001)]:IShowMapEntityType::addEntity 81861395 ('65000015', 'Creation')", "entityId": "116001", "gbId": "", "levelInt": "1000", "logLevel": "S_INFO", "message": ":IShowMapEntityType::addEntity 81861395 ('65000015', 'Creation')", "process": "cellapp33", "thredRef": "", "time": "2026-08-08 01:50:24 990"}
{"__tag__:__client_ip__": "8.136.51.6", "__tag__:__hostname__": "game10001", "__tag__:__pack_id__": "5D46BC1D6FF38282-115B", "__tag__:__path__": "/home/fengyan/Server/kbengine/assets/logs/logger_cellapp.log", "__tag__:__receive_time__": "1786125025", "__tag__:__user_defined_id__": "erce", "__topic__": "", "class": "Creation", "component": "800002", "content": "  S_INFO    cellapp33 1000 800002  [2026-08-08 01:50:24 991] - [Creation(81861375)]:_useSkillBySkillObj: skill:90020011, tgt:81861375, arr:[], False", "entityId": "81861375", "gbId": "", "levelInt": "1000", "logLevel": "S_INFO", "message": ":_useSkillBySkillObj: skill:90020011, tgt:81861375, arr:[], False", "process": "cellapp33", "thredRef": "", "time": "2026-08-08 01:50:24 991"}
{"__tag__:__client_ip__": "8.136.51.6", "__tag__:__hostname__": "game10001", "__tag__:__pack_id__": "5D46BC1D6FF38282-115B", "__tag__:__path__": "/home/fengyan/Server/kbengine/assets/logs/logger_cellapp.log", "__tag__:__receive_time__": "1786125025", "__tag__:__user_defined_id__": "erce", "__topic__": "", "class": "Avatar", "component": "800002", "content": "  S_INFO    cellapp33 1000 800002  [2026-08-08 01:50:24 994] - [Avatar(104087-2815091073995365893)]:_useSkillBySkillObj: skill:90010055, tgt:81861230, arr:[0.1685318797826767, 0.0, 0.9856961369514465, 366.03143310546875, 113.87921142578125, 139.92384338378906], True", "entityId": "104087", "gbId": "2815091073995365893", "levelInt": "1000", "logLevel": "S_INFO", "message": ":_useSkillBySkillObj: skill:90010055, tgt:81861230, arr:[0.1685318797826767, 0.0, 0.9856961369514465, 366.03143310546875, 113.87921142578125, 139.92384338378906], True", "process": "cellapp33", "thredRef": "", "time": "2026-08-08 01:50:24 994"}

===== [2026-08-11 19:47:46] query='changeToGhost and 114073' range=2026-08-08 01:50:25 ~ 2026-08-08 01:55:25 page=1 =====
{"__tag__:__client_ip__": "8.136.51.6", "__tag__:__hostname__": "game10001", "__tag__:__pack_id__": "5D46BC1D6FF38282-11BB", "__tag__:__path__": "/home/fengyan/Server/kbengine/assets/logs/logger_cellapp.log", "__tag__:__receive_time__": "1786125056", "__tag__:__user_defined_id__": "erce", "__topic__": "", "component": "800028", "content": "   DEBUG    cellapp09 1000 800028  [2026-08-08 01:50:56 423] - Avatar::changeToGhost(): 114073, realCell=800001, spaceID=1720, position=(572.896,128.893,164.792).", "levelInt": "1000", "logLevel": "DEBUG", "message": "Avatar::changeToGhost(): 114073, realCell=800001, spaceID=1720, position=(572.896,128.893,164.792).", "process": "cellapp09", "thredRef": "", "time": "2026-08-08 01:50:56 423"}
{"__tag__:__client_ip__": "8.136.51.6", "__tag__:__hostname__": "game10001", "__tag__:__pack_id__": "5D46BC1D6FF38282-11EA", "__tag__:__path__": "/home/fengyan/Server/kbengine/assets/logs/logger_cellapp.log", "__tag__:__receive_time__": "1786125072", "__tag__:__user_defined_id__": "erce", "__topic__": "", "component": "800001", "content": "   DEBUG    cellapp02 1000 800001  [2026-08-08 01:51:12 254] - Avatar::changeToGhost(): 114073, realCell=800005, spaceID=1710, position=(296.832,0.419343,248.537).", "levelInt": "1000", "logLevel": "DEBUG", "message": "Avatar::changeToGhost(): 114073, realCell=800005, spaceID=1710, position=(296.832,0.419343,248.537).", "process": "cellapp02", "thredRef": "", "time": "2026-08-08 01:51:12 254"}
{"__tag__:__client_ip__": "8.136.51.6", "__tag__:__hostname__": "game10001", "__tag__:__pack_id__": "5D46BC1D6FF38282-13A7", "__tag__:__path__": "/home/fengyan/Server/kbengine/assets/logs/logger_cellapp.log", "__tag__:__receive_time__": "1786125218", "__tag__:__user_defined_id__": "erce", "__topic__": "", "component": "800005", "content": "   DEBUG    cellapp37 1000 800005  [2026-08-08 01:53:38 345] - Avatar::changeToGhost(): 114073, realCell=800017, spaceID=367, position=(469.527,166.11,285.034).", "levelInt": "1000", "logLevel": "DEBUG", "message": "Avatar::changeToGhost(): 114073, realCell=800017, spaceID=367, position=(469.527,166.11,285.034).", "process": "cellapp37", "thredRef": "", "time": "2026-08-08 01:53:38 345"}

===== [2026-08-11 19:48:09] query='changeToGhost and 114073' range=2026-08-08 01:50:25 ~ 2026-08-08 01:55:25 page=2 =====

===== [2026-08-11 19:48:10] query='changeToGhost and 114073' range=2026-08-08 01:50:25 ~ 2026-08-08 01:55:25 page=3 =====

===== [2026-08-11 19:48:11] query='changeToGhost and 114073' range=2026-08-08 01:50:25 ~ 2026-08-08 01:55:25 page=4 =====

===== [2026-08-11 19:48:12] query='changeToGhost and 114073' range=2026-08-08 01:50:25 ~ 2026-08-08 01:55:25 page=3 =====

===== [2026-08-11 19:48:12] query='changeToGhost and 114073' range=2026-08-08 01:50:25 ~ 2026-08-08 01:55:25 page=2 =====

===== [2026-08-11 19:48:13] query='changeToGhost and 114073' range=2026-08-08 01:50:25 ~ 2026-08-08 01:55:25 page=1 =====
{"__tag__:__client_ip__": "8.136.51.6", "__tag__:__hostname__": "game10001", "__tag__:__pack_id__": "5D46BC1D6FF38282-11BB", "__tag__:__path__": "/home/fengyan/Server/kbengine/assets/logs/logger_cellapp.log", "__tag__:__receive_time__": "1786125056", "__tag__:__user_defined_id__": "erce", "__topic__": "", "component": "800028", "content": "   DEBUG    cellapp09 1000 800028  [2026-08-08 01:50:56 423] - Avatar::changeToGhost(): 114073, realCell=800001, spaceID=1720, position=(572.896,128.893,164.792).", "levelInt": "1000", "logLevel": "DEBUG", "message": "Avatar::changeToGhost(): 114073, realCell=800001, spaceID=1720, position=(572.896,128.893,164.792).", "process": "cellapp09", "thredRef": "", "time": "2026-08-08 01:50:56 423"}
{"__tag__:__client_ip__": "8.136.51.6", "__tag__:__hostname__": "game10001", "__tag__:__pack_id__": "5D46BC1D6FF38282-11EA", "__tag__:__path__": "/home/fengyan/Server/kbengine/assets/logs/logger_cellapp.log", "__tag__:__receive_time__": "1786125072", "__tag__:__user_defined_id__": "erce", "__topic__": "", "component": "800001", "content": "   DEBUG    cellapp02 1000 800001  [2026-08-08 01:51:12 254] - Avatar::changeToGhost(): 114073, realCell=800005, spaceID=1710, position=(296.832,0.419343,248.537).", "levelInt": "1000", "logLevel": "DEBUG", "message": "Avatar::changeToGhost(): 114073, realCell=800005, spaceID=1710, position=(296.832,0.419343,248.537).", "process": "cellapp02", "thredRef": "", "time": "2026-08-08 01:51:12 254"}
{"__tag__:__client_ip__": "8.136.51.6", "__tag__:__hostname__": "game10001", "__tag__:__pack_id__": "5D46BC1D6FF38282-13A7", "__tag__:__path__": "/home/fengyan/Server/kbengine/assets/logs/logger_cellapp.log", "__tag__:__receive_time__": "1786125218", "__tag__:__user_defined_id__": "erce", "__topic__": "", "component": "800005", "content": "   DEBUG    cellapp37 1000 800005  [2026-08-08 01:53:38 345] - Avatar::changeToGhost(): 114073, realCell=800017, spaceID=367, position=(469.527,166.11,285.034).", "levelInt": "1000", "logLevel": "DEBUG", "message": "Avatar::changeToGhost(): 114073, realCell=800017, spaceID=367, position=(469.527,166.11,285.034).", "process": "cellapp37", "thredRef": "", "time": "2026-08-08 01:53:38 345"}

===== [2026-08-11 19:48:15] query='changeToGhost and 114073' range=2026-08-08 01:50:25 ~ 2026-08-08 01:55:25 page=2 =====

===== [2026-08-11 19:48:16] query='changeToGhost and 114073' range=2026-08-08 01:50:25 ~ 2026-08-08 01:55:25 page=1 =====
{"__tag__:__client_ip__": "8.136.51.6", "__tag__:__hostname__": "game10001", "__tag__:__pack_id__": "5D46BC1D6FF38282-11BB", "__tag__:__path__": "/home/fengyan/Server/kbengine/assets/logs/logger_cellapp.log", "__tag__:__receive_time__": "1786125056", "__tag__:__user_defined_id__": "erce", "__topic__": "", "component": "800028", "content": "   DEBUG    cellapp09 1000 800028  [2026-08-08 01:50:56 423] - Avatar::changeToGhost(): 114073, realCell=800001, spaceID=1720, position=(572.896,128.893,164.792).", "levelInt": "1000", "logLevel": "DEBUG", "message": "Avatar::changeToGhost(): 114073, realCell=800001, spaceID=1720, position=(572.896,128.893,164.792).", "process": "cellapp09", "thredRef": "", "time": "2026-08-08 01:50:56 423"}
{"__tag__:__client_ip__": "8.136.51.6", "__tag__:__hostname__": "game10001", "__tag__:__pack_id__": "5D46BC1D6FF38282-11EA", "__tag__:__path__": "/home/fengyan/Server/kbengine/assets/logs/logger_cellapp.log", "__tag__:__receive_time__": "1786125072", "__tag__:__user_defined_id__": "erce", "__topic__": "", "component": "800001", "content": "   DEBUG    cellapp02 1000 800001  [2026-08-08 01:51:12 254] - Avatar::changeToGhost(): 114073, realCell=800005, spaceID=1710, position=(296.832,0.419343,248.537).", "levelInt": "1000", "logLevel": "DEBUG", "message": "Avatar::changeToGhost(): 114073, realCell=800005, spaceID=1710, position=(296.832,0.419343,248.537).", "process": "cellapp02", "thredRef": "", "time": "2026-08-08 01:51:12 254"}
{"__tag__:__client_ip__": "8.136.51.6", "__tag__:__hostname__": "game10001", "__tag__:__pack_id__": "5D46BC1D6FF38282-13A7", "__tag__:__path__": "/home/fengyan/Server/kbengine/assets/logs/logger_cellapp.log", "__tag__:__receive_time__": "1786125218", "__tag__:__user_defined_id__": "erce", "__topic__": "", "component": "800005", "content": "   DEBUG    cellapp37 1000 800005  [2026-08-08 01:53:38 345] - Avatar::changeToGhost(): 114073, realCell=800017, spaceID=367, position=(469.527,166.11,285.034).", "levelInt": "1000", "logLevel": "DEBUG", "message": "Avatar::changeToGhost(): 114073, realCell=800017, spaceID=367, position=(469.527,166.11,285.034).", "process": "cellapp37", "thredRef": "", "time": "2026-08-08 01:53:38 345"}

